  0
SECTION
  2
HEADER
  9
$ACADVER
  1
AC1027
  9
$ACADMAINTVER
 70
   125
  9
$DWGCODEPAGE
  3
ANSI_1252
  9
$LASTSAVEDBY
  1
kaley
  9
$REQUIREDVERSIONS
160
                 0
  9
$INSBASE
 10
0.0
 20
0.0
 30
0.0
  9
$EXTMIN
 10
-244.35282
 20
-366.488406
 30
0.0
  9
$EXTMAX
 10
551.16791
 20
721.213757
 30
0.0
  9
$LIMMIN
 10
0.0
 20
0.0
  9
$LIMMAX
 10
420.0
 20
297.0
  9
$ORTHOMODE
 70
     0
  9
$REGENMODE
 70
     1
  9
$FILLMODE
 70
     1
  9
$QTEXTMODE
 70
     0
  9
$MIRRTEXT
 70
     0
  9
$LTSCALE
 40
0.75
  9
$ATTMODE
 70
     1
  9
$TEXTSIZE
 40
3.5
  9
$TRACEWID
 40
1.0
  9
$TEXTSTYLE
  7
Standard
  9
$CLAYER
  8
0
  9
$CELTYPE
  6
ByLayer
  9
$CECOLOR
 62
   256
  9
$CELTSCALE
 40
1.0
  9
$DISPSILH
 70
     0
  9
$DIMSCALE
 40
1.0
  9
$DIMASZ
 40
3.5
  9
$DIMEXO
 40
2.1
  9
$DIMDLI
 40
10.5
  9
$DIMRND
 40
0.0
  9
$DIMDLE
 40
0.0
  9
$DIMEXE
 40
2.1
  9
$DIMTP
 40
0.1
  9
$DIMTM
 40
0.1
  9
$DIMTXT
 40
3.5
  9
$DIMCEN
 40
0.0
  9
$DIMTSZ
 40
0.0
  9
$DIMTOL
 70
     0
  9
$DIMLIM
 70
     0
  9
$DIMTIH
 70
     0
  9
$DIMTOH
 70
     0
  9
$DIMSE1
 70
     0
  9
$DIMSE2
 70
     0
  9
$DIMTAD
 70
     1
  9
$DIMZIN
 70
    12
  9
$DIMBLK
  1

  9
$DIMASO
 70
     1
  9
$DIMSHO
 70
     1
  9
$DIMPOST
  1

  9
$DIMAPOST
  1

  9
$DIMALT
 70
     0
  9
$DIMALTD
 70
     2
  9
$DIMALTF
 40
0.03937
  9
$DIMLFAC
 40
1.0
  9
$DIMTOFL
 70
     1
  9
$DIMTVP
 40
0.0
  9
$DIMTIX
 70
     0
  9
$DIMSOXD
 70
     0
  9
$DIMSAH
 70
     0
  9
$DIMBLK1
  1

  9
$DIMBLK2
  1

  9
$DIMSTYLE
  2
Dim-ISO-25
  9
$DIMCLRD
 70
     0
  9
$DIMCLRE
 70
     0
  9
$DIMCLRT
 70
     0
  9
$DIMTFAC
 40
0.714286
  9
$DIMGAP
 40
1.4
  9
$DIMJUST
 70
     0
  9
$DIMSD1
 70
     0
  9
$DIMSD2
 70
     0
  9
$DIMTOLJ
 70
     0
  9
$DIMTZIN
 70
    12
  9
$DIMALTZ
 70
    12
  9
$DIMALTTZ
 70
    12
  9
$DIMUPT
 70
     0
  9
$DIMDEC
 70
     2
  9
$DIMTDEC
 70
     2
  9
$DIMALTU
 70
     2
  9
$DIMALTTD
 70
     2
  9
$DIMTXSTY
  7
Standard
  9
$DIMAUNIT
 70
     0
  9
$DIMADEC
 70
     2
  9
$DIMALTRND
 40
0.0
  9
$DIMAZIN
 70
     3
  9
$DIMDSEP
 70
    46
  9
$DIMATFIT
 70
     3
  9
$DIMFRAC
 70
     0
  9
$DIMLDRBLK
  1

  9
$DIMLUNIT
 70
     2
  9
$DIMLWD
 70
    -2
  9
$DIMLWE
 70
    -2
  9
$DIMTMOVE
 70
     0
  9
$DIMFXL
 40
1.0
  9
$DIMFXLON
 70
     0
  9
$DIMJOGANG
 40
0.785398
  9
$DIMTFILL
 70
     0
  9
$DIMTFILLCLR
 70
     0
  9
$DIMARCSYM
 70
     0
  9
$DIMLTYPE
  6

  9
$DIMLTEX1
  6

  9
$DIMLTEX2
  6

  9
$DIMTXTDIRECTION
 70
     0
  9
$LUNITS
 70
     2
  9
$LUPREC
 70
     4
  9
$SKETCHINC
 40
1.0
  9
$FILLETRAD
 40
0.0
  9
$AUNITS
 70
     0
  9
$AUPREC
 70
     0
  9
$MENU
  1
.
  9
$ELEVATION
 40
0.0
  9
$PELEVATION
 40
0.0
  9
$THICKNESS
 40
0.0
  9
$LIMCHECK
 70
     0
  9
$CHAMFERA
 40
0.0
  9
$CHAMFERB
 40
0.0
  9
$CHAMFERC
 40
0.0
  9
$CHAMFERD
 40
0.0
  9
$SKPOLY
 70
     0
  9
$TDCREATE
 40
2461105.556446759
  9
$TDUCREATE
 40
2461105.514780093
  9
$TDUPDATE
 40
2461105.556446759
  9
$TDUUPDATE
 40
2461105.514780093
  9
$TDINDWG
 40
0.0000000000
  9
$TDUSRTIMER
 40
0.0000000000
  9
$USRTIMER
 70
     1
  9
$ANGBASE
 50
0.0
  9
$ANGDIR
 70
     0
  9
$PDMODE
 70
     0
  9
$PDSIZE
 40
0.0
  9
$PLINEWID
 40
0.0
  9
$SPLFRAME
 70
     0
  9
$SPLINETYPE
 70
     6
  9
$SPLINESEGS
 70
     8
  9
$HANDSEED
  5
338
  9
$SURFTAB1
 70
     6
  9
$SURFTAB2
 70
     6
  9
$SURFTYPE
 70
     6
  9
$SURFU
 70
     6
  9
$SURFV
 70
     6
  9
$UCSBASE
  2

  9
$UCSNAME
  2

  9
$UCSORG
 10
0.0
 20
0.0
 30
0.0
  9
$UCSXDIR
 10
1.0
 20
0.0
 30
0.0
  9
$UCSYDIR
 10
0.0
 20
1.0
 30
0.0
  9
$UCSORTHOREF
  2

  9
$UCSORTHOVIEW
 70
     0
  9
$UCSORGTOP
 10
0.0
 20
0.0
 30
0.0
  9
$UCSORGBOTTOM
 10
0.0
 20
0.0
 30
0.0
  9
$UCSORGLEFT
 10
0.0
 20
0.0
 30
0.0
  9
$UCSORGRIGHT
 10
0.0
 20
0.0
 30
0.0
  9
$UCSORGFRONT
 10
0.0
 20
0.0
 30
0.0
  9
$UCSORGBACK
 10
0.0
 20
0.0
 30
0.0
  9
$PUCSBASE
  2

  9
$PUCSNAME
  2

  9
$PUCSORG
 10
0.0
 20
0.0
 30
0.0
  9
$PUCSXDIR
 10
1.0
 20
0.0
 30
0.0
  9
$PUCSYDIR
 10
0.0
 20
1.0
 30
0.0
  9
$PUCSORTHOREF
  2

  9
$PUCSORTHOVIEW
 70
     0
  9
$PUCSORGTOP
 10
0.0
 20
0.0
 30
0.0
  9
$PUCSORGBOTTOM
 10
0.0
 20
0.0
 30
0.0
  9
$PUCSORGLEFT
 10
0.0
 20
0.0
 30
0.0
  9
$PUCSORGRIGHT
 10
0.0
 20
0.0
 30
0.0
  9
$PUCSORGFRONT
 10
0.0
 20
0.0
 30
0.0
  9
$PUCSORGBACK
 10
0.0
 20
0.0
 30
0.0
  9
$USERI1
 70
     0
  9
$USERI2
 70
     0
  9
$USERI3
 70
     0
  9
$USERI4
 70
     0
  9
$USERI5
 70
     0
  9
$USERR1
 40
0.0
  9
$USERR2
 40
0.0
  9
$USERR3
 40
0.0
  9
$USERR4
 40
0.0
  9
$USERR5
 40
0.0
  9
$WORLDVIEW
 70
     1
  9
$SHADEDGE
 70
     3
  9
$SHADEDIF
 70
    70
  9
$TILEMODE
 70
     1
  9
$MAXACTVP
 70
    64
  9
$PINSBASE
 10
0.0
 20
0.0
 30
0.0
  9
$PLIMCHECK
 70
     0
  9
$PEXTMIN
 10
1.000000E+20
 20
1.000000E+20
 30
1.000000E+20
  9
$PEXTMAX
 10
-1.000000E+20
 20
-1.000000E+20
 30
-1.000000E+20
  9
$PLIMMIN
 10
0.0
 20
0.0
  9
$PLIMMAX
 10
12.0
 20
9.0
  9
$UNITMODE
 70
     0
  9
$VISRETAIN
 70
     1
  9
$PLINEGEN
 70
     0
  9
$PSLTSCALE
 70
     1
  9
$TREEDEPTH
 70
  3020
  9
$CMLSTYLE
  2
Standard
  9
$CMLJUST
 70
     0
  9
$CMLSCALE
 40
20.0
  9
$PROXYGRAPHICS
 70
     1
  9
$MEASUREMENT
 70
     1
  9
$CELWEIGHT
370
    -1
  9
$ENDCAPS
280
     0
  9
$JOINSTYLE
280
     0
  9
$LWDISPLAY
290
     0
  9
$INSUNITS
 70
     4
  9
$HYPERLINKBASE
  1

  9
$STYLESHEET
  1

  9
$XEDIT
290
     1
  9
$CEPSNTYPE
380
     0
  9
$PSTYLEMODE
290
     1
  9
$FINGERPRINTGUID
  2
{B607B204-1DCB-684B-AE5D-9F9D578915CB}
  9
$VERSIONGUID
  2
{F6DBAA74-5A6B-2241-A964-DD59DEC6727B}
  9
$EXTNAMES
290
     1
  9
$PSVPSCALE
 40
0.0
  9
$OLESTARTUP
290
     0
  9
$SORTENTS
280
   127
  9
$INDEXCTL
280
     0
  9
$HIDETEXT
280
     1
  9
$XCLIPFRAME
280
     0
  9
$HALOGAP
280
     0
  9
$OBSCOLOR
 70
   257
  9
$OBSLTYPE
280
     0
  9
$INTERSECTIONDISPLAY
280
     0
  9
$INTERSECTIONCOLOR
 70
   257
  9
$DIMASSOC
280
     2
  9
$PROJECTNAME
  1

  9
$CAMERADISPLAY
290
     0
  9
$LENSLENGTH
 40
50.0
  9
$CAMERAHEIGHT
 40
0.0
  9
$STEPSPERSEC
 40
2.0
  9
$STEPSIZE
 40
6.0
  9
$3DDWFPREC
 40
2.0
  9
$PSOLWIDTH
 40
5.0
  9
$PSOLHEIGHT
 40
80.0
  9
$LOFTANG1
 40
1.570796
  9
$LOFTANG2
 40
1.570796
  9
$LOFTMAG1
 40
0.0
  9
$LOFTMAG2
 40
0.0
  9
$LOFTPARAM
 70
     7
  9
$LOFTNORMALS
280
     1
  9
$LATITUDE
 40
37.795
  9
$LONGITUDE
 40
-122.394
  9
$NORTHDIRECTION
 40
0.0
  9
$TIMEZONE
 70
 -8000
  9
$LIGHTGLYPHDISPLAY
280
     1
  9
$TILEMODELIGHTSYNCH
280
     1
  9
$CMATERIAL
347
11
  9
$SOLIDHIST
280
     0
  9
$SHOWHIST
280
     1
  9
$DWFFRAME
280
     2
  9
$DGNFRAME
280
     0
  9
$REALWORLDSCALE
290
     1
  9
$INTERFERECOLOR
 62
     1
  9
$INTERFEREOBJVS
345
33
  9
$INTERFEREVPVS
346
30
  9
$CSHADOW
280
     0
  9
$SHADOWPLANELOCATION
 40
0.0
  0
ENDSEC
  0
SECTION
  2
CLASSES
  0
CLASS
  1
ACDBDICTIONARYWDFLT
  2
AcDbDictionaryWithDefault
  3
ObjectDBX Classes
 90
        0
 91
        1
280
     0
281
     0
  0
CLASS
  1
MATERIAL
  2
AcDbMaterial
  3
ObjectDBX Classes
 90
     1153
 91
        3
280
     0
281
     0
  0
CLASS
  1
VISUALSTYLE
  2
AcDbVisualStyle
  3
ObjectDBX Classes
 90
     4095
 91
       24
280
     0
281
     0
  0
CLASS
  1
SCALE
  2
AcDbScale
  3
ObjectDBX Classes
 90
     1153
 91
       17
280
     0
281
     0
  0
CLASS
  1
TABLESTYLE
  2
AcDbTableStyle
  3
ObjectDBX Classes
 90
     4095
 91
        1
280
     0
281
     0
  0
CLASS
  1
MLEADERSTYLE
  2
AcDbMLeaderStyle
  3
ACDB_MLEADERSTYLE_CLASS
 90
     4095
 91
        1
280
     0
281
     0
  0
CLASS
  1
ACDBSECTIONVIEWSTYLE
  2
AcDbSectionViewStyle
  3
ObjectDBX Classes
 90
     1025
 91
        1
280
     0
281
     0
  0
CLASS
  1
ACDBDETAILVIEWSTYLE
  2
AcDbDetailViewStyle
  3
ObjectDBX Classes
 90
     1025
 91
        1
280
     0
281
     0
  0
CLASS
  1
ACMESCOPE
  2
AcMeScope
  3
AcMeServices
 90
     1024
 91
        1
280
     0
281
     0
  0
CLASS
  1
ACMECOMMANDHISTORY
  2
AcMeCommandHistory
  3
AcMeServices
 90
     1024
 91
        1
280
     0
281
     0
  0
CLASS
  1
ACIMSYSVARMAN
  2
AcImSysVarManager
  3
AcMeServices
 90
     1024
 91
        1
280
     0
281
     0
  0
CLASS
  1
ACIMINTSYSVAR
  2
AcImIntSysVar
  3
AcMeServices
 90
     1024
 91
        1
280
     0
281
     0
  0
CLASS
  1
ACMESTATEMGR
  2
AcMeStateMgr
  3
AcMeServices
 90
     1024
 91
        1
280
     0
281
     0
  0
CLASS
  1
ACGREFMASTER
  2
AcGrefMaster
  3
AcAttribServices
 90
     1024
 91
        1
280
     0
281
     0
  0
CLASS
  1
SORTENTSTABLE
  2
AcDbSortentsTable
  3
ObjectDBX Classes
 90
        0
 91
        1
280
     0
281
     0
  0
CLASS
  1
DICTIONARYVAR
  2
AcDbDictionaryVar
  3
ObjectDBX Classes
 90
        0
 91
        6
280
     0
281
     0
  0
CLASS
  1
CELLSTYLEMAP
  2
AcDbCellStyleMap
  3
ObjectDBX Classes
 90
     1152
 91
        1
280
     0
281
     0
  0
ENDSEC
  0
SECTION
  2
TABLES
  0
TABLE
  2
VPORT
  5
8
330
0
100
AcDbSymbolTable
 70
     1
1001
ACAD
1000
DbSaveVer
1071
      428
  0
VPORT
  5
57
330
8
100
AcDbSymbolTableRecord
100
AcDbViewportTableRecord
  2
*Active
 70
     0
 10
0.0
 20
0.0
 11
1.0
 21
1.0
 12
153.407545
 22
177.362676
 13
0.0
 23
0.0
 14
0.5
 24
0.5
 15
0.0
 25
0.0
 16
0.0
 26
0.0
 36
1.0
 17
0.0
 27
0.0
 37
0.0
 40
1087.702163
 41
1.580042
 42
50.0
 43
0.0
 44
0.0
 50
0.0
 51
0.0
 71
     0
 72
 20000
 73
     1
 74
     0
 75
     0
 76
     0
 77
     0
 78
     0
281
     0
 65
     1
110
0.0
120
0.0
130
0.0
111
1.0
121
0.0
131
0.0
112
0.0
122
1.0
132
0.0
 79
     0
146
0.0
348
2F
 60
     3
 61
     5
292
     1
282
     1
141
0.0
142
0.0
 63
   250
421
  3355443
  0
ENDTAB
  0
TABLE
  2
LTYPE
  5
5
330
0
100
AcDbSymbolTable
 70
    14
  0
LTYPE
  5
5B
330
5
100
AcDbSymbolTableRecord
100
AcDbLinetypeTableRecord
  2
ByBlock
 70
     0
  3

 72
    65
 73
     0
 40
0.0
  0
LTYPE
  5
5C
330
5
100
AcDbSymbolTableRecord
100
AcDbLinetypeTableRecord
  2
ByLayer
 70
     0
  3

 72
    65
 73
     0
 40
0.0
  0
LTYPE
  5
5D
330
5
100
AcDbSymbolTableRecord
100
AcDbLinetypeTableRecord
  2
Continuous
 70
     0
  3
Solid line
 72
    65
 73
     0
 40
0.0
  0
LTYPE
  5
81
330
5
100
AcDbSymbolTableRecord
100
AcDbLinetypeTableRecord
  2
HIDDEN
 70
     0
  3
Hidden __ __ __ __ __ __ __ __ __ __ __ __ __ _
 72
    65
 73
     2
 40
9.525
 49
6.35
 74
     0
 49
-3.175
 74
     0
  0
LTYPE
  5
82
330
5
100
AcDbSymbolTableRecord
100
AcDbLinetypeTableRecord
  2
PHANTOM2
 70
     0
  3
Phantom (.5x) ___ _ _ ___ _ _ ___ _ _ ___ _ _
 72
    65
 73
     6
 40
31.75
 49
15.875
 74
     0
 49
-3.175
 74
     0
 49
3.175
 74
     0
 49
-3.175
 74
     0
 49
3.175
 74
     0
 49
-3.175
 74
     0
  0
LTYPE
  5
83
330
5
100
AcDbSymbolTableRecord
100
AcDbLinetypeTableRecord
  2
CENTER
 70
     0
  3
Center ____ _ ____ _ ____ _ ____ _ ____ _ ____
 72
    65
 73
     4
 40
50.8
 49
31.75
 74
     0
 49
-6.35
 74
     0
 49
6.35
 74
     0
 49
-6.35
 74
     0
  0
LTYPE
  5
96
330
5
100
AcDbSymbolTableRecord
100
AcDbLinetypeTableRecord
  2
AM_ISO02W050
 70
     0
  3
__ __ __ __ __ __ __ __ __ __ __ __ __ __ __
 72
    65
 73
     2
 40
7.5
 49
6.0
 74
     0
 49
-1.5
 74
     0
  0
LTYPE
  5
97
330
5
100
AcDbSymbolTableRecord
100
AcDbLinetypeTableRecord
  2
AM_ISO08W050
 70
     0
  3
____ . ____ . ____ . ____ . ____ . ____ . ____
 72
    65
 73
     4
 40
18.0
 49
12.0
 74
     0
 49
-1.5
 74
     0
 49
3.0
 74
     0
 49
-1.5
 74
     0
  0
LTYPE
  5
98
330
5
100
AcDbSymbolTableRecord
100
AcDbLinetypeTableRecord
  2
AM_ISO09W050
 70
     0
  3
_____ . . _____ . . _____ . . ____ .. ____
 72
    65
 73
     6
 40
22.5
 49
12.0
 74
     0
 49
-1.5
 74
     0
 49
3.0
 74
     0
 49
-1.5
 74
     0
 49
3.0
 74
     0
 49
-1.5
 74
     0
  0
LTYPE
  5
99
330
5
100
AcDbSymbolTableRecord
100
AcDbLinetypeTableRecord
  2
Amconstr
 70
     0
  3
_______________________
 72
    65
 73
     2
 40
9999.0
 49
9999.0
 74
     0
 49
0.0
 74
     0
  0
LTYPE
  5
9A
330
5
100
AcDbSymbolTableRecord
100
AcDbLinetypeTableRecord
  2
AM_ISO08W050x2
 70
     0
  3
__ . __ . __ . __ . __ . __
 72
    65
 73
     4
 40
9.0
 49
6.0
 74
     0
 49
-0.75
 74
     0
 49
1.5
 74
     0
 49
-0.75
 74
     0
  0
LTYPE
  5
9B
330
5
100
AcDbSymbolTableRecord
100
AcDbLinetypeTableRecord
  2
AM_ISO02W050x2
 70
     0
  3
 _ _ _ _ _ _ _ _ _ _ _ _
 72
    65
 73
     2
 40
3.75
 49
3.0
 74
     0
 49
-0.75
 74
     0
  0
LTYPE
  5
9C
330
5
100
AcDbSymbolTableRecord
100
AcDbLinetypeTableRecord
  2
Amzigzag
 70
     0
  3
/\/-/\/-/\/-/\/-/\/-/\/
 72
    65
 73
     2
 40
11.0001
 49
0.0001
 74
     4
 75
   136
340
93
 46
0.04
 50
0.0
 44
0.0
 45
0.0
 49
-11.0
 74
     0
  0
LTYPE
  5
9D
330
5
100
AcDbSymbolTableRecord
100
AcDbLinetypeTableRecord
  2
ACISOWELD
 70
     0
  3
_ _ _ _ _
 72
    65
 73
     2
 40
2.0
 49
2.0
 74
     0
 49
-1.0
 74
     0
  0
LTYPE
  5
9E
330
5
100
AcDbSymbolTableRecord
100
AcDbLinetypeTableRecord
  2
ACISOTGL
 70
     0
  3
_ _ _ _ _
 72
    65
 73
     2
 40
3.0
 49
2.0
 74
     0
 49
-1.0
 74
     0
  0
LTYPE
  5
9F
330
5
100
AcDbSymbolTableRecord
100
AcDbLinetypeTableRecord
  2
ACISOTGB
 70
     0
  3
__ . . __ . .
 72
    65
 73
     6
 40
9.0
 49
4.0
 74
     0
 49
-1.0
 74
     0
 49
1.0
 74
     0
 49
-1.0
 74
     0
 49
1.0
 74
     0
 49
-1.0
 74
     0
  0
ENDTAB
  0
TABLE
  2
LAYER
  5
2
330
0
100
AcDbSymbolTable
 70
     4
  0
LAYER
  5
54
330
2
100
AcDbSymbolTableRecord
100
AcDbLayerTableRecord
  2
0
 70
     0
 62
     7
  6
Continuous
370
    -3
390
F
347
21
348
0
1001
AcAecLayerStandard
1000

1000

  0
LAYER
  5
79
330
2
100
AcDbSymbolTableRecord
100
AcDbLayerTableRecord
  2
Defpoints
 70
     0
 62
     7
  6
Continuous
290
     0
370
    -3
390
F
347
21
348
0
1001
AcAecLayerStandard
1000

1000

  0
LAYER
  5
AB
330
2
100
AcDbSymbolTableRecord
100
AcDbLayerTableRecord
  2
Visible
 70
     0
 62
     7
  6
Continuous
370
    50
390
F
347
21
348
0
  0
ENDTAB
  0
TABLE
  2
STYLE
  5
3
330
0
100
AcDbSymbolTable
 70
     5
  0
STYLE
  5
55
330
3
100
AcDbSymbolTableRecord
100
AcDbTextStyleTableRecord
  2
Standard
 70
     0
 40
0.0
 41
1.0
 50
0.0
 71
     0
 42
3.5
  3
arial.ttf
  4

1001
ACAD
1000
Arial
1071
       34
  0
STYLE
  5
5A
330
3
100
AcDbSymbolTableRecord
100
AcDbTextStyleTableRecord
  2
Annotative
 70
     0
 40
0.0
 41
1.0
 50
0.0
 71
     0
 42
0.2
  3
txt
  4

1001
AcadAnnotative
1000
AnnotativeData
1002
{
1070
     1
1070
     1
1002
}
  0
STYLE
  5
92
330
3
100
AcDbSymbolTableRecord
100
AcDbTextStyleTableRecord
  2
FusionTitle
 70
     0
 40
0.0
 41
1.0
 50
0.0
 71
     0
 42
2.5
  3
arial.ttf
  4

1001
ACAD
1000
Arial
1071
       34
  0
STYLE
  5
93
330
3
100
AcDbSymbolTableRecord
100
AcDbTextStyleTableRecord
  2

 70
     1
 40
0.0
 41
1.0
 50
0.0
 71
     0
 42
10.0
  3
genltshp.shx
  4

  0
STYLE
  5
94
330
3
100
AcDbSymbolTableRecord
100
AcDbTextStyleTableRecord
  2
ACISOGDT
 70
     0
 40
0.0
 41
1.0
 50
0.0
 71
     0
 42
10.0
  3
amgdt.shx
  4

  0
ENDTAB
  0
TABLE
  2
VIEW
  5
6
330
0
100
AcDbSymbolTable
 70
     0
  0
ENDTAB
  0
TABLE
  2
UCS
  5
7
330
0
100
AcDbSymbolTable
 70
     0
  0
ENDTAB
  0
TABLE
  2
APPID
  5
9
330
0
100
AcDbSymbolTable
 70
    19
  0
APPID
  5
56
330
9
100
AcDbSymbolTableRecord
100
AcDbRegAppTableRecord
  2
ACAD
 70
     0
  0
APPID
  5
5E
330
9
100
AcDbSymbolTableRecord
100
AcDbRegAppTableRecord
  2
AcadAnnotative
 70
     0
  0
APPID
  5
78
330
9
100
AcDbSymbolTableRecord
100
AcDbRegAppTableRecord
  2
ACAD_PSEXT
 70
     0
  0
APPID
  5
7A
330
9
100
AcDbSymbolTableRecord
100
AcDbRegAppTableRecord
  2
MCAD_NO_VIS
 70
     0
  0
APPID
  5
7B
330
9
100
AcDbSymbolTableRecord
100
AcDbRegAppTableRecord
  2
ACAD_TEMP_GRAPHIC
 70
     0
  0
APPID
  5
84
330
9
100
AcDbSymbolTableRecord
100
AcDbRegAppTableRecord
  2
ACAD_DSTYLE_DIMJAG
 70
     0
  0
APPID
  5
85
330
9
100
AcDbSymbolTableRecord
100
AcDbRegAppTableRecord
  2
ACAD_DSTYLE_DIMTALN
 70
     0
  0
APPID
  5
86
330
9
100
AcDbSymbolTableRecord
100
AcDbRegAppTableRecord
  2
ACAD_NAV_VCDISPLAY
 70
     0
  0
APPID
  5
87
330
9
100
AcDbSymbolTableRecord
100
AcDbRegAppTableRecord
  2
AcAecLayerStandard
 70
     0
  0
APPID
  5
88
330
9
100
AcDbSymbolTableRecord
100
AcDbRegAppTableRecord
  2
AcCmTransparency
 70
     0
  0
APPID
  5
89
330
9
100
AcDbSymbolTableRecord
100
AcDbRegAppTableRecord
  2
AcDbDynamicBlockGUID
 70
     0
  0
APPID
  5
8A
330
9
100
AcDbSymbolTableRecord
100
AcDbRegAppTableRecord
  2
ACAD_DSTYLE_DIMBREAK
 70
     0
  0
APPID
  5
8B
330
9
100
AcDbSymbolTableRecord
100
AcDbRegAppTableRecord
  2
FUSIONTITLEBLOCK
 70
     0
  0
APPID
  5
8C
330
9
100
AcDbSymbolTableRecord
100
AcDbRegAppTableRecord
  2
FUSIONCURRENTTITLEBLOCK
 70
     0
  0
APPID
  5
8D
330
9
100
AcDbSymbolTableRecord
100
AcDbRegAppTableRecord
  2
AcSynergy
 70
     0
  0
APPID
  5
8E
330
9
100
AcDbSymbolTableRecord
100
AcDbRegAppTableRecord
  2
GENIUS_GENSCREG_15
 70
     0
  0
APPID
  5
8F
330
9
100
AcDbSymbolTableRecord
100
AcDbRegAppTableRecord
  2
GENIUS_GENOBJ-N-SDF_13
 70
     0
  0
APPID
  5
90
330
9
100
AcDbSymbolTableRecord
100
AcDbRegAppTableRecord
  2
GENIUS_GENODEF_13
 70
     0
  0
APPID
  5
91
330
9
100
AcDbSymbolTableRecord
100
AcDbRegAppTableRecord
  2
ACATTRIBSERVICES
 70
     0
  0
ENDTAB
  0
TABLE
  2
DIMSTYLE
  5
A
330
0
100
AcDbSymbolTable
 70
     4
100
AcDbDimStyleTable
 71
     1
340
A3
  0
DIMSTYLE
105
58
330
A
100
AcDbSymbolTableRecord
100
AcDbDimStyleTableRecord
  2
Standard
 70
     0
 41
3.5
 42
2.1
 43
10.5
 44
2.1
 78
    12
 79
     3
140
3.5
143
0.03937
146
0.714286
147
1.4
179
     2
271
     2
272
     2
284
    12
340
55
  0
DIMSTYLE
105
59
330
A
100
AcDbSymbolTableRecord
100
AcDbDimStyleTableRecord
  2
Annotative
 70
     0
 40
0.0
 41
3.5
 42
2.1
 43
10.5
 44
2.1
 73
     0
 74
     0
 77
     1
 78
    12
 79
     3
140
3.5
141
2.5
143
0.03937
146
0.714286
147
1.4
171
     3
172
     1
179
     2
271
     2
272
     2
274
     3
278
    44
283
     0
284
    12
340
55
1001
AcadAnnotative
1000
AnnotativeData
1002
{
1070
     1
1070
     1
1002
}
  0
DIMSTYLE
105
A2
330
A
100
AcDbSymbolTableRecord
100
AcDbDimStyleTableRecord
  2
ISO-25
 70
     0
  4
in
 41
3.5
 42
2.1
 43
10.5
 44
2.1
 47
0.1
 48
0.1
 73
     0
 74
     0
 77
     1
 78
    12
 79
     3
140
3.5
141
0.0
143
0.03937
146
0.714286
147
1.4
171
     4
172
     1
176
   256
177
   256
178
   256
179
     2
271
     2
272
     2
274
     4
283
     0
284
    12
285
     8
340
55
1001
ACAD_DSTYLE_DIMJAG
1070
   388
1040
1.5
1001
ACAD_DSTYLE_DIMTALN
1070
   392
1070
     1
1001
ACAD_DSTYLE_DIMBREAK
1070
   391
1040
3.5
  0
DIMSTYLE
105
A3
330
A
100
AcDbSymbolTableRecord
100
AcDbDimStyleTableRecord
  2
Dim-ISO-25
 70
     0
 41
3.5
 42
2.1
 43
10.5
 44
2.1
 47
0.1
 48
0.1
 73
     0
 74
     0
 77
     1
 78
    12
 79
     3
140
3.5
141
0.0
143
0.03937
146
0.714286
147
1.4
172
     1
179
     2
271
     2
272
     2
283
     0
284
    12
285
    12
286
    12
340
55
1001
ACAD_DSTYLE_DIMJAG
1070
   388
1040
1.5
1001
ACAD_DSTYLE_DIMTALN
1070
   392
1070
     1
1001
ACAD_DSTYLE_DIMBREAK
1070
   391
1040
3.5
  0
ENDTAB
  0
TABLE
  2
BLOCK_RECORD
  5
1
330
0
100
AcDbSymbolTable
 70
     2
  0
BLOCK_RECORD
  5
70
102
{ACAD_XDICTIONARY
360
A4
102
}
330
1
100
AcDbSymbolTableRecord
100
AcDbBlockTableRecord
  2
*Model_Space
340
73
 70
     0
280
     1
281
     0
  0
BLOCK_RECORD
  5
6C
330
1
100
AcDbSymbolTableRecord
100
AcDbBlockTableRecord
  2
*Paper_Space
340
6F
 70
     0
280
     1
281
     0
  0
BLOCK_RECORD
  5
74
330
1
100
AcDbSymbolTableRecord
100
AcDbBlockTableRecord
  2
*Paper_Space0
340
77
 70
     0
280
     1
281
     0
  0
ENDTAB
  0
ENDSEC
  0
SECTION
  2
BLOCKS
  0
BLOCK
  5
71
330
70
100
AcDbEntity
  8
0
100
AcDbBlockBegin
  2
*Model_Space
 70
     0
 10
0.0
 20
0.0
 30
0.0
  3
*Model_Space
  1

  0
ENDBLK
  5
72
330
70
100
AcDbEntity
  8
0
100
AcDbBlockEnd
  0
BLOCK
  5
6D
330
6C
100
AcDbEntity
 67
     1
  8
0
100
AcDbBlockBegin
  2
*Paper_Space
 70
     0
 10
0.0
 20
0.0
 30
0.0
  3
*Paper_Space
  1

  0
ENDBLK
  5
6E
330
6C
100
AcDbEntity
 67
     1
  8
0
100
AcDbBlockEnd
  0
BLOCK
  5
75
330
74
100
AcDbEntity
 67
     1
  8
0
100
AcDbBlockBegin
  2
*Paper_Space0
 70
     0
 10
0.0
 20
0.0
 30
0.0
  3
*Paper_Space0
  1

  0
ENDBLK
  5
76
330
74
100
AcDbEntity
 67
     1
  8
0
100
AcDbBlockEnd
  0
ENDSEC
  0
SECTION
  2
ENTITIES
  0
LINE
  5
1EB
330
70
100
AcDbEntity
  8
Visible
100
AcDbLine
 10
260.950418
 20
86.494298
 30
0.0
 11
260.950418
 21
91.494298
 31
0.0
  0
LINE
  5
1EC
330
70
100
AcDbEntity
  8
Visible
100
AcDbLine
 10
410.950418
 20
86.494298
 30
0.0
 11
260.950418
 21
86.494298
 31
0.0
  0
LINE
  5
1ED
330
70
100
AcDbEntity
  8
Visible
100
AcDbLine
 10
410.950418
 20
91.494298
 30
0.0
 11
410.950418
 21
86.494298
 31
0.0
  0
LINE
  5
1EE
330
70
100
AcDbEntity
  8
Visible
100
AcDbLine
 10
260.950418
 20
91.494298
 30
0.0
 11
410.950418
 21
91.494298
 31
0.0
  0
LINE
  5
1EF
330
70
100
AcDbEntity
  8
Visible
100
AcDbLine
 10
410.950418
 20
104.827632
 30
0.0
 11
410.950418
 21
99.827632
 31
0.0
  0
LINE
  5
1F0
330
70
100
AcDbEntity
  8
Visible
100
AcDbLine
 10
260.950418
 20
104.827632
 30
0.0
 11
410.950418
 21
104.827632
 31
0.0
  0
LINE
  5
1F1
330
70
100
AcDbEntity
  8
Visible
100
AcDbLine
 10
260.950418
 20
99.827632
 30
0.0
 11
260.950418
 21
104.827632
 31
0.0
  0
LINE
  5
1F2
330
70
100
AcDbEntity
  8
Visible
100
AcDbLine
 10
410.950418
 20
99.827632
 30
0.0
 11
260.950418
 21
99.827632
 31
0.0
  0
LINE
  5
1F3
330
70
100
AcDbEntity
  8
Visible
100
AcDbLine
 10
260.950418
 20
113.160965
 30
0.0
 11
260.950418
 21
118.160965
 31
0.0
  0
LINE
  5
1F4
330
70
100
AcDbEntity
  8
Visible
100
AcDbLine
 10
410.950418
 20
113.160965
 30
0.0
 11
260.950418
 21
113.160965
 31
0.0
  0
LINE
  5
1F5
330
70
100
AcDbEntity
  8
Visible
100
AcDbLine
 10
410.950418
 20
118.160965
 30
0.0
 11
410.950418
 21
113.160965
 31
0.0
  0
LINE
  5
1F6
330
70
100
AcDbEntity
  8
Visible
100
AcDbLine
 10
260.950418
 20
118.160965
 30
0.0
 11
410.950418
 21
118.160965
 31
0.0
  0
LINE
  5
1F7
330
70
100
AcDbEntity
  8
Visible
100
AcDbLine
 10
410.950418
 20
126.494298
 30
0.0
 11
260.950418
 21
126.494298
 31
0.0
  0
LINE
  5
1F8
330
70
100
AcDbEntity
  8
Visible
100
AcDbLine
 10
410.950418
 20
131.494298
 30
0.0
 11
410.950418
 21
126.494298
 31
0.0
  0
LINE
  5
1F9
330
70
100
AcDbEntity
  8
Visible
100
AcDbLine
 10
260.950418
 20
131.494298
 30
0.0
 11
410.950418
 21
131.494298
 31
0.0
  0
LINE
  5
1FA
330
70
100
AcDbEntity
  8
Visible
100
AcDbLine
 10
260.950418
 20
126.494298
 30
0.0
 11
260.950418
 21
131.494298
 31
0.0
  0
LINE
  5
1FB
330
70
100
AcDbEntity
  8
Visible
100
AcDbLine
 10
419.450418
 20
256.519736
 30
0.0
 11
407.450418
 21
256.519736
 31
0.0
  0
LINE
  5
1FC
330
70
100
AcDbEntity
  8
Visible
100
AcDbLine
 10
419.450418
 20
275.519736
 30
0.0
 11
419.450418
 21
256.519736
 31
0.0
  0
LINE
  5
1FD
330
70
100
AcDbEntity
  8
Visible
100
AcDbLine
 10
407.450418
 20
275.519736
 30
0.0
 11
419.450418
 21
275.519736
 31
0.0
  0
LINE
  5
1FE
330
70
100
AcDbEntity
  8
Visible
100
AcDbLine
 10
407.450418
 20
256.519736
 30
0.0
 11
407.450418
 21
275.519736
 31
0.0
  0
LINE
  5
1FF
330
70
100
AcDbEntity
  8
Visible
100
AcDbLine
 10
405.950418
 20
325.519736
 30
0.0
 11
395.950418
 21
325.519736
 31
0.0
  0
LINE
  5
200
330
70
100
AcDbEntity
  8
Visible
100
AcDbLine
 10
405.950418
 20
331.519736
 30
0.0
 11
405.950418
 21
325.519736
 31
0.0
  0
LINE
  5
201
330
70
100
AcDbEntity
  8
Visible
100
AcDbLine
 10
420.950418
 20
331.519736
 30
0.0
 11
405.950418
 21
331.519736
 31
0.0
  0
LINE
  5
202
330
70
100
AcDbEntity
  8
Visible
100
AcDbLine
 10
420.950418
 20
325.519736
 30
0.0
 11
420.950418
 21
331.519736
 31
0.0
  0
LINE
  5
203
330
70
100
AcDbEntity
  8
Visible
100
AcDbLine
 10
430.950418
 20
325.519736
 30
0.0
 11
420.950418
 21
325.519736
 31
0.0
  0
LINE
  5
204
330
70
100
AcDbEntity
  8
Visible
100
AcDbLine
 10
430.950418
 20
25.683422
 30
0.0
 11
430.950418
 21
325.519736
 31
0.0
  0
LINE
  5
205
330
70
100
AcDbEntity
  8
Visible
100
AcDbLine
 10
400.950418
 20
25.54312
 30
0.0
 11
430.950418
 21
25.683422
 31
0.0
  0
LINE
  5
206
330
70
100
AcDbEntity
  8
Visible
100
AcDbLine
 10
400.950418
 20
19.519736
 30
0.0
 11
400.950418
 21
25.54312
 31
0.0
  0
LINE
  5
207
330
70
100
AcDbEntity
  8
Visible
100
AcDbLine
 10
365.950418
 20
19.519736
 30
0.0
 11
400.950418
 21
19.519736
 31
0.0
  0
LINE
  5
208
330
70
100
AcDbEntity
  8
Visible
100
AcDbLine
 10
365.950418
 20
25.519736
 30
0.0
 11
365.950418
 21
19.519736
 31
0.0
  0
LINE
  5
209
330
70
100
AcDbEntity
  8
Visible
100
AcDbLine
 10
310.76319
 20
25.519736
 30
0.0
 11
365.950418
 21
25.519736
 31
0.0
  0
LINE
  5
20A
330
70
100
AcDbEntity
  8
Visible
100
AcDbLine
 10
310.76319
 20
19.519736
 30
0.0
 11
310.76319
 21
25.519736
 31
0.0
  0
LINE
  5
20B
330
70
100
AcDbEntity
  8
Visible
100
AcDbLine
 10
275.76319
 20
19.519736
 30
0.0
 11
310.76319
 21
19.519736
 31
0.0
  0
LINE
  5
20C
330
70
100
AcDbEntity
  8
Visible
100
AcDbLine
 10
275.76319
 20
25.519736
 30
0.0
 11
275.76319
 21
19.519736
 31
0.0
  0
LINE
  5
20D
330
70
100
AcDbEntity
  8
Visible
100
AcDbLine
 10
245.76319
 20
25.519736
 30
0.0
 11
275.76319
 21
25.519736
 31
0.0
  0
LINE
  5
20E
330
70
100
AcDbEntity
  8
Visible
100
AcDbLine
 10
235.3443
 20
84.608201
 30
0.0
 11
245.76319
 21
25.519736
 31
0.0
  0
LINE
  5
20F
330
70
100
AcDbEntity
  8
Visible
100
AcDbLine
 10
229.435453
 20
83.566312
 30
0.0
 11
235.3443
 21
84.608201
 31
0.0
  0
LINE
  5
210
330
70
100
AcDbEntity
  8
Visible
100
AcDbLine
 10
222.489526
 20
122.958622
 30
0.0
 11
229.435453
 21
83.566312
 31
0.0
  0
LINE
  5
211
330
70
100
AcDbEntity
  8
Visible
100
AcDbLine
 10
228.398373
 20
124.000511
 30
0.0
 11
222.489526
 21
122.958622
 31
0.0
  0
LINE
  5
212
330
70
100
AcDbEntity
  8
Visible
100
AcDbLine
 10
216.353686
 20
192.309325
 30
0.0
 11
228.398373
 21
124.000511
 31
0.0
  0
LINE
  5
213
330
70
100
AcDbEntity
  8
Visible
100
AcDbLine
 10
210.444839
 20
191.267436
 30
0.0
 11
216.353686
 21
192.309325
 31
0.0
  0
LINE
  5
214
330
70
100
AcDbEntity
  8
Visible
100
AcDbLine
 10
203.498912
 20
230.659746
 30
0.0
 11
210.444839
 21
191.267436
 31
0.0
  0
LINE
  5
215
330
70
100
AcDbEntity
  8
Visible
100
AcDbLine
 10
209.407759
 20
231.701635
 30
0.0
 11
203.498912
 21
230.659746
 31
0.0
  0
LINE
  5
216
330
70
100
AcDbEntity
  8
Visible
100
AcDbLine
 10
197.946979
 20
296.698947
 30
0.0
 11
209.407759
 21
231.701635
 31
0.0
  0
LINE
  5
217
330
70
100
AcDbEntity
  8
Visible
100
AcDbLine
 10
219.612749
 20
300.519207
 30
0.0
 11
197.946979
 21
296.698947
 31
0.0
  0
LINE
  5
218
330
70
100
AcDbEntity
  8
Visible
100
AcDbLine
 10
220.654638
 20
294.61036
 30
0.0
 11
219.612749
 21
300.519207
 31
0.0
  0
LINE
  5
219
330
70
100
AcDbEntity
  8
Visible
100
AcDbLine
 10
242.812813
 20
298.517444
 30
0.0
 11
220.654638
 21
294.61036
 31
0.0
  0
LINE
  5
21A
330
70
100
AcDbEntity
  8
Visible
100
AcDbLine
 10
241.770924
 20
304.426291
 30
0.0
 11
242.812813
 21
298.517444
 31
0.0
  0
LINE
  5
21B
330
70
100
AcDbEntity
  8
Visible
100
AcDbLine
 10
263.436694
 20
308.246551
 30
0.0
 11
241.770924
 21
304.426291
 31
0.0
  0
LINE
  5
21C
330
70
100
AcDbEntity
  8
Visible
100
AcDbLine
 10
264.478583
 20
302.337704
 30
0.0
 11
263.436694
 21
308.246551
 31
0.0
  0
LINE
  5
21D
330
70
100
AcDbEntity
  8
Visible
100
AcDbLine
 10
286.636758
 20
306.244788
 30
0.0
 11
264.478583
 21
302.337704
 31
0.0
  0
LINE
  5
21E
330
70
100
AcDbEntity
  8
Visible
100
AcDbLine
 10
285.594869
 20
312.153635
 30
0.0
 11
286.636758
 21
306.244788
 31
0.0
  0
LINE
  5
21F
330
70
100
AcDbEntity
  8
Visible
100
AcDbLine
 10
307.260639
 20
315.973895
 30
0.0
 11
285.594869
 21
312.153635
 31
0.0
  0
LINE
  5
220
330
70
100
AcDbEntity
  8
Visible
100
AcDbLine
 10
308.302528
 20
310.065048
 30
0.0
 11
307.260639
 21
315.973895
 31
0.0
  0
LINE
  5
221
330
70
100
AcDbEntity
  8
Visible
100
AcDbLine
 10
330.460703
 20
313.972132
 30
0.0
 11
308.302528
 21
310.065048
 31
0.0
  0
LINE
  5
222
330
70
100
AcDbEntity
  8
Visible
100
AcDbLine
 10
329.418814
 20
319.880979
 30
0.0
 11
330.460703
 21
313.972132
 31
0.0
  0
LINE
  5
223
330
70
100
AcDbEntity
  8
Visible
100
AcDbLine
 10
351.084584
 20
323.701239
 30
0.0
 11
329.418814
 21
319.880979
 31
0.0
  0
LINE
  5
224
330
70
100
AcDbEntity
  8
Visible
100
AcDbLine
 10
352.126473
 20
317.792392
 30
0.0
 11
351.084584
 21
323.701239
 31
0.0
  0
LINE
  5
225
330
70
100
AcDbEntity
  8
Visible
100
AcDbLine
 10
374.284648
 20
321.699476
 30
0.0
 11
352.126473
 21
317.792392
 31
0.0
  0
LINE
  5
226
330
70
100
AcDbEntity
  8
Visible
100
AcDbLine
 10
373.242759
 20
327.608323
 30
0.0
 11
374.284648
 21
321.699476
 31
0.0
  0
LINE
  5
227
330
70
100
AcDbEntity
  8
Visible
100
AcDbLine
 10
394.908529
 20
331.428583
 30
0.0
 11
373.242759
 21
327.608323
 31
0.0
  0
LINE
  5
228
330
70
100
AcDbEntity
  8
Visible
100
AcDbLine
 10
395.950418
 20
325.519736
 30
0.0
 11
394.908529
 21
331.428583
 31
0.0
  0
LINE
  5
229
330
70
100
AcDbEntity
  8
Visible
100
AcDbLine
 10
430.346702
 20
-210.488406
 30
0.0
 11
430.346702
 21
-180.488406
 31
0.0
  0
LINE
  5
22A
330
70
100
AcDbEntity
  8
Visible
100
AcDbLine
 10
436.346702
 20
-210.488406
 30
0.0
 11
430.346702
 21
-210.488406
 31
0.0
  0
LINE
  5
22B
330
70
100
AcDbEntity
  8
Visible
100
AcDbLine
 10
436.346702
 20
-240.488406
 30
0.0
 11
436.346702
 21
-210.488406
 31
0.0
  0
LINE
  5
22C
330
70
100
AcDbEntity
  8
Visible
100
AcDbLine
 10
430.346702
 20
-240.488406
 30
0.0
 11
436.346702
 21
-240.488406
 31
0.0
  0
LINE
  5
22D
330
70
100
AcDbEntity
  8
Visible
100
AcDbLine
 10
430.346702
 20
-270.488406
 30
0.0
 11
430.346702
 21
-240.488406
 31
0.0
  0
LINE
  5
22E
330
70
100
AcDbEntity
  8
Visible
100
AcDbLine
 10
436.346702
 20
-270.488406
 30
0.0
 11
430.346702
 21
-270.488406
 31
0.0
  0
LINE
  5
22F
330
70
100
AcDbEntity
  8
Visible
100
AcDbLine
 10
436.346702
 20
-300.488406
 30
0.0
 11
436.346702
 21
-270.488406
 31
0.0
  0
LINE
  5
230
330
70
100
AcDbEntity
  8
Visible
100
AcDbLine
 10
430.346702
 20
-300.488406
 30
0.0
 11
436.346702
 21
-300.488406
 31
0.0
  0
LINE
  5
231
330
70
100
AcDbEntity
  8
Visible
100
AcDbLine
 10
430.346702
 20
-330.488406
 30
0.0
 11
430.346702
 21
-300.488406
 31
0.0
  0
LINE
  5
232
330
70
100
AcDbEntity
  8
Visible
100
AcDbLine
 10
436.346702
 20
-330.488406
 30
0.0
 11
430.346702
 21
-330.488406
 31
0.0
  0
LINE
  5
233
330
70
100
AcDbEntity
  8
Visible
100
AcDbLine
 10
436.346702
 20
-360.488406
 30
0.0
 11
436.346702
 21
-330.488406
 31
0.0
  0
LINE
  5
234
330
70
100
AcDbEntity
  8
Visible
100
AcDbLine
 10
430.346702
 20
-360.488406
 30
0.0
 11
436.346702
 21
-360.488406
 31
0.0
  0
LINE
  5
235
330
70
100
AcDbEntity
  8
Visible
100
AcDbLine
 10
430.346702
 20
-366.488406
 30
0.0
 11
430.346702
 21
-360.488406
 31
0.0
  0
LINE
  5
236
330
70
100
AcDbEntity
  8
Visible
100
AcDbLine
 10
400.346702
 20
-366.488406
 30
0.0
 11
430.346702
 21
-366.488406
 31
0.0
  0
LINE
  5
237
330
70
100
AcDbEntity
  8
Visible
100
AcDbLine
 10
400.346702
 20
-360.488406
 30
0.0
 11
400.346702
 21
-366.488406
 31
0.0
  0
LINE
  5
238
330
70
100
AcDbEntity
  8
Visible
100
AcDbLine
 10
365.346702
 20
-360.488406
 30
0.0
 11
400.346702
 21
-360.488406
 31
0.0
  0
LINE
  5
239
330
70
100
AcDbEntity
  8
Visible
100
AcDbLine
 10
365.346702
 20
-366.488406
 30
0.0
 11
365.346702
 21
-360.488406
 31
0.0
  0
LINE
  5
23A
330
70
100
AcDbEntity
  8
Visible
100
AcDbLine
 10
310.159702
 20
-366.488406
 30
0.0
 11
365.346702
 21
-366.488406
 31
0.0
  0
LINE
  5
23B
330
70
100
AcDbEntity
  8
Visible
100
AcDbLine
 10
310.159702
 20
-360.488406
 30
0.0
 11
310.159702
 21
-366.488406
 31
0.0
  0
LINE
  5
23C
330
70
100
AcDbEntity
  8
Visible
100
AcDbLine
 10
275.159702
 20
-360.488406
 30
0.0
 11
310.159702
 21
-360.488406
 31
0.0
  0
LINE
  5
23D
330
70
100
AcDbEntity
  8
Visible
100
AcDbLine
 10
275.159702
 20
-366.488406
 30
0.0
 11
275.159702
 21
-360.488406
 31
0.0
  0
LINE
  5
23E
330
70
100
AcDbEntity
  8
Visible
100
AcDbLine
 10
245.159702
 20
-366.488406
 30
0.0
 11
275.159702
 21
-366.488406
 31
0.0
  0
LINE
  5
23F
330
70
100
AcDbEntity
  8
Visible
100
AcDbLine
 10
245.159702
 20
-330.488406
 30
0.0
 11
245.159702
 21
-366.488406
 31
0.0
  0
LINE
  5
240
330
70
100
AcDbEntity
  8
Visible
100
AcDbLine
 10
239.159702
 20
-330.488406
 30
0.0
 11
245.159702
 21
-330.488406
 31
0.0
  0
LINE
  5
241
330
70
100
AcDbEntity
  8
Visible
100
AcDbLine
 10
239.159702
 20
-300.488406
 30
0.0
 11
239.159702
 21
-330.488406
 31
0.0
  0
LINE
  5
242
330
70
100
AcDbEntity
  8
Visible
100
AcDbLine
 10
245.159702
 20
-300.488406
 30
0.0
 11
239.159702
 21
-300.488406
 31
0.0
  0
LINE
  5
243
330
70
100
AcDbEntity
  8
Visible
100
AcDbLine
 10
245.159702
 20
-270.488406
 30
0.0
 11
245.159702
 21
-300.488406
 31
0.0
  0
LINE
  5
244
330
70
100
AcDbEntity
  8
Visible
100
AcDbLine
 10
239.159702
 20
-270.488406
 30
0.0
 11
245.159702
 21
-270.488406
 31
0.0
  0
LINE
  5
245
330
70
100
AcDbEntity
  8
Visible
100
AcDbLine
 10
239.159702
 20
-240.488406
 30
0.0
 11
239.159702
 21
-270.488406
 31
0.0
  0
LINE
  5
246
330
70
100
AcDbEntity
  8
Visible
100
AcDbLine
 10
245.159702
 20
-240.488406
 30
0.0
 11
239.159702
 21
-240.488406
 31
0.0
  0
LINE
  5
247
330
70
100
AcDbEntity
  8
Visible
100
AcDbLine
 10
245.159702
 20
-210.488406
 30
0.0
 11
245.159702
 21
-240.488406
 31
0.0
  0
LINE
  5
248
330
70
100
AcDbEntity
  8
Visible
100
AcDbLine
 10
239.159702
 20
-210.488406
 30
0.0
 11
245.159702
 21
-210.488406
 31
0.0
  0
LINE
  5
249
330
70
100
AcDbEntity
  8
Visible
100
AcDbLine
 10
239.159702
 20
-180.488406
 30
0.0
 11
239.159702
 21
-210.488406
 31
0.0
  0
LINE
  5
24A
330
70
100
AcDbEntity
  8
Visible
100
AcDbLine
 10
245.159702
 20
-180.488406
 30
0.0
 11
239.159702
 21
-180.488406
 31
0.0
  0
LINE
  5
24B
330
70
100
AcDbEntity
  8
Visible
100
AcDbLine
 10
245.159702
 20
-150.488406
 30
0.0
 11
245.159702
 21
-180.488406
 31
0.0
  0
LINE
  5
24C
330
70
100
AcDbEntity
  8
Visible
100
AcDbLine
 10
239.159702
 20
-150.488406
 30
0.0
 11
245.159702
 21
-150.488406
 31
0.0
  0
LINE
  5
24D
330
70
100
AcDbEntity
  8
Visible
100
AcDbLine
 10
239.159702
 20
-120.488406
 30
0.0
 11
239.159702
 21
-150.488406
 31
0.0
  0
LINE
  5
24E
330
70
100
AcDbEntity
  8
Visible
100
AcDbLine
 10
245.159702
 20
-120.488406
 30
0.0
 11
239.159702
 21
-120.488406
 31
0.0
  0
LINE
  5
24F
330
70
100
AcDbEntity
  8
Visible
100
AcDbLine
 10
245.159702
 20
-90.488406
 30
0.0
 11
245.159702
 21
-120.488406
 31
0.0
  0
LINE
  5
250
330
70
100
AcDbEntity
  8
Visible
100
AcDbLine
 10
239.159702
 20
-90.488406
 30
0.0
 11
245.159702
 21
-90.488406
 31
0.0
  0
LINE
  5
251
330
70
100
AcDbEntity
  8
Visible
100
AcDbLine
 10
239.159702
 20
-60.488406
 30
0.0
 11
239.159702
 21
-90.488406
 31
0.0
  0
LINE
  5
252
330
70
100
AcDbEntity
  8
Visible
100
AcDbLine
 10
245.159702
 20
-60.488406
 30
0.0
 11
239.159702
 21
-60.488406
 31
0.0
  0
LINE
  5
253
330
70
100
AcDbEntity
  8
Visible
100
AcDbLine
 10
245.159702
 20
-24.488406
 30
0.0
 11
245.159702
 21
-60.488406
 31
0.0
  0
LINE
  5
254
330
70
100
AcDbEntity
  8
Visible
100
AcDbLine
 10
275.159702
 20
-24.488406
 30
0.0
 11
245.159702
 21
-24.488406
 31
0.0
  0
LINE
  5
255
330
70
100
AcDbEntity
  8
Visible
100
AcDbLine
 10
275.159702
 20
-30.488406
 30
0.0
 11
275.159702
 21
-24.488406
 31
0.0
  0
LINE
  5
256
330
70
100
AcDbEntity
  8
Visible
100
AcDbLine
 10
310.159702
 20
-30.488406
 30
0.0
 11
275.159702
 21
-30.488406
 31
0.0
  0
LINE
  5
257
330
70
100
AcDbEntity
  8
Visible
100
AcDbLine
 10
310.159702
 20
-24.488406
 30
0.0
 11
310.159702
 21
-30.488406
 31
0.0
  0
LINE
  5
258
330
70
100
AcDbEntity
  8
Visible
100
AcDbLine
 10
365.346702
 20
-24.488406
 30
0.0
 11
310.159702
 21
-24.488406
 31
0.0
  0
LINE
  5
259
330
70
100
AcDbEntity
  8
Visible
100
AcDbLine
 10
365.346702
 20
-30.488406
 30
0.0
 11
365.346702
 21
-24.488406
 31
0.0
  0
LINE
  5
25A
330
70
100
AcDbEntity
  8
Visible
100
AcDbLine
 10
400.346702
 20
-30.488406
 30
0.0
 11
365.346702
 21
-30.488406
 31
0.0
  0
LINE
  5
25B
330
70
100
AcDbEntity
  8
Visible
100
AcDbLine
 10
400.346702
 20
-24.488406
 30
0.0
 11
400.346702
 21
-30.488406
 31
0.0
  0
LINE
  5
25C
330
70
100
AcDbEntity
  8
Visible
100
AcDbLine
 10
430.346702
 20
-24.488406
 30
0.0
 11
400.346702
 21
-24.488406
 31
0.0
  0
LINE
  5
25D
330
70
100
AcDbEntity
  8
Visible
100
AcDbLine
 10
430.346702
 20
-30.488406
 30
0.0
 11
430.346702
 21
-24.488406
 31
0.0
  0
LINE
  5
25E
330
70
100
AcDbEntity
  8
Visible
100
AcDbLine
 10
436.346702
 20
-30.488406
 30
0.0
 11
430.346702
 21
-30.488406
 31
0.0
  0
LINE
  5
25F
330
70
100
AcDbEntity
  8
Visible
100
AcDbLine
 10
436.346702
 20
-60.488406
 30
0.0
 11
436.346702
 21
-30.488406
 31
0.0
  0
LINE
  5
260
330
70
100
AcDbEntity
  8
Visible
100
AcDbLine
 10
430.346702
 20
-60.488406
 30
0.0
 11
436.346702
 21
-60.488406
 31
0.0
  0
LINE
  5
261
330
70
100
AcDbEntity
  8
Visible
100
AcDbLine
 10
430.346702
 20
-90.488406
 30
0.0
 11
430.346702
 21
-60.488406
 31
0.0
  0
LINE
  5
262
330
70
100
AcDbEntity
  8
Visible
100
AcDbLine
 10
436.346702
 20
-90.488406
 30
0.0
 11
430.346702
 21
-90.488406
 31
0.0
  0
LINE
  5
263
330
70
100
AcDbEntity
  8
Visible
100
AcDbLine
 10
436.346702
 20
-120.488406
 30
0.0
 11
436.346702
 21
-90.488406
 31
0.0
  0
LINE
  5
264
330
70
100
AcDbEntity
  8
Visible
100
AcDbLine
 10
430.346702
 20
-120.488406
 30
0.0
 11
436.346702
 21
-120.488406
 31
0.0
  0
LINE
  5
265
330
70
100
AcDbEntity
  8
Visible
100
AcDbLine
 10
430.346702
 20
-150.488406
 30
0.0
 11
430.346702
 21
-120.488406
 31
0.0
  0
LINE
  5
266
330
70
100
AcDbEntity
  8
Visible
100
AcDbLine
 10
436.346702
 20
-150.488406
 30
0.0
 11
430.346702
 21
-150.488406
 31
0.0
  0
LINE
  5
267
330
70
100
AcDbEntity
  8
Visible
100
AcDbLine
 10
436.346702
 20
-180.488406
 30
0.0
 11
436.346702
 21
-150.488406
 31
0.0
  0
LINE
  5
268
330
70
100
AcDbEntity
  8
Visible
100
AcDbLine
 10
430.346702
 20
-180.488406
 30
0.0
 11
436.346702
 21
-180.488406
 31
0.0
  0
CIRCLE
  5
269
330
70
100
AcDbEntity
  8
Visible
100
AcDbCircle
 10
-533.66791
 20
26.001189
 30
0.0
 40
5.0
210
0.0
220
0.0
230
-1.0
  0
LINE
  5
26A
330
70
100
AcDbEntity
  8
Visible
100
AcDbLine
 10
526.16791
 20
342.918993
 30
0.0
 11
516.16791
 21
342.918993
 31
0.0
  0
LINE
  5
26B
330
70
100
AcDbEntity
  8
Visible
100
AcDbLine
 10
526.16791
 20
336.918993
 30
0.0
 11
526.16791
 21
342.918993
 31
0.0
  0
LINE
  5
26C
330
70
100
AcDbEntity
  8
Visible
100
AcDbLine
 10
541.16791
 20
336.918993
 30
0.0
 11
526.16791
 21
336.918993
 31
0.0
  0
LINE
  5
26D
330
70
100
AcDbEntity
  8
Visible
100
AcDbLine
 10
541.16791
 20
342.918993
 30
0.0
 11
541.16791
 21
336.918993
 31
0.0
  0
LINE
  5
26E
330
70
100
AcDbEntity
  8
Visible
100
AcDbLine
 10
551.16791
 20
342.918993
 30
0.0
 11
541.16791
 21
342.918993
 31
0.0
  0
LINE
  5
26F
330
70
100
AcDbEntity
  8
Visible
100
AcDbLine
 10
551.16791
 20
0.918993
 30
0.0
 11
551.16791
 21
342.918993
 31
0.0
  0
LINE
  5
270
330
70
100
AcDbEntity
  8
Visible
100
AcDbLine
 10
541.16791
 20
0.918993
 30
0.0
 11
551.16791
 21
0.918993
 31
0.0
  0
LINE
  5
271
330
70
100
AcDbEntity
  8
Visible
100
AcDbLine
 10
541.16791
 20
6.918993
 30
0.0
 11
541.16791
 21
0.918993
 31
0.0
  0
LINE
  5
272
330
70
100
AcDbEntity
  8
Visible
100
AcDbLine
 10
526.16791
 20
6.918993
 30
0.0
 11
541.16791
 21
6.918993
 31
0.0
  0
LINE
  5
273
330
70
100
AcDbEntity
  8
Visible
100
AcDbLine
 10
526.16791
 20
0.918993
 30
0.0
 11
526.16791
 21
6.918993
 31
0.0
  0
LINE
  5
274
330
70
100
AcDbEntity
  8
Visible
100
AcDbLine
 10
516.16791
 20
0.918993
 30
0.0
 11
526.16791
 21
0.918993
 31
0.0
  0
LINE
  5
275
330
70
100
AcDbEntity
  8
Visible
100
AcDbLine
 10
516.16791
 20
342.918993
 30
0.0
 11
516.16791
 21
0.918993
 31
0.0
  0
CIRCLE
  5
276
330
70
100
AcDbEntity
  8
Visible
100
AcDbCircle
 10
-259.199388
 20
543.382538
 30
0.0
 40
20.0
210
0.0
220
0.0
230
-1.0
  0
CIRCLE
  5
277
330
70
100
AcDbEntity
  8
Visible
100
AcDbCircle
 10
-314.199388
 20
513.382538
 30
0.0
 40
20.0
210
0.0
220
0.0
230
-1.0
  0
CIRCLE
  5
278
330
70
100
AcDbEntity
  8
Visible
100
AcDbCircle
 10
-369.199388
 20
543.382538
 30
0.0
 40
20.0
210
0.0
220
0.0
230
-1.0
  0
CIRCLE
  5
279
330
70
100
AcDbEntity
  8
Visible
100
AcDbCircle
 10
-314.199388
 20
573.382538
 30
0.0
 40
20.0
210
0.0
220
0.0
230
-1.0
  0
CIRCLE
  5
27A
330
70
100
AcDbEntity
  8
Visible
100
AcDbCircle
 10
-174.199388
 20
608.382538
 30
0.0
 40
8.000000000000007
210
0.0
220
0.0
230
-1.0
  0
LINE
  5
27B
330
70
100
AcDbEntity
  8
Visible
100
AcDbLine
 10
329.199388
 20
433.382538
 30
0.0
 11
359.199388
 21
433.382538
 31
0.0
  0
LINE
  5
27C
330
70
100
AcDbEntity
  8
Visible
100
AcDbLine
 10
329.199388
 20
427.382538
 30
0.0
 11
329.199388
 21
433.382538
 31
0.0
  0
LINE
  5
27D
330
70
100
AcDbEntity
  8
Visible
100
AcDbLine
 10
299.199388
 20
427.382538
 30
0.0
 11
329.199388
 21
427.382538
 31
0.0
  0
LINE
  5
27E
330
70
100
AcDbEntity
  8
Visible
100
AcDbLine
 10
299.199388
 20
433.382538
 30
0.0
 11
299.199388
 21
427.382538
 31
0.0
  0
LINE
  5
27F
330
70
100
AcDbEntity
  8
Visible
100
AcDbLine
 10
269.199388
 20
433.382538
 30
0.0
 11
299.199388
 21
433.382538
 31
0.0
  0
LINE
  5
280
330
70
100
AcDbEntity
  8
Visible
100
AcDbLine
 10
269.199388
 20
427.382538
 30
0.0
 11
269.199388
 21
433.382538
 31
0.0
  0
LINE
  5
281
330
70
100
AcDbEntity
  8
Visible
100
AcDbLine
 10
239.199388
 20
427.382538
 30
0.0
 11
269.199388
 21
427.382538
 31
0.0
  0
LINE
  5
282
330
70
100
AcDbEntity
  8
Visible
100
AcDbLine
 10
239.199388
 20
433.382538
 30
0.0
 11
239.199388
 21
427.382538
 31
0.0
  0
LINE
  5
283
330
70
100
AcDbEntity
  8
Visible
100
AcDbLine
 10
209.199388
 20
433.382538
 30
0.0
 11
239.199388
 21
433.382538
 31
0.0
  0
LINE
  5
284
330
70
100
AcDbEntity
  8
Visible
100
AcDbLine
 10
209.199388
 20
427.382538
 30
0.0
 11
209.199388
 21
433.382538
 31
0.0
  0
LINE
  5
285
330
70
100
AcDbEntity
  8
Visible
100
AcDbLine
 10
179.199388
 20
427.382538
 30
0.0
 11
209.199388
 21
427.382538
 31
0.0
  0
LINE
  5
286
330
70
100
AcDbEntity
  8
Visible
100
AcDbLine
 10
179.199388
 20
433.382538
 30
0.0
 11
179.199388
 21
427.382538
 31
0.0
  0
LINE
  5
287
330
70
100
AcDbEntity
  8
Visible
100
AcDbLine
 10
149.199388
 20
433.382538
 30
0.0
 11
179.199388
 21
433.382538
 31
0.0
  0
LINE
  5
288
330
70
100
AcDbEntity
  8
Visible
100
AcDbLine
 10
149.199388
 20
455.382538
 30
0.0
 11
149.199388
 21
433.382538
 31
0.0
  0
LINE
  5
289
330
70
100
AcDbEntity
  8
Visible
100
AcDbLine
 10
143.199388
 20
455.382538
 30
0.0
 11
149.199388
 21
455.382538
 31
0.0
  0
LINE
  5
28A
330
70
100
AcDbEntity
  8
Visible
100
AcDbLine
 10
143.199388
 20
477.882538
 30
0.0
 11
143.199388
 21
455.382538
 31
0.0
  0
LINE
  5
28B
330
70
100
AcDbEntity
  8
Visible
100
AcDbLine
 10
149.199388
 20
477.882538
 30
0.0
 11
143.199388
 21
477.882538
 31
0.0
  0
LINE
  5
28C
330
70
100
AcDbEntity
  8
Visible
100
AcDbLine
 10
149.199388
 20
499.882538
 30
0.0
 11
149.199388
 21
477.882538
 31
0.0
  0
LINE
  5
28D
330
70
100
AcDbEntity
  8
Visible
100
AcDbLine
 10
143.199388
 20
499.882538
 30
0.0
 11
149.199388
 21
499.882538
 31
0.0
  0
LINE
  5
28E
330
70
100
AcDbEntity
  8
Visible
100
AcDbLine
 10
143.199388
 20
522.382538
 30
0.0
 11
143.199388
 21
499.882538
 31
0.0
  0
LINE
  5
28F
330
70
100
AcDbEntity
  8
Visible
100
AcDbLine
 10
149.199388
 20
522.382538
 30
0.0
 11
143.199388
 21
522.382538
 31
0.0
  0
LINE
  5
290
330
70
100
AcDbEntity
  8
Visible
100
AcDbLine
 10
149.199388
 20
544.382538
 30
0.0
 11
149.199388
 21
522.382538
 31
0.0
  0
LINE
  5
291
330
70
100
AcDbEntity
  8
Visible
100
AcDbLine
 10
143.199388
 20
544.382538
 30
0.0
 11
149.199388
 21
544.382538
 31
0.0
  0
LINE
  5
292
330
70
100
AcDbEntity
  8
Visible
100
AcDbLine
 10
143.199388
 20
566.882538
 30
0.0
 11
143.199388
 21
544.382538
 31
0.0
  0
LINE
  5
293
330
70
100
AcDbEntity
  8
Visible
100
AcDbLine
 10
149.199388
 20
566.882538
 30
0.0
 11
143.199388
 21
566.882538
 31
0.0
  0
LINE
  5
294
330
70
100
AcDbEntity
  8
Visible
100
AcDbLine
 10
149.199388
 20
588.882538
 30
0.0
 11
149.199388
 21
566.882538
 31
0.0
  0
LINE
  5
295
330
70
100
AcDbEntity
  8
Visible
100
AcDbLine
 10
143.199388
 20
588.882538
 30
0.0
 11
149.199388
 21
588.882538
 31
0.0
  0
LINE
  5
296
330
70
100
AcDbEntity
  8
Visible
100
AcDbLine
 10
143.199388
 20
611.382538
 30
0.0
 11
143.199388
 21
588.882538
 31
0.0
  0
LINE
  5
297
330
70
100
AcDbEntity
  8
Visible
100
AcDbLine
 10
149.199388
 20
611.382538
 30
0.0
 11
143.199388
 21
611.382538
 31
0.0
  0
LINE
  5
298
330
70
100
AcDbEntity
  8
Visible
100
AcDbLine
 10
149.199388
 20
633.382538
 30
0.0
 11
149.199388
 21
611.382538
 31
0.0
  0
LINE
  5
299
330
70
100
AcDbEntity
  8
Visible
100
AcDbLine
 10
479.199388
 20
633.382538
 30
0.0
 11
149.199388
 21
633.382538
 31
0.0
  0
LINE
  5
29A
330
70
100
AcDbEntity
  8
Visible
100
AcDbLine
 10
479.199388
 20
611.44315
 30
0.0
 11
479.199388
 21
633.382538
 31
0.0
  0
LINE
  5
29B
330
70
100
AcDbEntity
  8
Visible
100
AcDbLine
 10
485.16338
 20
611.445341
 30
0.0
 11
479.199388
 21
611.44315
 31
0.0
  0
LINE
  5
29C
330
70
100
AcDbEntity
  8
Visible
100
AcDbLine
 10
485.171645
 20
588.945342
 30
0.0
 11
485.16338
 21
611.445341
 31
0.0
  0
LINE
  5
29D
330
70
100
AcDbEntity
  8
Visible
100
AcDbLine
 10
479.199388
 20
588.943149
 30
0.0
 11
485.171645
 21
588.945342
 31
0.0
  0
LINE
  5
29E
330
70
100
AcDbEntity
  8
Visible
100
AcDbLine
 10
479.199388
 20
567.109817
 30
0.0
 11
479.199388
 21
588.943149
 31
0.0
  0
LINE
  5
29F
330
70
100
AcDbEntity
  8
Visible
100
AcDbLine
 10
485.16338
 20
567.112008
 30
0.0
 11
479.199388
 21
567.109817
 31
0.0
  0
LINE
  5
2A0
330
70
100
AcDbEntity
  8
Visible
100
AcDbLine
 10
485.171645
 20
544.612009
 30
0.0
 11
485.16338
 21
567.112008
 31
0.0
  0
LINE
  5
2A1
330
70
100
AcDbEntity
  8
Visible
100
AcDbLine
 10
479.199388
 20
544.609815
 30
0.0
 11
485.171645
 21
544.612009
 31
0.0
  0
LINE
  5
2A2
330
70
100
AcDbEntity
  8
Visible
100
AcDbLine
 10
479.199388
 20
522.776484
 30
0.0
 11
479.199388
 21
544.609815
 31
0.0
  0
LINE
  5
2A3
330
70
100
AcDbEntity
  8
Visible
100
AcDbLine
 10
485.16338
 20
522.778674
 30
0.0
 11
479.199388
 21
522.776484
 31
0.0
  0
LINE
  5
2A4
330
70
100
AcDbEntity
  8
Visible
100
AcDbLine
 10
485.171645
 20
500.278676
 30
0.0
 11
485.16338
 21
522.778674
 31
0.0
  0
LINE
  5
2A5
330
70
100
AcDbEntity
  8
Visible
100
AcDbLine
 10
479.199388
 20
500.276482
 30
0.0
 11
485.171645
 21
500.278676
 31
0.0
  0
LINE
  5
2A6
330
70
100
AcDbEntity
  8
Visible
100
AcDbLine
 10
479.199388
 20
478.44315
 30
0.0
 11
479.199388
 21
500.276482
 31
0.0
  0
LINE
  5
2A7
330
70
100
AcDbEntity
  8
Visible
100
AcDbLine
 10
485.16338
 20
478.445341
 30
0.0
 11
479.199388
 21
478.44315
 31
0.0
  0
LINE
  5
2A8
330
70
100
AcDbEntity
  8
Visible
100
AcDbLine
 10
485.171645
 20
455.945342
 30
0.0
 11
485.16338
 21
478.445341
 31
0.0
  0
LINE
  5
2A9
330
70
100
AcDbEntity
  8
Visible
100
AcDbLine
 10
479.199388
 20
455.943149
 30
0.0
 11
485.171645
 21
455.945342
 31
0.0
  0
LINE
  5
2AA
330
70
100
AcDbEntity
  8
Visible
100
AcDbLine
 10
479.199388
 20
433.382538
 30
0.0
 11
479.199388
 21
455.943149
 31
0.0
  0
LINE
  5
2AB
330
70
100
AcDbEntity
  8
Visible
100
AcDbLine
 10
449.199388
 20
433.382538
 30
0.0
 11
479.199388
 21
433.382538
 31
0.0
  0
LINE
  5
2AC
330
70
100
AcDbEntity
  8
Visible
100
AcDbLine
 10
449.199388
 20
427.382538
 30
0.0
 11
449.199388
 21
433.382538
 31
0.0
  0
LINE
  5
2AD
330
70
100
AcDbEntity
  8
Visible
100
AcDbLine
 10
419.199388
 20
427.382538
 30
0.0
 11
449.199388
 21
427.382538
 31
0.0
  0
LINE
  5
2AE
330
70
100
AcDbEntity
  8
Visible
100
AcDbLine
 10
419.199388
 20
433.382538
 30
0.0
 11
419.199388
 21
427.382538
 31
0.0
  0
LINE
  5
2AF
330
70
100
AcDbEntity
  8
Visible
100
AcDbLine
 10
389.199388
 20
433.382538
 30
0.0
 11
419.199388
 21
433.382538
 31
0.0
  0
LINE
  5
2B0
330
70
100
AcDbEntity
  8
Visible
100
AcDbLine
 10
389.199388
 20
427.382538
 30
0.0
 11
389.199388
 21
433.382538
 31
0.0
  0
LINE
  5
2B1
330
70
100
AcDbEntity
  8
Visible
100
AcDbLine
 10
359.199388
 20
427.382538
 30
0.0
 11
389.199388
 21
427.382538
 31
0.0
  0
LINE
  5
2B2
330
70
100
AcDbEntity
  8
Visible
100
AcDbLine
 10
359.199388
 20
433.382538
 30
0.0
 11
359.199388
 21
427.382538
 31
0.0
  0
CIRCLE
  5
2B3
330
70
100
AcDbEntity
  8
Visible
100
AcDbCircle
 10
73.35282
 20
182.056053
 30
0.0
 40
17.99999999999997
210
0.0
220
0.0
230
-1.0
  0
LINE
  5
2B4
330
70
100
AcDbEntity
  8
Visible
100
AcDbLine
 10
97.64718
 20
182.056053
 30
0.0
 11
91.64718
 21
182.056053
 31
0.0
  0
LINE
  5
2B5
330
70
100
AcDbEntity
  8
Visible
100
AcDbLine
 10
97.64718
 20
112.693053
 30
0.0
 11
97.64718
 21
182.056053
 31
0.0
  0
LINE
  5
2B6
330
70
100
AcDbEntity
  8
Visible
100
AcDbLine
 10
91.64718
 20
112.693053
 30
0.0
 11
97.64718
 21
112.693053
 31
0.0
  0
LINE
  5
2B7
330
70
100
AcDbEntity
  8
Visible
100
AcDbLine
 10
91.64718
 20
72.693053
 30
0.0
 11
91.64718
 21
112.693053
 31
0.0
  0
LINE
  5
2B8
330
70
100
AcDbEntity
  8
Visible
100
AcDbLine
 10
97.64718
 20
72.693053
 30
0.0
 11
91.64718
 21
72.693053
 31
0.0
  0
LINE
  5
2B9
330
70
100
AcDbEntity
  8
Visible
100
AcDbLine
 10
97.64718
 20
6.693053
 30
0.0
 11
97.64718
 21
72.693053
 31
0.0
  0
LINE
  5
2BA
330
70
100
AcDbEntity
  8
Visible
100
AcDbLine
 10
61.64718
 20
6.693053
 30
0.0
 11
97.64718
 21
6.693053
 31
0.0
  0
LINE
  5
2BB
330
70
100
AcDbEntity
  8
Visible
100
AcDbLine
 10
61.64718
 20
12.693053
 30
0.0
 11
61.64718
 21
6.693053
 31
0.0
  0
LINE
  5
2BC
330
70
100
AcDbEntity
  8
Visible
100
AcDbLine
 10
31.64718
 20
12.693053
 30
0.0
 11
61.64718
 21
12.693053
 31
0.0
  0
LINE
  5
2BD
330
70
100
AcDbEntity
  8
Visible
100
AcDbLine
 10
31.64718
 20
6.693053
 30
0.0
 11
31.64718
 21
12.693053
 31
0.0
  0
LINE
  5
2BE
330
70
100
AcDbEntity
  8
Visible
100
AcDbLine
 10
1.64718
 20
6.693053
 30
0.0
 11
31.64718
 21
6.693053
 31
0.0
  0
LINE
  5
2BF
330
70
100
AcDbEntity
  8
Visible
100
AcDbLine
 10
1.64718
 20
12.693053
 30
0.0
 11
1.64718
 21
6.693053
 31
0.0
  0
LINE
  5
2C0
330
70
100
AcDbEntity
  8
Visible
100
AcDbLine
 10
-28.35282
 20
12.693053
 30
0.0
 11
1.64718
 21
12.693053
 31
0.0
  0
LINE
  5
2C1
330
70
100
AcDbEntity
  8
Visible
100
AcDbLine
 10
-28.35282
 20
6.693053
 30
0.0
 11
-28.35282
 21
12.693053
 31
0.0
  0
LINE
  5
2C2
330
70
100
AcDbEntity
  8
Visible
100
AcDbLine
 10
-58.35282
 20
6.693053
 30
0.0
 11
-28.35282
 21
6.693053
 31
0.0
  0
LINE
  5
2C3
330
70
100
AcDbEntity
  8
Visible
100
AcDbLine
 10
-58.35282
 20
12.693053
 30
0.0
 11
-58.35282
 21
6.693053
 31
0.0
  0
LINE
  5
2C4
330
70
100
AcDbEntity
  8
Visible
100
AcDbLine
 10
-88.35282
 20
12.693053
 30
0.0
 11
-58.35282
 21
12.693053
 31
0.0
  0
LINE
  5
2C5
330
70
100
AcDbEntity
  8
Visible
100
AcDbLine
 10
-88.35282
 20
6.693053
 30
0.0
 11
-88.35282
 21
12.693053
 31
0.0
  0
LINE
  5
2C6
330
70
100
AcDbEntity
  8
Visible
100
AcDbLine
 10
-118.35282
 20
6.693053
 30
0.0
 11
-88.35282
 21
6.693053
 31
0.0
  0
LINE
  5
2C7
330
70
100
AcDbEntity
  8
Visible
100
AcDbLine
 10
-118.35282
 20
12.693053
 30
0.0
 11
-118.35282
 21
6.693053
 31
0.0
  0
LINE
  5
2C8
330
70
100
AcDbEntity
  8
Visible
100
AcDbLine
 10
-148.35282
 20
12.693053
 30
0.0
 11
-118.35282
 21
12.693053
 31
0.0
  0
LINE
  5
2C9
330
70
100
AcDbEntity
  8
Visible
100
AcDbLine
 10
-148.35282
 20
6.693053
 30
0.0
 11
-148.35282
 21
12.693053
 31
0.0
  0
LINE
  5
2CA
330
70
100
AcDbEntity
  8
Visible
100
AcDbLine
 10
-178.35282
 20
6.693053
 30
0.0
 11
-148.35282
 21
6.693053
 31
0.0
  0
LINE
  5
2CB
330
70
100
AcDbEntity
  8
Visible
100
AcDbLine
 10
-178.35282
 20
12.693053
 30
0.0
 11
-178.35282
 21
6.693053
 31
0.0
  0
LINE
  5
2CC
330
70
100
AcDbEntity
  8
Visible
100
AcDbLine
 10
-208.35282
 20
12.693053
 30
0.0
 11
-178.35282
 21
12.693053
 31
0.0
  0
LINE
  5
2CD
330
70
100
AcDbEntity
  8
Visible
100
AcDbLine
 10
-208.35282
 20
6.693053
 30
0.0
 11
-208.35282
 21
12.693053
 31
0.0
  0
LINE
  5
2CE
330
70
100
AcDbEntity
  8
Visible
100
AcDbLine
 10
-244.35282
 20
6.693053
 30
0.0
 11
-208.35282
 21
6.693053
 31
0.0
  0
LINE
  5
2CF
330
70
100
AcDbEntity
  8
Visible
100
AcDbLine
 10
-244.35282
 20
72.693053
 30
0.0
 11
-244.35282
 21
6.693053
 31
0.0
  0
LINE
  5
2D0
330
70
100
AcDbEntity
  8
Visible
100
AcDbLine
 10
-238.35282
 20
72.693053
 30
0.0
 11
-244.35282
 21
72.693053
 31
0.0
  0
LINE
  5
2D1
330
70
100
AcDbEntity
  8
Visible
100
AcDbLine
 10
-238.35282
 20
112.693053
 30
0.0
 11
-238.35282
 21
72.693053
 31
0.0
  0
LINE
  5
2D2
330
70
100
AcDbEntity
  8
Visible
100
AcDbLine
 10
-244.35282
 20
112.693053
 30
0.0
 11
-238.35282
 21
112.693053
 31
0.0
  0
LINE
  5
2D3
330
70
100
AcDbEntity
  8
Visible
100
AcDbLine
 10
-244.35282
 20
182.056053
 30
0.0
 11
-244.35282
 21
112.693053
 31
0.0
  0
LINE
  5
2D4
330
70
100
AcDbEntity
  8
Visible
100
AcDbLine
 10
-238.35282
 20
182.056053
 30
0.0
 11
-244.35282
 21
182.056053
 31
0.0
  0
LINE
  5
2D5
330
70
100
AcDbEntity
  8
Visible
100
AcDbLine
 10
-238.35282
 20
222.056053
 30
0.0
 11
-238.35282
 21
182.056053
 31
0.0
  0
LINE
  5
2D6
330
70
100
AcDbEntity
  8
Visible
100
AcDbLine
 10
-244.35282
 20
222.056053
 30
0.0
 11
-238.35282
 21
222.056053
 31
0.0
  0
LINE
  5
2D7
330
70
100
AcDbEntity
  8
Visible
100
AcDbLine
 10
-244.35282
 20
288.056053
 30
0.0
 11
-244.35282
 21
222.056053
 31
0.0
  0
LINE
  5
2D8
330
70
100
AcDbEntity
  8
Visible
100
AcDbLine
 10
-208.35282
 20
288.056053
 30
0.0
 11
-244.35282
 21
288.056053
 31
0.0
  0
LINE
  5
2D9
330
70
100
AcDbEntity
  8
Visible
100
AcDbLine
 10
-208.35282
 20
282.056053
 30
0.0
 11
-208.35282
 21
288.056053
 31
0.0
  0
LINE
  5
2DA
330
70
100
AcDbEntity
  8
Visible
100
AcDbLine
 10
-178.35282
 20
282.056053
 30
0.0
 11
-208.35282
 21
282.056053
 31
0.0
  0
LINE
  5
2DB
330
70
100
AcDbEntity
  8
Visible
100
AcDbLine
 10
-178.35282
 20
288.056053
 30
0.0
 11
-178.35282
 21
282.056053
 31
0.0
  0
LINE
  5
2DC
330
70
100
AcDbEntity
  8
Visible
100
AcDbLine
 10
-148.35282
 20
288.056053
 30
0.0
 11
-178.35282
 21
288.056053
 31
0.0
  0
LINE
  5
2DD
330
70
100
AcDbEntity
  8
Visible
100
AcDbLine
 10
-148.35282
 20
282.056053
 30
0.0
 11
-148.35282
 21
288.056053
 31
0.0
  0
LINE
  5
2DE
330
70
100
AcDbEntity
  8
Visible
100
AcDbLine
 10
-118.35282
 20
282.056053
 30
0.0
 11
-148.35282
 21
282.056053
 31
0.0
  0
LINE
  5
2DF
330
70
100
AcDbEntity
  8
Visible
100
AcDbLine
 10
-118.35282
 20
288.056053
 30
0.0
 11
-118.35282
 21
282.056053
 31
0.0
  0
LINE
  5
2E0
330
70
100
AcDbEntity
  8
Visible
100
AcDbLine
 10
-88.35282
 20
288.056053
 30
0.0
 11
-118.35282
 21
288.056053
 31
0.0
  0
LINE
  5
2E1
330
70
100
AcDbEntity
  8
Visible
100
AcDbLine
 10
-88.35282
 20
282.056053
 30
0.0
 11
-88.35282
 21
288.056053
 31
0.0
  0
LINE
  5
2E2
330
70
100
AcDbEntity
  8
Visible
100
AcDbLine
 10
-58.35282
 20
282.056053
 30
0.0
 11
-88.35282
 21
282.056053
 31
0.0
  0
LINE
  5
2E3
330
70
100
AcDbEntity
  8
Visible
100
AcDbLine
 10
-58.35282
 20
288.056053
 30
0.0
 11
-58.35282
 21
282.056053
 31
0.0
  0
LINE
  5
2E4
330
70
100
AcDbEntity
  8
Visible
100
AcDbLine
 10
-28.35282
 20
288.056053
 30
0.0
 11
-58.35282
 21
288.056053
 31
0.0
  0
LINE
  5
2E5
330
70
100
AcDbEntity
  8
Visible
100
AcDbLine
 10
-28.35282
 20
282.056053
 30
0.0
 11
-28.35282
 21
288.056053
 31
0.0
  0
LINE
  5
2E6
330
70
100
AcDbEntity
  8
Visible
100
AcDbLine
 10
1.64718
 20
282.056053
 30
0.0
 11
-28.35282
 21
282.056053
 31
0.0
  0
LINE
  5
2E7
330
70
100
AcDbEntity
  8
Visible
100
AcDbLine
 10
1.64718
 20
288.056053
 30
0.0
 11
1.64718
 21
282.056053
 31
0.0
  0
LINE
  5
2E8
330
70
100
AcDbEntity
  8
Visible
100
AcDbLine
 10
31.64718
 20
288.056053
 30
0.0
 11
1.64718
 21
288.056053
 31
0.0
  0
LINE
  5
2E9
330
70
100
AcDbEntity
  8
Visible
100
AcDbLine
 10
31.64718
 20
282.056053
 30
0.0
 11
31.64718
 21
288.056053
 31
0.0
  0
LINE
  5
2EA
330
70
100
AcDbEntity
  8
Visible
100
AcDbLine
 10
61.64718
 20
282.056053
 30
0.0
 11
31.64718
 21
282.056053
 31
0.0
  0
LINE
  5
2EB
330
70
100
AcDbEntity
  8
Visible
100
AcDbLine
 10
61.64718
 20
288.056053
 30
0.0
 11
61.64718
 21
282.056053
 31
0.0
  0
LINE
  5
2EC
330
70
100
AcDbEntity
  8
Visible
100
AcDbLine
 10
97.64718
 20
288.056053
 30
0.0
 11
61.64718
 21
288.056053
 31
0.0
  0
LINE
  5
2ED
330
70
100
AcDbEntity
  8
Visible
100
AcDbLine
 10
97.64718
 20
222.056053
 30
0.0
 11
97.64718
 21
288.056053
 31
0.0
  0
LINE
  5
2EE
330
70
100
AcDbEntity
  8
Visible
100
AcDbLine
 10
91.64718
 20
222.056053
 30
0.0
 11
97.64718
 21
222.056053
 31
0.0
  0
LINE
  5
2EF
330
70
100
AcDbEntity
  8
Visible
100
AcDbLine
 10
91.64718
 20
182.056053
 30
0.0
 11
91.64718
 21
222.056053
 31
0.0
  0
LINE
  5
2F0
330
70
100
AcDbEntity
  8
Visible
100
AcDbLine
 10
-10.836051
 20
494.521653
 30
0.0
 11
-10.836051
 21
489.521653
 31
0.0
  0
LINE
  5
2F1
330
70
100
AcDbEntity
  8
Visible
100
AcDbLine
 10
-160.836051
 20
494.521653
 30
0.0
 11
-10.836051
 21
494.521653
 31
0.0
  0
LINE
  5
2F2
330
70
100
AcDbEntity
  8
Visible
100
AcDbLine
 10
-160.836051
 20
489.521653
 30
0.0
 11
-160.836051
 21
494.521653
 31
0.0
  0
LINE
  5
2F3
330
70
100
AcDbEntity
  8
Visible
100
AcDbLine
 10
-10.836051
 20
489.521653
 30
0.0
 11
-160.836051
 21
489.521653
 31
0.0
  0
LINE
  5
2F4
330
70
100
AcDbEntity
  8
Visible
100
AcDbLine
 10
-10.836051
 20
521.18832
 30
0.0
 11
-10.836051
 21
516.18832
 31
0.0
  0
LINE
  5
2F5
330
70
100
AcDbEntity
  8
Visible
100
AcDbLine
 10
-160.836051
 20
521.18832
 30
0.0
 11
-10.836051
 21
521.18832
 31
0.0
  0
LINE
  5
2F6
330
70
100
AcDbEntity
  8
Visible
100
AcDbLine
 10
-160.836051
 20
516.18832
 30
0.0
 11
-160.836051
 21
521.18832
 31
0.0
  0
LINE
  5
2F7
330
70
100
AcDbEntity
  8
Visible
100
AcDbLine
 10
-10.836051
 20
516.18832
 30
0.0
 11
-160.836051
 21
516.18832
 31
0.0
  0
LINE
  5
2F8
330
70
100
AcDbEntity
  8
Visible
100
AcDbLine
 10
-10.836051
 20
502.854986
 30
0.0
 11
-160.836051
 21
502.854986
 31
0.0
  0
LINE
  5
2F9
330
70
100
AcDbEntity
  8
Visible
100
AcDbLine
 10
-10.836051
 20
507.854986
 30
0.0
 11
-10.836051
 21
502.854986
 31
0.0
  0
LINE
  5
2FA
330
70
100
AcDbEntity
  8
Visible
100
AcDbLine
 10
-160.836051
 20
507.854986
 30
0.0
 11
-10.836051
 21
507.854986
 31
0.0
  0
LINE
  5
2FB
330
70
100
AcDbEntity
  8
Visible
100
AcDbLine
 10
-160.836051
 20
502.854986
 30
0.0
 11
-160.836051
 21
507.854986
 31
0.0
  0
LINE
  5
2FC
330
70
100
AcDbEntity
  8
Visible
100
AcDbLine
 10
-10.836051
 20
476.18832
 30
0.0
 11
-160.836051
 21
476.18832
 31
0.0
  0
LINE
  5
2FD
330
70
100
AcDbEntity
  8
Visible
100
AcDbLine
 10
-10.836051
 20
481.18832
 30
0.0
 11
-10.836051
 21
476.18832
 31
0.0
  0
LINE
  5
2FE
330
70
100
AcDbEntity
  8
Visible
100
AcDbLine
 10
-160.836051
 20
481.18832
 30
0.0
 11
-10.836051
 21
481.18832
 31
0.0
  0
LINE
  5
2FF
330
70
100
AcDbEntity
  8
Visible
100
AcDbLine
 10
-160.836051
 20
476.18832
 30
0.0
 11
-160.836051
 21
481.18832
 31
0.0
  0
LINE
  5
300
330
70
100
AcDbEntity
  8
Visible
100
AcDbLine
 10
-202.173721
 20
690.213228
 30
0.0
 11
-223.839491
 21
686.392968
 31
0.0
  0
LINE
  5
301
330
70
100
AcDbEntity
  8
Visible
100
AcDbLine
 10
-201.131831
 20
684.304382
 30
0.0
 11
-202.173721
 21
690.213228
 31
0.0
  0
LINE
  5
302
330
70
100
AcDbEntity
  8
Visible
100
AcDbLine
 10
-178.973657
 20
688.211466
 30
0.0
 11
-201.131831
 21
684.304382
 31
0.0
  0
LINE
  5
303
330
70
100
AcDbEntity
  8
Visible
100
AcDbLine
 10
-180.015546
 20
694.120312
 30
0.0
 11
-178.973657
 21
688.211466
 31
0.0
  0
LINE
  5
304
330
70
100
AcDbEntity
  8
Visible
100
AcDbLine
 10
-158.349776
 20
697.940572
 30
0.0
 11
-180.015546
 21
694.120312
 31
0.0
  0
LINE
  5
305
330
70
100
AcDbEntity
  8
Visible
100
AcDbLine
 10
-157.307886
 20
692.031725
 30
0.0
 11
-158.349776
 21
697.940572
 31
0.0
  0
LINE
  5
306
330
70
100
AcDbEntity
  8
Visible
100
AcDbLine
 10
-135.149712
 20
695.938809
 30
0.0
 11
-157.307886
 21
692.031725
 31
0.0
  0
LINE
  5
307
330
70
100
AcDbEntity
  8
Visible
100
AcDbLine
 10
-136.191601
 20
701.847656
 30
0.0
 11
-135.149712
 21
695.938809
 31
0.0
  0
LINE
  5
308
330
70
100
AcDbEntity
  8
Visible
100
AcDbLine
 10
-114.525831
 20
705.667916
 30
0.0
 11
-136.191601
 21
701.847656
 31
0.0
  0
LINE
  5
309
330
70
100
AcDbEntity
  8
Visible
100
AcDbLine
 10
-113.483941
 20
699.759069
 30
0.0
 11
-114.525831
 21
705.667916
 31
0.0
  0
LINE
  5
30A
330
70
100
AcDbEntity
  8
Visible
100
AcDbLine
 10
-91.325767
 20
703.666153
 30
0.0
 11
-113.483941
 21
699.759069
 31
0.0
  0
LINE
  5
30B
330
70
100
AcDbEntity
  8
Visible
100
AcDbLine
 10
-92.367656
 20
709.575
 30
0.0
 11
-91.325767
 21
703.666153
 31
0.0
  0
LINE
  5
30C
330
70
100
AcDbEntity
  8
Visible
100
AcDbLine
 10
-70.701886
 20
713.39526
 30
0.0
 11
-92.367656
 21
709.575
 31
0.0
  0
LINE
  5
30D
330
70
100
AcDbEntity
  8
Visible
100
AcDbLine
 10
-69.659996
 20
707.486413
 30
0.0
 11
-70.701886
 21
713.39526
 31
0.0
  0
LINE
  5
30E
330
70
100
AcDbEntity
  8
Visible
100
AcDbLine
 10
-47.501822
 20
711.393497
 30
0.0
 11
-69.659996
 21
707.486413
 31
0.0
  0
LINE
  5
30F
330
70
100
AcDbEntity
  8
Visible
100
AcDbLine
 10
-48.543711
 20
717.302344
 30
0.0
 11
-47.501822
 21
711.393497
 31
0.0
  0
LINE
  5
310
330
70
100
AcDbEntity
  8
Visible
100
AcDbLine
 10
-26.877941
 20
721.122604
 30
0.0
 11
-48.543711
 21
717.302344
 31
0.0
  0
LINE
  5
311
330
70
100
AcDbEntity
  8
Visible
100
AcDbLine
 10
-25.836051
 20
715.213757
 30
0.0
 11
-26.877941
 21
721.122604
 31
0.0
  0
LINE
  5
312
330
70
100
AcDbEntity
  8
Visible
100
AcDbLine
 10
-15.836051
 20
715.213757
 30
0.0
 11
-25.836051
 21
715.213757
 31
0.0
  0
LINE
  5
313
330
70
100
AcDbEntity
  8
Visible
100
AcDbLine
 10
-15.836051
 20
721.213757
 30
0.0
 11
-15.836051
 21
715.213757
 31
0.0
  0
LINE
  5
314
330
70
100
AcDbEntity
  8
Visible
100
AcDbLine
 10
-0.836051
 20
721.213757
 30
0.0
 11
-15.836051
 21
721.213757
 31
0.0
  0
LINE
  5
315
330
70
100
AcDbEntity
  8
Visible
100
AcDbLine
 10
-0.836051
 20
715.213757
 30
0.0
 11
-0.836051
 21
721.213757
 31
0.0
  0
LINE
  5
316
330
70
100
AcDbEntity
  8
Visible
100
AcDbLine
 10
9.163949
 20
715.213757
 30
0.0
 11
-0.836051
 21
715.213757
 31
0.0
  0
LINE
  5
317
330
70
100
AcDbEntity
  8
Visible
100
AcDbLine
 10
9.163949
 20
415.377443
 30
0.0
 11
9.163949
 21
715.213757
 31
0.0
  0
LINE
  5
318
330
70
100
AcDbEntity
  8
Visible
100
AcDbLine
 10
-20.836051
 20
415.237141
 30
0.0
 11
9.163949
 21
415.377443
 31
0.0
  0
LINE
  5
319
330
70
100
AcDbEntity
  8
Visible
100
AcDbLine
 10
-20.836051
 20
409.213757
 30
0.0
 11
-20.836051
 21
415.237141
 31
0.0
  0
LINE
  5
31A
330
70
100
AcDbEntity
  8
Visible
100
AcDbLine
 10
-55.836051
 20
409.213757
 30
0.0
 11
-20.836051
 21
409.213757
 31
0.0
  0
LINE
  5
31B
330
70
100
AcDbEntity
  8
Visible
100
AcDbLine
 10
-55.836051
 20
415.213757
 30
0.0
 11
-55.836051
 21
409.213757
 31
0.0
  0
LINE
  5
31C
330
70
100
AcDbEntity
  8
Visible
100
AcDbLine
 10
-111.02328
 20
415.213757
 30
0.0
 11
-55.836051
 21
415.213757
 31
0.0
  0
LINE
  5
31D
330
70
100
AcDbEntity
  8
Visible
100
AcDbLine
 10
-111.02328
 20
409.213757
 30
0.0
 11
-111.02328
 21
415.213757
 31
0.0
  0
LINE
  5
31E
330
70
100
AcDbEntity
  8
Visible
100
AcDbLine
 10
-146.02328
 20
409.213757
 30
0.0
 11
-111.02328
 21
409.213757
 31
0.0
  0
LINE
  5
31F
330
70
100
AcDbEntity
  8
Visible
100
AcDbLine
 10
-146.02328
 20
415.213757
 30
0.0
 11
-146.02328
 21
409.213757
 31
0.0
  0
LINE
  5
320
330
70
100
AcDbEntity
  8
Visible
100
AcDbLine
 10
-176.02328
 20
415.213757
 30
0.0
 11
-146.02328
 21
415.213757
 31
0.0
  0
LINE
  5
321
330
70
100
AcDbEntity
  8
Visible
100
AcDbLine
 10
-186.44217
 20
474.302222
 30
0.0
 11
-176.02328
 21
415.213757
 31
0.0
  0
LINE
  5
322
330
70
100
AcDbEntity
  8
Visible
100
AcDbLine
 10
-192.351017
 20
473.260333
 30
0.0
 11
-186.44217
 21
474.302222
 31
0.0
  0
LINE
  5
323
330
70
100
AcDbEntity
  8
Visible
100
AcDbLine
 10
-199.296944
 20
512.652643
 30
0.0
 11
-192.351017
 21
473.260333
 31
0.0
  0
LINE
  5
324
330
70
100
AcDbEntity
  8
Visible
100
AcDbLine
 10
-193.388097
 20
513.694533
 30
0.0
 11
-199.296944
 21
512.652643
 31
0.0
  0
LINE
  5
325
330
70
100
AcDbEntity
  8
Visible
100
AcDbLine
 10
-205.432784
 20
582.003346
 30
0.0
 11
-193.388097
 21
513.694533
 31
0.0
  0
LINE
  5
326
330
70
100
AcDbEntity
  8
Visible
100
AcDbLine
 10
-211.341631
 20
580.961457
 30
0.0
 11
-205.432784
 21
582.003346
 31
0.0
  0
LINE
  5
327
330
70
100
AcDbEntity
  8
Visible
100
AcDbLine
 10
-218.287558
 20
620.353767
 30
0.0
 11
-211.341631
 21
580.961457
 31
0.0
  0
LINE
  5
328
330
70
100
AcDbEntity
  8
Visible
100
AcDbLine
 10
-212.378711
 20
621.395656
 30
0.0
 11
-218.287558
 21
620.353767
 31
0.0
  0
LINE
  5
329
330
70
100
AcDbEntity
  8
Visible
100
AcDbLine
 10
-223.839491
 20
686.392968
 30
0.0
 11
-212.378711
 21
621.395656
 31
0.0
  0
ENDSEC
  0
SECTION
  2
OBJECTS
  0
DICTIONARY
  5
C
330
0
100
AcDbDictionary
281
     1
  3
ACAD_COLOR
350
63
  3
ACAD_DETAILVIEWSTYLE
350
6A
  3
ACAD_GROUP
350
D
  3
ACAD_LAYOUT
350
62
  3
ACAD_MATERIAL
350
10
  3
ACAD_MLEADERSTYLE
350
66
  3
ACAD_MLINESTYLE
350
5F
  3
ACAD_PLOTSETTINGS
350
61
  3
ACAD_PLOTSTYLENAME
350
E
  3
ACAD_SCALELIST
350
42
  3
ACAD_SECTIONVIEWSTYLE
350
68
  3
ACAD_TABLESTYLE
350
64
  3
ACAD_VISUALSTYLE
350
29
  3
ACDB_RECOMPOSE_DATA
350
333
  3
AcDbVariableDictionary
350
32A
  0
DICTIONARY
  5
A4
330
70
100
AcDbDictionary
280
     1
281
     1
  3
ACAD_SORTENTS
360
A5
  0
DICTIONARY
  5
63
102
{ACAD_REACTORS
330
C
102
}
330
C
100
AcDbDictionary
281
     1
  0
DICTIONARY
  5
6A
102
{ACAD_REACTORS
330
C
102
}
330
C
100
AcDbDictionary
281
     1
  3
Imperial24
350
6B
  0
DICTIONARY
  5
D
102
{ACAD_REACTORS
330
C
102
}
330
C
100
AcDbDictionary
281
     1
  0
DICTIONARY
  5
62
102
{ACAD_REACTORS
330
C
102
}
330
C
100
AcDbDictionary
281
     1
  3
Model
350
73
  3
Sheet1
350
6F
  3
Sheet2
350
77
  0
DICTIONARY
  5
10
102
{ACAD_REACTORS
330
C
102
}
330
C
100
AcDbDictionary
281
     1
  3
ByBlock
350
19
  3
ByLayer
350
11
  3
Global
350
21
  0
DICTIONARY
  5
66
102
{ACAD_REACTORS
330
C
102
}
330
C
100
AcDbDictionary
281
     1
  3
Standard
350
67
  0
DICTIONARY
  5
5F
102
{ACAD_REACTORS
330
C
102
}
330
C
100
AcDbDictionary
281
     1
  3
Standard
350
60
  0
DICTIONARY
  5
61
102
{ACAD_REACTORS
330
C
102
}
330
C
100
AcDbDictionary
281
     1
  0
ACDBDICTIONARYWDFLT
  5
E
102
{ACAD_REACTORS
330
C
102
}
330
C
100
AcDbDictionary
281
     1
  3
Normal
350
F
100
AcDbDictionaryWithDefault
340
F
  0
DICTIONARY
  5
42
102
{ACAD_REACTORS
330
C
102
}
330
C
100
AcDbDictionary
281
     1
  3
A0
350
43
  3
A1
350
44
  3
A2
350
45
  3
A3
350
46
  3
A4
350
47
  3
A5
350
48
  3
A6
350
49
  3
A7
350
4A
  3
A8
350
4B
  3
A9
350
4C
  3
B0
350
4D
  3
B1
350
4E
  3
B2
350
4F
  3
B3
350
50
  3
B4
350
51
  3
B5
350
52
  3
B6
350
53
  0
DICTIONARY
  5
68
102
{ACAD_REACTORS
330
C
102
}
330
C
100
AcDbDictionary
281
     1
  3
Imperial24
350
69
  0
DICTIONARY
  5
64
102
{ACAD_REACTORS
330
C
102
}
330
C
100
AcDbDictionary
281
     1
  3
Standard
350
65
  0
DICTIONARY
  5
29
102
{ACAD_REACTORS
330
C
102
}
330
C
100
AcDbDictionary
281
     1
  3
2dWireframe
350
2F
  3
Basic
350
2E
  3
Brighten
350
35
  3
ColorChange
350
39
  3
Conceptual
350
32
  3
Dim
350
34
  3
EdgeColorOff
350
41
  3
Facepattern
350
38
  3
Flat
350
2A
  3
FlatWithEdges
350
2B
  3
Gouraud
350
2C
  3
GouraudWithEdges
350
2D
  3
Hidden
350
31
  3
JitterOff
350
3F
  3
Linepattern
350
37
  3
OverhangOff
350
40
  3
Realistic
350
33
  3
Shaded
350
3E
  3
Shaded with edges
350
3D
  3
Shades of Gray
350
3A
  3
Sketchy
350
3B
  3
Thicken
350
36
  3
Wireframe
350
30
  3
X-Ray
350
3C
  0
XRECORD
  5
333
102
{ACAD_REACTORS
330
C
102
}
330
C
100
AcDbXrecord
280
     1
 90
        1
330
65
  0
DICTIONARY
  5
32A
102
{ACAD_REACTORS
330
C
102
}
330
C
100
AcDbDictionary
281
     1
  3
ANNOALLVISIBLE
350
32F
  3
CANNOSCALE
350
330
  3
CMLEADERSTYLE
350
32C
  3
CTABLESTYLE
350
32B
  3
CVIEWDETAILSTYLE
350
32D
  3
CVIEWSECTIONSTYLE
350
32E
  0
SORTENTSTABLE
  5
A5
102
{ACAD_REACTORS
330
A4
102
}
330
A4
100
AcDbSortentsTable
330
70
  0
ACDBDETAILVIEWSTYLE
  5
6B
102
{ACAD_XDICTIONARY
360
336
102
}
102
{ACAD_REACTORS
330
6A
102
}
330
6A
100
AcDbModelDocViewStyle
 70
     0
  3
Imperial24
290
     0
100
AcDbDetailViewStyle
 70
     0
 71
     0
 90
        3
 71
     1
340
55
 62
   256
 40
0.24
340
0
 62
   256
 40
0.24
300

 40
0.36
280
     3
 71
     2
340
5D
 90
       25
 62
   256
 71
     3
340
55
 62
   256
 40
0.24
 90
        1
 40
0.75
 90
        1
300
%<\AcVar ViewType \f "%tc1">% %<\AcVar ViewDetailId>%\PSCALE %<\AcVar ViewScale \f "%sn">%
 71
     4
340
5D
 90
       25
 62
   256
340
5D
 90
       25
 62
   256
280
     0
  0
LAYOUT
  5
73
102
{ACAD_REACTORS
330
62
102
}
330
62
100
AcDbPlotSettings
  1

  2
AutoCAD PDF (High Quality Print).pc3
  4
ISO_full_bleed_A3_(420.00_x_297.00_MM)
  6

 40
0.0
 41
0.0
 42
0.0
 43
0.0
 44
420.0
 45
297.0
 46
0.0
 47
0.0
 48
0.0
 49
0.0
140
0.0
141
0.0
142
1.0
143
5.219862
 70
 11952
 72
     1
 73
     0
 74
     0
  7

 75
     0
147
0.191576
 76
     0
 77
     2
 78
   300
148
1142.448364
149
574.364683
100
AcDbLayout
  1
Model
 70
     1
 71
     0
 10
0.0
 20
0.0
 11
12.0
 21
9.0
 12
0.0
 22
0.0
 32
0.0
 14
0.0
 24
0.0
 34
0.0
 15
0.0
 25
0.0
 35
0.0
146
0.0
 13
0.0
 23
0.0
 33
0.0
 16
1.0
 26
0.0
 36
0.0
 17
0.0
 27
1.0
 37
0.0
 76
     0
330
70
1001
ACAD_PSEXT
1000
AutoCAD PDF (High Quality Print).pc3
1000
DWG To PDF
1000
File
1000

1070
     0
  0
LAYOUT
  5
6F
102
{ACAD_REACTORS
330
62
102
}
330
62
100
AcDbPlotSettings
  1

  2
None
  4

  6

 40
0.0
 41
0.0
 42
0.0
 43
0.0
 44
0.0
 45
0.0
 46
0.0
 47
0.0
 48
0.0
 49
0.0
140
0.0
141
0.0
142
1.0
143
1.0
 70
   688
 72
     0
 73
     0
 74
     5
  7

 75
    16
147
1.0
 76
     0
 77
     2
 78
   300
148
0.0
149
0.0
100
AcDbLayout
  1
Sheet1
 70
     1
 71
     1
 10
0.0
 20
0.0
 11
12.0
 21
9.0
 12
0.0
 22
0.0
 32
0.0
 14
0.0
 24
0.0
 34
0.0
 15
0.0
 25
0.0
 35
0.0
146
0.0
 13
0.0
 23
0.0
 33
0.0
 16
1.0
 26
0.0
 36
0.0
 17
0.0
 27
1.0
 37
0.0
 76
     0
330
6C
  0
LAYOUT
  5
77
102
{ACAD_REACTORS
330
62
102
}
330
62
100
AcDbPlotSettings
  1

  2
None
  4

  6

 40
0.0
 41
0.0
 42
0.0
 43
0.0
 44
0.0
 45
0.0
 46
0.0
 47
0.0
 48
0.0
 49
0.0
140
0.0
141
0.0
142
1.0
143
1.0
 70
   688
 72
     0
 73
     0
 74
     5
  7

 75
    16
147
1.0
 76
     0
 77
     2
 78
   300
148
0.0
149
0.0
100
AcDbLayout
  1
Sheet2
 70
     1
 71
     2
 10
0.0
 20
0.0
 11
12.0
 21
9.0
 12
0.0
 22
0.0
 32
0.0
 14
0.0
 24
0.0
 34
0.0
 15
0.0
 25
0.0
 35
0.0
146
0.0
 13
0.0
 23
0.0
 33
0.0
 16
1.0
 26
0.0
 36
0.0
 17
0.0
 27
1.0
 37
0.0
 76
     0
330
74
  0
MATERIAL
  5
19
102
{ACAD_XDICTIONARY
360
1A
102
}
102
{ACAD_REACTORS
330
10
102
}
330
10
100
AcDbMaterial
  1
ByBlock
 72
     0
 43
0.020833
 43
0.0
 43
0.0
 43
0.0
 43
0.0
 43
0.020833
 43
0.0
 43
0.0
 43
0.0
 43
0.0
 43
1.0
 43
0.0
 43
0.0
 43
0.0
 43
0.0
 43
1.0
 77
     0
 47
0.020833
 47
0.0
 47
0.0
 47
0.0
 47
0.0
 47
0.020833
 47
0.0
 47
0.0
 47
0.0
 47
0.0
 47
1.0
 47
0.0
 47
0.0
 47
0.0
 47
0.0
 47
1.0
171
     0
 49
0.020833
 49
0.0
 49
0.0
 49
0.0
 49
0.0
 49
0.020833
 49
0.0
 49
0.0
 49
0.0
 49
0.0
 49
1.0
 49
0.0
 49
0.0
 49
0.0
 49
0.0
 49
1.0
175
     0
142
0.020833
142
0.0
142
0.0
142
0.0
142
0.0
142
0.020833
142
0.0
142
0.0
142
0.0
142
0.0
142
1.0
142
0.0
142
0.0
142
0.0
142
0.0
142
1.0
179
     0
144
0.020833
144
0.0
144
0.0
144
0.0
144
0.0
144
0.020833
144
0.0
144
0.0
144
0.0
144
0.0
144
1.0
144
0.0
144
0.0
144
0.0
144
0.0
144
1.0
147
0.020833
147
0.0
147
0.0
147
0.0
147
0.0
147
0.020833
147
0.0
147
0.0
147
0.0
147
0.0
147
1.0
147
0.0
147
0.0
147
0.0
147
0.0
147
1.0
  0
MATERIAL
  5
11
102
{ACAD_XDICTIONARY
360
12
102
}
102
{ACAD_REACTORS
330
10
102
}
330
10
100
AcDbMaterial
  1
ByLayer
 72
     0
 43
0.020833
 43
0.0
 43
0.0
 43
0.0
 43
0.0
 43
0.020833
 43
0.0
 43
0.0
 43
0.0
 43
0.0
 43
1.0
 43
0.0
 43
0.0
 43
0.0
 43
0.0
 43
1.0
 77
     0
 47
0.020833
 47
0.0
 47
0.0
 47
0.0
 47
0.0
 47
0.020833
 47
0.0
 47
0.0
 47
0.0
 47
0.0
 47
1.0
 47
0.0
 47
0.0
 47
0.0
 47
0.0
 47
1.0
171
     0
 49
0.020833
 49
0.0
 49
0.0
 49
0.0
 49
0.0
 49
0.020833
 49
0.0
 49
0.0
 49
0.0
 49
0.0
 49
1.0
 49
0.0
 49
0.0
 49
0.0
 49
0.0
 49
1.0
175
     0
142
0.020833
142
0.0
142
0.0
142
0.0
142
0.0
142
0.020833
142
0.0
142
0.0
142
0.0
142
0.0
142
1.0
142
0.0
142
0.0
142
0.0
142
0.0
142
1.0
179
     0
144
0.020833
144
0.0
144
0.0
144
0.0
144
0.0
144
0.020833
144
0.0
144
0.0
144
0.0
144
0.0
144
1.0
144
0.0
144
0.0
144
0.0
144
0.0
144
1.0
147
0.020833
147
0.0
147
0.0
147
0.0
147
0.0
147
0.020833
147
0.0
147
0.0
147
0.0
147
0.0
147
1.0
147
0.0
147
0.0
147
0.0
147
0.0
147
1.0
  0
MATERIAL
  5
21
102
{ACAD_XDICTIONARY
360
22
102
}
102
{ACAD_REACTORS
330
10
102
}
330
10
100
AcDbMaterial
  1
Global
 72
     0
 43
0.020833
 43
0.0
 43
0.0
 43
0.0
 43
0.0
 43
0.020833
 43
0.0
 43
0.0
 43
0.0
 43
0.0
 43
1.0
 43
0.0
 43
0.0
 43
0.0
 43
0.0
 43
1.0
 77
     0
 47
0.020833
 47
0.0
 47
0.0
 47
0.0
 47
0.0
 47
0.020833
 47
0.0
 47
0.0
 47
0.0
 47
0.0
 47
1.0
 47
0.0
 47
0.0
 47
0.0
 47
0.0
 47
1.0
171
     0
 49
0.020833
 49
0.0
 49
0.0
 49
0.0
 49
0.0
 49
0.020833
 49
0.0
 49
0.0
 49
0.0
 49
0.0
 49
1.0
 49
0.0
 49
0.0
 49
0.0
 49
0.0
 49
1.0
175
     0
142
0.020833
142
0.0
142
0.0
142
0.0
142
0.0
142
0.020833
142
0.0
142
0.0
142
0.0
142
0.0
142
1.0
142
0.0
142
0.0
142
0.0
142
0.0
142
1.0
179
     0
144
0.020833
144
0.0
144
0.0
144
0.0
144
0.0
144
0.020833
144
0.0
144
0.0
144
0.0
144
0.0
144
1.0
144
0.0
144
0.0
144
0.0
144
0.0
144
1.0
147
0.020833
147
0.0
147
0.0
147
0.0
147
0.0
147
0.020833
147
0.0
147
0.0
147
0.0
147
0.0
147
1.0
147
0.0
147
0.0
147
0.0
147
0.0
147
1.0
  0
MLEADERSTYLE
  5
67
102
{ACAD_REACTORS
330
66
102
}
330
66
100
AcDbMLeaderStyle
179
     2
170
     2
171
     1
172
     0
 90
        2
 40
0.0
 41
0.0
173
     1
 91
-1056964608
340
5B
 92
       -2
290
     1
 42
0.09
291
     1
 43
0.36
  3
Standard
 44
0.18
300

342
55
174
     1
178
     6
175
     1
176
     0
 93
-1056964608
 45
0.18
292
     0
297
     0
 46
0.18
 94
-1056964608
 47
1.0
 49
1.0
140
1.0
293
     1
141
0.0
294
     1
177
     0
142
1.0
295
     0
296
     0
143
0.125
271
     0
272
     9
273
     9
298
     1
  0
MLINESTYLE
  5
60
102
{ACAD_REACTORS
330
5F
102
}
330
5F
100
AcDbMlineStyle
  2
STANDARD
 70
     0
  3

 62
   256
 51
90.0
 52
90.0
 71
     0
  0
ACDBPLACEHOLDER
  5
F
102
{ACAD_REACTORS
330
E
102
}
330
E
  0
SCALE
  5
43
102
{ACAD_REACTORS
330
42
102
}
330
42
100
AcDbScale
 70
     0
300
1:1
140
1.0
141
1.0
290
     1
  0
SCALE
  5
44
102
{ACAD_REACTORS
330
42
102
}
330
42
100
AcDbScale
 70
     0
300
1:2
140
1.0
141
2.0
290
     0
  0
SCALE
  5
45
102
{ACAD_REACTORS
330
42
102
}
330
42
100
AcDbScale
 70
     0
300
1:4
140
1.0
141
4.0
290
     0
  0
SCALE
  5
46
102
{ACAD_REACTORS
330
42
102
}
330
42
100
AcDbScale
 70
     0
300
1:5
140
1.0
141
5.0
290
     0
  0
SCALE
  5
47
102
{ACAD_REACTORS
330
42
102
}
330
42
100
AcDbScale
 70
     0
300
1:8
140
1.0
141
8.0
290
     0
  0
SCALE
  5
48
102
{ACAD_REACTORS
330
42
102
}
330
42
100
AcDbScale
 70
     0
300
1:10
140
1.0
141
10.0
290
     0
  0
SCALE
  5
49
102
{ACAD_REACTORS
330
42
102
}
330
42
100
AcDbScale
 70
     0
300
1:16
140
1.0
141
16.0
290
     0
  0
SCALE
  5
4A
102
{ACAD_REACTORS
330
42
102
}
330
42
100
AcDbScale
 70
     0
300
1:20
140
1.0
141
20.0
290
     0
  0
SCALE
  5
4B
102
{ACAD_REACTORS
330
42
102
}
330
42
100
AcDbScale
 70
     0
300
1:30
140
1.0
141
30.0
290
     0
  0
SCALE
  5
4C
102
{ACAD_REACTORS
330
42
102
}
330
42
100
AcDbScale
 70
     0
300
1:40
140
1.0
141
40.0
290
     0
  0
SCALE
  5
4D
102
{ACAD_REACTORS
330
42
102
}
330
42
100
AcDbScale
 70
     0
300
1:50
140
1.0
141
50.0
290
     0
  0
SCALE
  5
4E
102
{ACAD_REACTORS
330
42
102
}
330
42
100
AcDbScale
 70
     0
300
1:100
140
1.0
141
100.0
290
     0
  0
SCALE
  5
4F
102
{ACAD_REACTORS
330
42
102
}
330
42
100
AcDbScale
 70
     0
300
2:1
140
2.0
141
1.0
290
     0
  0
SCALE
  5
50
102
{ACAD_REACTORS
330
42
102
}
330
42
100
AcDbScale
 70
     0
300
4:1
140
4.0
141
1.0
290
     0
  0
SCALE
  5
51
102
{ACAD_REACTORS
330
42
102
}
330
42
100
AcDbScale
 70
     0
300
8:1
140
8.0
141
1.0
290
     0
  0
SCALE
  5
52
102
{ACAD_REACTORS
330
42
102
}
330
42
100
AcDbScale
 70
     0
300
10:1
140
10.0
141
1.0
290
     0
  0
SCALE
  5
53
102
{ACAD_REACTORS
330
42
102
}
330
42
100
AcDbScale
 70
     0
300
100:1
140
100.0
141
1.0
290
     0
  0
ACDBSECTIONVIEWSTYLE
  5
69
102
{ACAD_XDICTIONARY
360
334
102
}
102
{ACAD_REACTORS
330
68
102
}
330
68
100
AcDbModelDocViewStyle
 70
     0
  3
Imperial24
290
     0
100
AcDbSectionViewStyle
 70
     0
 71
     0
 90
       78
 71
     1
340
55
 62
   256
 40
0.24
340
0
340
0
 62
   256
 40
0.24
300
I, O, Q, S, X, Z
 40
0.48
 90
        3
 40
0.18
 90
        1
 71
     2
340
5D
 90
       25
 62
   256
340
5D
 90
       50
 62
   256
 40
0.24
 40
0.0
 40
0.24
 71
     3
340
55
 62
   256
 40
0.24
 90
        1
 40
0.75
 90
        1
300
%<\AcVar ViewType \f "%tc1">% %<\AcVar ViewSectionStartId>%-%<\AcVar ViewSectionEndId>%\PSCALE %<\AcVar ViewScale \f "%sn">%
 71
     4
 62
   256
 62
   257
300
ANSI31
 40
1.0
 90
        0
290
     0
290
     0
 90
        6
 40
0.0
 40
1.570796
 40
0.261799
 40
1.308997
 40
-0.261799
 40
1.832596
  0
TABLESTYLE
  5
65
102
{ACAD_XDICTIONARY
360
331
102
}
102
{ACAD_REACTORS
330
64
102
}
330
64
100
AcDbTableStyle
280
     0
  3
Standard
 70
     0
 71
     0
 40
1.5
 41
1.5
280
     0
281
     0
  7
Standard
140
0.18
170
     2
 62
     0
 63
     7
283
     0
 90
      512
 91
        0
  1

274
    -2
284
     1
 64
     0
275
    -2
285
     1
 65
     0
276
    -2
286
     1
 66
     0
277
    -2
287
     1
 67
     0
278
    -2
288
     1
 68
     0
279
    -2
289
     1
 69
     0
  7
Standard
140
0.25
170
     5
 62
     0
 63
     7
283
     0
 90
      512
 91
        0
  1

274
    -2
284
     1
 64
     0
275
    -2
285
     1
 65
     0
276
    -2
286
     1
 66
     0
277
    -2
287
     1
 67
     0
278
    -2
288
     1
 68
     0
279
    -2
289
     1
 69
     0
  7
Standard
140
0.18
170
     5
 62
     0
 63
     7
283
     0
 90
      512
 91
        0
  1

274
    -2
284
     1
 64
     0
275
    -2
285
     1
 65
     0
276
    -2
286
     1
 66
     0
277
    -2
287
     1
 67
     0
278
    -2
288
     1
 68
     0
279
    -2
289
     1
 69
     0
  0
VISUALSTYLE
  5
2F
102
{ACAD_REACTORS
330
29
102
}
330
29
100
AcDbVisualStyle
  2
2dWireframe
 70
     4
177
     3
291
     0
 70
    58
 90
        0
176
     1
 90
        2
176
     1
 90
        0
176
     1
 90
        0
176
     1
 40
0.6
176
     1
 40
30.0
176
     1
 62
     7
420
 16777215
176
     1
 90
        1
176
     1
 90
        4
176
     1
 62
     7
176
     1
 62
   257
176
     1
 90
        1
176
     1
 90
        1
176
     1
 40
1.0
176
     1
 90
        0
176
     1
 62
   257
176
     1
 40
1.0
176
     1
 90
        1
176
     1
 90
        6
176
     1
 90
        2
176
     1
 62
     7
176
     1
 90
        5
176
     1
 90
        0
176
     1
 90
        0
176
     1
290
     0
176
     1
 90
        1
176
     1
 40
0.0
176
     1
 90
        0
176
     1
290
     1
176
     1
290
     1
176
     1
290
     0
176
     1
290
     0
176
     1
290
     0
176
     1
290
     0
176
     1
290
     0
176
     1
290
     0
176
     1
290
     0
176
     1
 90
       50
176
     1
 40
0.0
176
     1
 40
1.0
176
     1
 90
        0
176
     1
 62
    18
420
        0
176
     1
 90
       50
176
     1
 90
        3
176
     1
 62
     5
420
      255
176
     1
290
     0
176
     1
 90
       50
176
     1
 90
       50
176
     1
 90
       50
176
     1
290
     0
176
     1
 90
       50
176
     1
 62
   256
176
     0
 40
1.0
176
     0
 90
        2
176
     1
  1
strokes_ogs.tif
176
     1
290
     0
176
     1
 40
1.0
176
     1
 40
1.0
176
     1
1001
ACAD
1000
AcDbSavedByObjectVersion
1070
     0
  0
VISUALSTYLE
  5
2E
102
{ACAD_REACTORS
330
29
102
}
330
29
100
AcDbVisualStyle
  2
Basic
 70
     7
177
     3
291
     1
 70
    58
 90
        1
176
     1
 90
        0
176
     1
 90
        1
176
     1
 90
        0
176
     1
 40
0.6
176
     1
 40
30.0
176
     1
 62
     7
420
 16777215
176
     1
 90
        0
176
     1
 90
        4
176
     1
 62
     7
176
     1
 62
   257
176
     1
 90
        1
176
     1
 90
        1
176
     1
 40
1.0
176
     1
 90
        8
176
     1
 62
     7
176
     1
 40
1.0
176
     1
 90
        1
176
     1
 90
        6
176
     1
 90
        2
176
     1
 62
     7
176
     1
 90
        5
176
     1
 90
        0
176
     1
 90
        0
176
     1
290
     0
176
     1
 90
        1
176
     1
 40
0.0
176
     1
 90
        0
176
     1
290
     0
176
     1
290
     1
176
     1
290
     1
176
     1
290
     0
176
     1
290
     0
176
     1
290
     0
176
     1
290
     0
176
     1
290
     0
176
     1
290
     0
176
     1
 90
       50
176
     1
 40
0.0
176
     1
 40
1.0
176
     1
 90
        0
176
     1
 62
    18
420
        0
176
     1
 90
       50
176
     1
 90
        3
176
     1
 62
     5
420
      255
176
     1
290
     0
176
     1
 90
       50
176
     1
 90
       50
176
     1
 90
       50
176
     1
290
     0
176
     1
 90
       50
176
     1
 62
   256
176
     0
 40
1.0
176
     0
 90
        2
176
     1
  1
strokes_ogs.tif
176
     1
290
     0
176
     1
 40
1.0
176
     1
 40
1.0
176
     1
1001
ACAD
1000
AcDbSavedByObjectVersion
1070
     0
  0
VISUALSTYLE
  5
35
102
{ACAD_REACTORS
330
29
102
}
330
29
100
AcDbVisualStyle
  2
Brighten
 70
    12
177
     3
291
     1
 70
    58
 90
        2
176
     1
 90
        2
176
     1
 90
        0
176
     1
 90
        0
176
     1
 40
0.6
176
     1
 40
30.0
176
     1
 62
     7
420
 16777215
176
     1
 90
        1
176
     1
 90
        4
176
     1
 62
     7
176
     1
 62
   257
176
     1
 90
        1
176
     1
 90
        1
176
     1
 40
1.0
176
     1
 90
        8
176
     1
 62
     7
176
     1
 40
1.0
176
     1
 90
        1
176
     1
 90
        6
176
     1
 90
        2
176
     1
 62
     7
176
     1
 90
        5
176
     1
 90
        0
176
     1
 90
        0
176
     1
290
     0
176
     1
 90
        1
176
     1
 40
50.0
176
     1
 90
        0
176
     1
290
     0
176
     1
290
     1
176
     1
290
     1
176
     1
290
     0
176
     1
290
     0
176
     1
290
     0
176
     1
290
     0
176
     1
290
     0
176
     1
290
     0
176
     1
 90
       50
176
     1
 40
0.0
176
     1
 40
1.0
176
     1
 90
        0
176
     1
 62
    18
420
        0
176
     1
 90
       50
176
     1
 90
        3
176
     1
 62
     5
420
      255
176
     1
290
     0
176
     1
 90
       50
176
     1
 90
       50
176
     1
 90
       50
176
     1
290
     0
176
     1
 90
       50
176
     1
 62
   256
176
     0
 40
1.0
176
     0
 90
        2
176
     1
  1
strokes_ogs.tif
176
     1
290
     0
176
     1
 40
1.0
176
     1
 40
1.0
176
     1
1001
ACAD
1000
AcDbSavedByObjectVersion
1070
     0
  0
VISUALSTYLE
  5
39
102
{ACAD_REACTORS
330
29
102
}
330
29
100
AcDbVisualStyle
  2
ColorChange
 70
    16
177
     3
291
     1
 70
    58
 90
        2
176
     1
 90
        2
176
     1
 90
        3
176
     1
 90
        0
176
     1
 40
0.6
176
     1
 40
30.0
176
     1
 62
     8
420
  8421504
176
     1
 90
        1
176
     1
 90
        4
176
     1
 62
     7
176
     1
 62
   257
176
     1
 90
        1
176
     1
 90
        1
176
     1
 40
1.0
176
     1
 90
        8
176
     1
 62
     8
420
  8421504
176
     1
 40
1.0
176
     1
 90
        1
176
     1
 90
        6
176
     1
 90
        2
176
     1
 62
     7
176
     1
 90
        5
176
     1
 90
        0
176
     1
 90
        0
176
     1
290
     0
176
     1
 90
        1
176
     1
 40
0.0
176
     1
 90
        0
176
     1
290
     0
176
     1
290
     1
176
     1
290
     1
176
     1
290
     0
176
     1
290
     0
176
     1
290
     0
176
     1
290
     0
176
     1
290
     0
176
     1
290
     0
176
     1
 90
       50
176
     1
 40
0.0
176
     1
 40
1.0
176
     1
 90
        0
176
     1
 62
    18
420
        0
176
     1
 90
       50
176
     1
 90
        3
176
     1
 62
     5
420
      255
176
     1
290
     0
176
     1
 90
       50
176
     1
 90
       50
176
     1
 90
       50
176
     1
290
     0
176
     1
 90
       50
176
     1
 62
   256
176
     0
 40
1.0
176
     0
 90
        2
176
     1
  1
strokes_ogs.tif
176
     1
290
     0
176
     1
 40
1.0
176
     1
 40
1.0
176
     1
1001
ACAD
1000
AcDbSavedByObjectVersion
1070
     0
  0
VISUALSTYLE
  5
32
102
{ACAD_REACTORS
330
29
102
}
330
29
100
AcDbVisualStyle
  2
Conceptual
 70
     9
177
     3
291
     0
 70
    58
 90
        3
176
     1
 90
        2
176
     1
 90
        0
176
     1
 90
        0
176
     1
 40
0.6
176
     1
 40
30.0
176
     1
 62
     7
420
 16777215
176
     1
 90
        2
176
     1
 90
        2
176
     1
 62
     7
176
     1
 62
   257
176
     1
 90
        1
176
     1
 90
        1
176
     1
 40
179.0
176
     1
 90
        8
176
     1
 62
     7
176
     1
 40
1.0
176
     1
 90
        1
176
     1
 90
        6
176
     1
 90
        2
176
     1
 62
     7
176
     1
 90
        3
176
     1
 90
        0
176
     1
 90
        0
176
     1
290
     0
176
     1
 90
        1
176
     1
 40
0.0
176
     1
 90
        0
176
     1
290
     0
176
     1
290
     1
176
     1
290
     1
176
     1
290
     0
176
     1
290
     0
176
     1
290
     0
176
     1
290
     0
176
     1
290
     0
176
     1
290
     0
176
     1
 90
       50
176
     1
 40
0.0
176
     1
 40
1.0
176
     1
 90
        0
176
     1
 62
    18
420
        0
176
     1
 90
       50
176
     1
 90
        3
176
     1
 62
     5
420
      255
176
     1
290
     0
176
     1
 90
       50
176
     1
 90
       50
176
     1
 90
       50
176
     1
290
     0
176
     1
 90
       50
176
     1
 62
   256
176
     0
 40
1.0
176
     0
 90
        2
176
     1
  1
strokes_ogs.tif
176
     1
290
     0
176
     1
 40
1.0
176
     1
 40
1.0
176
     1
1001
ACAD
1000
AcDbSavedByObjectVersion
1070
     0
  0
VISUALSTYLE
  5
34
102
{ACAD_REACTORS
330
29
102
}
330
29
100
AcDbVisualStyle
  2
Dim
 70
    11
177
     3
291
     1
 70
    58
 90
        2
176
     1
 90
        2
176
     1
 90
        0
176
     1
 90
        0
176
     1
 40
0.6
176
     1
 40
30.0
176
     1
 62
     7
420
 16777215
176
     1
 90
        1
176
     1
 90
        4
176
     1
 62
     7
176
     1
 62
   257
176
     1
 90
        1
176
     1
 90
        1
176
     1
 40
1.0
176
     1
 90
        8
176
     1
 62
     7
176
     1
 40
1.0
176
     1
 90
        1
176
     1
 90
        6
176
     1
 90
        2
176
     1
 62
     7
176
     1
 90
        5
176
     1
 90
        0
176
     1
 90
        0
176
     1
290
     0
176
     1
 90
        1
176
     1
 40
-50.0
176
     1
 90
        0
176
     1
290
     0
176
     1
290
     1
176
     1
290
     1
176
     1
290
     0
176
     1
290
     0
176
     1
290
     0
176
     1
290
     0
176
     1
290
     0
176
     1
290
     0
176
     1
 90
       50
176
     1
 40
0.0
176
     1
 40
1.0
176
     1
 90
        0
176
     1
 62
    18
420
        0
176
     1
 90
       50
176
     1
 90
        3
176
     1
 62
     5
420
      255
176
     1
290
     0
176
     1
 90
       50
176
     1
 90
       50
176
     1
 90
       50
176
     1
290
     0
176
     1
 90
       50
176
     1
 62
   256
176
     0
 40
1.0
176
     0
 90
        2
176
     1
  1
strokes_ogs.tif
176
     1
290
     0
176
     1
 40
1.0
176
     1
 40
1.0
176
     1
1001
ACAD
1000
AcDbSavedByObjectVersion
1070
     0
  0
VISUALSTYLE
  5
41
102
{ACAD_REACTORS
330
29
102
}
330
29
100
AcDbVisualStyle
  2
EdgeColorOff
 70
    22
177
     3
291
     1
 70
    58
 90
        2
176
     0
 90
        2
176
     0
 90
        0
176
     0
 90
        0
176
     0
 40
0.6
176
     0
 40
30.0
176
     0
 62
     7
420
 16777215
176
     0
 90
        1
176
     0
 90
        4
176
     0
 62
     7
176
     0
 62
   257
176
     0
 90
        1
176
     0
 90
        1
176
     0
 40
1.0
176
     0
 90
        8
176
     2
 62
     7
176
     0
 40
1.0
176
     0
 90
        1
176
     0
 90
        6
176
     0
 90
        2
176
     0
 62
     7
176
     0
 90
        5
176
     0
 90
        0
176
     0
 90
        0
176
     0
290
     0
176
     0
 90
        1
176
     0
 40
0.0
176
     0
 90
        0
176
     0
290
     0
176
     0
290
     1
176
     0
290
     1
176
     0
290
     0
176
     0
290
     0
176
     0
290
     0
176
     0
290
     0
176
     0
290
     0
176
     0
290
     0
176
     0
 90
       50
176
     0
 40
0.0
176
     0
 40
1.0
176
     0
 90
        0
176
     0
 62
    18
420
        0
176
     0
 90
       50
176
     0
 90
        3
176
     0
 62
     5
420
      255
176
     0
290
     0
176
     0
 90
       50
176
     0
 90
       50
176
     0
 90
       50
176
     0
290
     0
176
     0
 90
       50
176
     0
 62
   256
176
     0
 40
1.0
176
     0
 90
        2
176
     0
  1
strokes_ogs.tif
176
     0
290
     0
176
     0
 40
1.0
176
     0
 40
1.0
176
     0
1001
ACAD
1000
AcDbSavedByObjectVersion
1070
     0
  0
VISUALSTYLE
  5
38
102
{ACAD_REACTORS
330
29
102
}
330
29
100
AcDbVisualStyle
  2
Facepattern
 70
    15
177
     3
291
     1
 70
    58
 90
        2
176
     1
 90
        2
176
     1
 90
        0
176
     1
 90
        0
176
     1
 40
0.6
176
     1
 40
30.0
176
     1
 62
     7
420
 16777215
176
     1
 90
        1
176
     1
 90
        4
176
     1
 62
     7
176
     1
 62
   257
176
     1
 90
        1
176
     1
 90
        1
176
     1
 40
1.0
176
     1
 90
        8
176
     1
 62
     7
176
     1
 40
1.0
176
     1
 90
        1
176
     1
 90
        6
176
     1
 90
        2
176
     1
 62
     7
176
     1
 90
        5
176
     1
 90
        0
176
     1
 90
        0
176
     1
290
     0
176
     1
 90
        1
176
     1
 40
0.0
176
     1
 90
        0
176
     1
290
     0
176
     1
290
     1
176
     1
290
     1
176
     1
290
     0
176
     1
290
     0
176
     1
290
     0
176
     1
290
     0
176
     1
290
     0
176
     1
290
     0
176
     1
 90
       50
176
     1
 40
0.0
176
     1
 40
1.0
176
     1
 90
        0
176
     1
 62
    18
420
        0
176
     1
 90
       50
176
     1
 90
        3
176
     1
 62
     5
420
      255
176
     1
290
     0
176
     1
 90
       50
176
     1
 90
       50
176
     1
 90
       50
176
     1
290
     0
176
     1
 90
       50
176
     1
 62
   256
176
     0
 40
1.0
176
     0
 90
        2
176
     1
  1
strokes_ogs.tif
176
     1
290
     0
176
     1
 40
1.0
176
     1
 40
1.0
176
     1
1001
ACAD
1000
AcDbSavedByObjectVersion
1070
     0
  0
VISUALSTYLE
  5
2A
102
{ACAD_REACTORS
330
29
102
}
330
29
100
AcDbVisualStyle
  2
Flat
 70
     0
177
     3
291
     1
 70
    58
 90
        2
176
     1
 90
        1
176
     1
 90
        1
176
     1
 90
        2
176
     1
 40
0.6
176
     1
 40
30.0
176
     1
 62
     7
420
 16777215
176
     1
 90
        0
176
     1
 90
        0
176
     1
 62
     7
176
     1
 62
   257
176
     1
 90
        1
176
     1
 90
        1
176
     1
 40
1.0
176
     1
 90
        8
176
     1
 62
     7
176
     1
 40
1.0
176
     1
 90
        1
176
     1
 90
        6
176
     1
 90
        2
176
     1
 62
     7
176
     1
 90
        5
176
     1
 90
        0
176
     1
 90
        0
176
     1
290
     0
176
     1
 90
       13
176
     1
 40
0.0
176
     1
 90
        0
176
     1
290
     0
176
     1
290
     1
176
     1
290
     1
176
     1
290
     0
176
     1
290
     0
176
     1
290
     0
176
     1
290
     0
176
     1
290
     0
176
     1
290
     0
176
     1
 90
       50
176
     1
 40
0.0
176
     1
 40
1.0
176
     1
 90
        0
176
     1
 62
    18
420
        0
176
     1
 90
       50
176
     1
 90
        3
176
     1
 62
     5
420
      255
176
     1
290
     0
176
     1
 90
       50
176
     1
 90
       50
176
     1
 90
       50
176
     1
290
     0
176
     1
 90
       50
176
     1
 62
   256
176
     0
 40
1.0
176
     0
 90
        2
176
     1
  1
strokes_ogs.tif
176
     1
290
     0
176
     1
 40
1.0
176
     1
 40
1.0
176
     1
1001
ACAD
1000
AcDbSavedByObjectVersion
1070
     0
  0
VISUALSTYLE
  5
2B
102
{ACAD_REACTORS
330
29
102
}
330
29
100
AcDbVisualStyle
  2
FlatWithEdges
 70
     1
177
     3
291
     1
 70
    58
 90
        2
176
     1
 90
        1
176
     1
 90
        1
176
     1
 90
        2
176
     1
 40
0.6
176
     1
 40
30.0
176
     1
 62
     7
420
 16777215
176
     1
 90
        1
176
     1
 90
        0
176
     1
 62
     7
176
     1
 62
   257
176
     1
 90
        1
176
     1
 90
        1
176
     1
 40
1.0
176
     1
 90
        0
176
     1
 62
   257
176
     1
 40
1.0
176
     1
 90
        1
176
     1
 90
        6
176
     1
 90
        2
176
     1
 62
     7
176
     1
 90
        5
176
     1
 90
        0
176
     1
 90
        0
176
     1
290
     0
176
     1
 90
       13
176
     1
 40
0.0
176
     1
 90
        0
176
     1
290
     0
176
     1
290
     1
176
     1
290
     1
176
     1
290
     0
176
     1
290
     0
176
     1
290
     0
176
     1
290
     0
176
     1
290
     0
176
     1
290
     0
176
     1
 90
       50
176
     1
 40
0.0
176
     1
 40
1.0
176
     1
 90
        0
176
     1
 62
    18
420
        0
176
     1
 90
       50
176
     1
 90
        3
176
     1
 62
     5
420
      255
176
     1
290
     0
176
     1
 90
       50
176
     1
 90
       50
176
     1
 90
       50
176
     1
290
     0
176
     1
 90
       50
176
     1
 62
   256
176
     0
 40
1.0
176
     0
 90
        2
176
     1
  1
strokes_ogs.tif
176
     1
290
     0
176
     1
 40
1.0
176
     1
 40
1.0
176
     1
1001
ACAD
1000
AcDbSavedByObjectVersion
1070
     0
  0
VISUALSTYLE
  5
2C
102
{ACAD_REACTORS
330
29
102
}
330
29
100
AcDbVisualStyle
  2
Gouraud
 70
     2
177
     3
291
     1
 70
    58
 90
        2
176
     1
 90
        2
176
     1
 90
        1
176
     1
 90
        2
176
     1
 40
0.6
176
     1
 40
30.0
176
     1
 62
     7
420
 16777215
176
     1
 90
        0
176
     1
 90
        0
176
     1
 62
     7
176
     1
 62
   257
176
     1
 90
        1
176
     1
 90
        1
176
     1
 40
1.0
176
     1
 90
        0
176
     1
 62
     7
176
     1
 40
1.0
176
     1
 90
        1
176
     1
 90
        6
176
     1
 90
        2
176
     1
 62
     7
176
     1
 90
        5
176
     1
 90
        0
176
     1
 90
        0
176
     1
290
     0
176
     1
 90
       13
176
     1
 40
0.0
176
     1
 90
        0
176
     1
290
     0
176
     1
290
     1
176
     1
290
     1
176
     1
290
     0
176
     1
290
     0
176
     1
290
     0
176
     1
290
     0
176
     1
290
     0
176
     1
290
     0
176
     1
 90
       50
176
     1
 40
0.0
176
     1
 40
1.0
176
     1
 90
        0
176
     1
 62
    18
420
        0
176
     1
 90
       50
176
     1
 90
        3
176
     1
 62
     5
420
      255
176
     1
290
     0
176
     1
 90
       50
176
     1
 90
       50
176
     1
 90
       50
176
     1
290
     0
176
     1
 90
       50
176
     1
 62
   256
176
     0
 40
1.0
176
     0
 90
        2
176
     1
  1
strokes_ogs.tif
176
     1
290
     0
176
     1
 40
1.0
176
     1
 40
1.0
176
     1
1001
ACAD
1000
AcDbSavedByObjectVersion
1070
     0
  0
VISUALSTYLE
  5
2D
102
{ACAD_REACTORS
330
29
102
}
330
29
100
AcDbVisualStyle
  2
GouraudWithEdges
 70
     3
177
     3
291
     1
 70
    58
 90
        2
176
     1
 90
        2
176
     1
 90
        1
176
     1
 90
        2
176
     1
 40
0.6
176
     1
 40
30.0
176
     1
 62
     7
420
 16777215
176
     1
 90
        1
176
     1
 90
        0
176
     1
 62
     7
176
     1
 62
   257
176
     1
 90
        1
176
     1
 90
        1
176
     1
 40
1.0
176
     1
 90
        0
176
     1
 62
   257
176
     1
 40
1.0
176
     1
 90
        1
176
     1
 90
        6
176
     1
 90
        2
176
     1
 62
     7
176
     1
 90
        5
176
     1
 90
        0
176
     1
 90
        0
176
     1
290
     0
176
     1
 90
       13
176
     1
 40
0.0
176
     1
 90
        0
176
     1
290
     0
176
     1
290
     1
176
     1
290
     1
176
     1
290
     0
176
     1
290
     0
176
     1
290
     0
176
     1
290
     0
176
     1
290
     0
176
     1
290
     0
176
     1
 90
       50
176
     1
 40
0.0
176
     1
 40
1.0
176
     1
 90
        0
176
     1
 62
    18
420
        0
176
     1
 90
       50
176
     1
 90
        3
176
     1
 62
     5
420
      255
176
     1
290
     0
176
     1
 90
       50
176
     1
 90
       50
176
     1
 90
       50
176
     1
290
     0
176
     1
 90
       50
176
     1
 62
   256
176
     0
 40
1.0
176
     0
 90
        2
176
     1
  1
strokes_ogs.tif
176
     1
290
     0
176
     1
 40
1.0
176
     1
 40
1.0
176
     1
1001
ACAD
1000
AcDbSavedByObjectVersion
1070
     0
  0
VISUALSTYLE
  5
31
102
{ACAD_REACTORS
330
29
102
}
330
29
100
AcDbVisualStyle
  2
Hidden
 70
     6
177
     3
291
     0
 70
    58
 90
        1
176
     1
 90
        2
176
     1
 90
        2
176
     1
 90
        0
176
     1
 40
0.6
176
     1
 40
30.0
176
     1
 62
     7
420
 16777215
176
     1
 90
        2
176
     1
 90
        2
176
     1
 62
     7
176
     1
 62
   257
176
     1
 90
        2
176
     1
 90
        1
176
     1
 40
40.0
176
     1
 90
        0
176
     1
 62
   257
176
     1
 40
1.0
176
     1
 90
        1
176
     1
 90
        6
176
     1
 90
        2
176
     1
 62
     7
176
     1
 90
        3
176
     1
 90
        0
176
     1
 90
        0
176
     1
290
     0
176
     1
 90
        1
176
     1
 40
0.0
176
     1
 90
        0
176
     1
290
     0
176
     1
290
     1
176
     1
290
     1
176
     1
290
     0
176
     1
290
     0
176
     1
290
     0
176
     1
290
     0
176
     1
290
     0
176
     1
290
     0
176
     1
 90
       50
176
     1
 40
0.0
176
     1
 40
1.0
176
     1
 90
        0
176
     1
 62
    18
420
        0
176
     1
 90
       50
176
     1
 90
        3
176
     1
 62
     5
420
      255
176
     1
290
     0
176
     1
 90
       50
176
     1
 90
       50
176
     1
 90
       50
176
     1
290
     0
176
     1
 90
       50
176
     1
 62
   256
176
     0
 40
1.0
176
     0
 90
        2
176
     1
  1
strokes_ogs.tif
176
     1
290
     0
176
     1
 40
1.0
176
     1
 40
1.0
176
     1
1001
ACAD
1000
AcDbSavedByObjectVersion
1070
     0
  0
VISUALSTYLE
  5
3F
102
{ACAD_REACTORS
330
29
102
}
330
29
100
AcDbVisualStyle
  2
JitterOff
 70
    20
177
     3
291
     1
 70
    58
 90
        2
176
     0
 90
        2
176
     0
 90
        0
176
     0
 90
        0
176
     0
 40
0.6
176
     0
 40
30.0
176
     0
 62
     7
420
 16777215
176
     0
 90
        1
176
     0
 90
        4
176
     0
 62
     7
176
     0
 62
   257
176
     0
 90
        1
176
     0
 90
        1
176
     0
 40
1.0
176
     0
 90
       10
176
     2
 62
     7
176
     0
 40
1.0
176
     0
 90
        1
176
     0
 90
        6
176
     0
 90
        2
176
     0
 62
     7
176
     0
 90
        5
176
     0
 90
        0
176
     0
 90
        0
176
     0
290
     0
176
     0
 90
        1
176
     0
 40
0.0
176
     0
 90
        0
176
     0
290
     0
176
     0
290
     1
176
     0
290
     1
176
     0
290
     0
176
     0
290
     0
176
     0
290
     0
176
     0
290
     0
176
     0
290
     0
176
     0
290
     0
176
     0
 90
       50
176
     0
 40
0.0
176
     0
 40
1.0
176
     0
 90
        0
176
     0
 62
    18
420
        0
176
     0
 90
       50
176
     0
 90
        3
176
     0
 62
     5
420
      255
176
     0
290
     0
176
     0
 90
       50
176
     0
 90
       50
176
     0
 90
       50
176
     0
290
     0
176
     0
 90
       50
176
     0
 62
   256
176
     0
 40
1.0
176
     0
 90
        2
176
     0
  1
strokes_ogs.tif
176
     0
290
     0
176
     0
 40
1.0
176
     0
 40
1.0
176
     0
1001
ACAD
1000
AcDbSavedByObjectVersion
1070
     0
  0
VISUALSTYLE
  5
37
102
{ACAD_REACTORS
330
29
102
}
330
29
100
AcDbVisualStyle
  2
Linepattern
 70
    14
177
     3
291
     1
 70
    58
 90
        2
176
     1
 90
        2
176
     1
 90
        0
176
     1
 90
        0
176
     1
 40
0.6
176
     1
 40
30.0
176
     1
 62
     7
420
 16777215
176
     1
 90
        1
176
     1
 90
        4
176
     1
 62
     7
176
     1
 62
   257
176
     1
 90
        7
176
     1
 90
        7
176
     1
 40
1.0
176
     1
 90
        8
176
     1
 62
     7
176
     1
 40
1.0
176
     1
 90
        1
176
     1
 90
        6
176
     1
 90
        2
176
     1
 62
     7
176
     1
 90
        5
176
     1
 90
        0
176
     1
 90
        0
176
     1
290
     0
176
     1
 90
        1
176
     1
 40
0.0
176
     1
 90
        0
176
     1
290
     0
176
     1
290
     1
176
     1
290
     1
176
     1
290
     0
176
     1
290
     0
176
     1
290
     0
176
     1
290
     0
176
     1
290
     0
176
     1
290
     0
176
     1
 90
       50
176
     1
 40
0.0
176
     1
 40
1.0
176
     1
 90
        0
176
     1
 62
    18
420
        0
176
     1
 90
       50
176
     1
 90
        3
176
     1
 62
     5
420
      255
176
     1
290
     0
176
     1
 90
       50
176
     1
 90
       50
176
     1
 90
       50
176
     1
290
     0
176
     1
 90
       50
176
     1
 62
   256
176
     0
 40
1.0
176
     0
 90
        2
176
     1
  1
strokes_ogs.tif
176
     1
290
     0
176
     1
 40
1.0
176
     1
 40
1.0
176
     1
1001
ACAD
1000
AcDbSavedByObjectVersion
1070
     0
  0
VISUALSTYLE
  5
40
102
{ACAD_REACTORS
330
29
102
}
330
29
100
AcDbVisualStyle
  2
OverhangOff
 70
    21
177
     3
291
     1
 70
    58
 90
        2
176
     0
 90
        2
176
     0
 90
        0
176
     0
 90
        0
176
     0
 40
0.6
176
     0
 40
30.0
176
     0
 62
     7
420
 16777215
176
     0
 90
        1
176
     0
 90
        4
176
     0
 62
     7
176
     0
 62
   257
176
     0
 90
        1
176
     0
 90
        1
176
     0
 40
1.0
176
     0
 90
        9
176
     2
 62
     7
176
     0
 40
1.0
176
     0
 90
        1
176
     0
 90
        6
176
     0
 90
        2
176
     0
 62
     7
176
     0
 90
        5
176
     0
 90
        0
176
     0
 90
        0
176
     0
290
     0
176
     0
 90
        1
176
     0
 40
0.0
176
     0
 90
        0
176
     0
290
     0
176
     0
290
     1
176
     0
290
     1
176
     0
290
     0
176
     0
290
     0
176
     0
290
     0
176
     0
290
     0
176
     0
290
     0
176
     0
290
     0
176
     0
 90
       50
176
     0
 40
0.0
176
     0
 40
1.0
176
     0
 90
        0
176
     0
 62
    18
420
        0
176
     0
 90
       50
176
     0
 90
        3
176
     0
 62
     5
420
      255
176
     0
290
     0
176
     0
 90
       50
176
     0
 90
       50
176
     0
 90
       50
176
     0
290
     0
176
     0
 90
       50
176
     0
 62
   256
176
     0
 40
1.0
176
     0
 90
        2
176
     0
  1
strokes_ogs.tif
176
     0
290
     0
176
     0
 40
1.0
176
     0
 40
1.0
176
     0
1001
ACAD
1000
AcDbSavedByObjectVersion
1070
     0
  0
VISUALSTYLE
  5
33
102
{ACAD_REACTORS
330
29
102
}
330
29
100
AcDbVisualStyle
  2
Realistic
 70
     8
177
     3
291
     0
 70
    58
 90
        2
176
     1
 90
        3
176
     1
 90
        0
176
     1
 90
        2
176
     1
 40
0.6
176
     1
 40
30.0
176
     1
 62
     7
420
 16777215
176
     1
 90
        0
176
     1
 90
        0
176
     1
 62
     7
176
     1
 62
   257
176
     1
 90
        1
176
     1
 90
        1
176
     1
 40
1.0
176
     1
 90
        8
176
     1
 62
   257
176
     1
 40
1.0
176
     1
 90
        1
176
     1
 90
        6
176
     1
 90
        2
176
     1
 62
     7
176
     1
 90
        3
176
     1
 90
        0
176
     1
 90
        0
176
     1
290
     0
176
     1
 90
       13
176
     1
 40
0.0
176
     1
 90
        0
176
     1
290
     0
176
     1
290
     1
176
     1
290
     1
176
     1
290
     0
176
     1
290
     0
176
     1
290
     0
176
     1
290
     0
176
     1
290
     0
176
     1
290
     0
176
     1
 90
       50
176
     1
 40
0.0
176
     1
 40
1.0
176
     1
 90
        0
176
     1
 62
    18
420
        0
176
     1
 90
       50
176
     1
 90
        3
176
     1
 62
     5
420
      255
176
     1
290
     0
176
     1
 90
       50
176
     1
 90
       50
176
     1
 90
       50
176
     1
290
     0
176
     1
 90
       50
176
     1
 62
   256
176
     0
 40
1.0
176
     0
 90
        2
176
     1
  1
strokes_ogs.tif
176
     1
290
     0
176
     1
 40
1.0
176
     1
 40
1.0
176
     1
1001
ACAD
1000
AcDbSavedByObjectVersion
1070
     0
  0
VISUALSTYLE
  5
3E
102
{ACAD_REACTORS
330
29
102
}
330
29
100
AcDbVisualStyle
  2
Shaded
 70
    27
177
     3
291
     0
 70
    58
 90
        2
176
     1
 90
        2
176
     1
 90
        1
176
     1
 90
        2
176
     1
 40
0.6
176
     1
 40
30.0
176
     1
 62
     7
420
 16777215
176
     1
 90
        0
176
     1
 90
        4
176
     1
 62
     7
176
     1
 62
   257
176
     1
 90
        1
176
     1
 90
        1
176
     1
 40
1.0
176
     1
 90
        8
176
     1
 62
   257
176
     1
 40
1.0
176
     1
 90
        1
176
     1
 90
        6
176
     1
 90
        2
176
     1
 62
     8
420
  7895160
176
     1
 90
        3
176
     1
 90
        0
176
     1
 90
        0
176
     1
290
     0
176
     1
 90
        5
176
     1
 40
0.0
176
     1
 90
        0
176
     1
290
     0
176
     1
290
     1
176
     1
290
     1
176
     1
290
     0
176
     1
290
     0
176
     1
290
     0
176
     1
290
     0
176
     1
290
     0
176
     1
290
     0
176
     1
 90
       50
176
     1
 40
0.0
176
     1
 40
1.0
176
     1
 90
        0
176
     1
 62
    18
420
        0
176
     1
 90
       50
176
     1
 90
        3
176
     1
 62
     5
420
      255
176
     1
290
     0
176
     1
 90
       50
176
     1
 90
       50
176
     1
 90
       50
176
     1
290
     0
176
     1
 90
       50
176
     1
 62
   256
176
     0
 40
1.0
176
     0
 90
        2
176
     1
  1
strokes_ogs.tif
176
     1
290
     0
176
     1
 40
1.0
176
     1
 40
1.0
176
     1
1001
ACAD
1000
AcDbSavedByObjectVersion
1070
     0
  0
VISUALSTYLE
  5
3D
102
{ACAD_REACTORS
330
29
102
}
330
29
100
AcDbVisualStyle
  2
Shaded with edges
 70
    26
177
     3
291
     0
 70
    58
 90
        2
176
     1
 90
        2
176
     1
 90
        1
176
     1
 90
        2
176
     1
 40
0.6
176
     1
 40
30.0
176
     1
 62
     7
420
 16777215
176
     1
 90
        1
176
     1
 90
        2
176
     1
 62
     7
176
     1
 62
   257
176
     1
 90
        2
176
     1
 90
        1
176
     1
 40
1.0
176
     1
 90
        8
176
     1
 62
   257
176
     1
 40
1.0
176
     1
 90
        1
176
     1
 90
        6
176
     1
 90
        2
176
     1
 62
     7
176
     1
 90
        3
176
     1
 90
        0
176
     1
 90
        0
176
     1
290
     0
176
     1
 90
        5
176
     1
 40
0.0
176
     1
 90
        0
176
     1
290
     0
176
     1
290
     1
176
     1
290
     1
176
     1
290
     0
176
     1
290
     0
176
     1
290
     0
176
     1
290
     0
176
     1
290
     0
176
     1
290
     0
176
     1
 90
       50
176
     1
 40
0.0
176
     1
 40
1.0
176
     1
 90
        0
176
     1
 62
    18
420
        0
176
     1
 90
       50
176
     1
 90
        3
176
     1
 62
     5
420
      255
176
     1
290
     0
176
     1
 90
       50
176
     1
 90
       50
176
     1
 90
       50
176
     1
290
     0
176
     1
 90
       50
176
     1
 62
   256
176
     0
 40
1.0
176
     0
 90
        2
176
     1
  1
strokes_ogs.tif
176
     1
290
     0
176
     1
 40
1.0
176
     1
 40
1.0
176
     1
1001
ACAD
1000
AcDbSavedByObjectVersion
1070
     0
  0
VISUALSTYLE
  5
3A
102
{ACAD_REACTORS
330
29
102
}
330
29
100
AcDbVisualStyle
  2
Shades of Gray
 70
    23
177
     3
291
     0
 70
    58
 90
        2
176
     1
 90
        2
176
     1
 90
        3
176
     1
 90
        0
176
     1
 40
0.6
176
     1
 40
30.0
176
     1
 62
     7
420
 16777215
176
     1
 90
        2
176
     1
 90
        2
176
     1
 62
     7
176
     1
 62
     7
176
     1
 90
        1
176
     1
 90
        1
176
     1
 40
40.0
176
     1
 90
        8
176
     1
 62
     7
176
     1
 40
1.0
176
     1
 90
        1
176
     1
 90
        6
176
     1
 90
        2
176
     1
 62
     7
176
     1
 90
        3
176
     1
 90
        0
176
     1
 90
        0
176
     1
290
     0
176
     1
 90
        1
176
     1
 40
0.0
176
     1
 90
        0
176
     1
290
     0
176
     1
290
     1
176
     1
290
     1
176
     1
290
     0
176
     1
290
     0
176
     1
290
     0
176
     1
290
     0
176
     1
290
     0
176
     1
290
     0
176
     1
 90
       50
176
     1
 40
0.0
176
     1
 40
1.0
176
     1
 90
        0
176
     1
 62
    18
420
        0
176
     1
 90
       50
176
     1
 90
        3
176
     1
 62
     5
420
      255
176
     1
290
     0
176
     1
 90
       50
176
     1
 90
       50
176
     1
 90
       50
176
     1
290
     0
176
     1
 90
       50
176
     1
 62
   256
176
     0
 40
1.0
176
     0
 90
        2
176
     1
  1
strokes_ogs.tif
176
     1
290
     0
176
     1
 40
1.0
176
     1
 40
1.0
176
     1
1001
ACAD
1000
AcDbSavedByObjectVersion
1070
     0
  0
VISUALSTYLE
  5
3B
102
{ACAD_REACTORS
330
29
102
}
330
29
100
AcDbVisualStyle
  2
Sketchy
 70
    24
177
     3
291
     0
 70
    58
 90
        1
176
     1
 90
        2
176
     1
 90
        2
176
     1
 90
        0
176
     1
 40
0.6
176
     1
 40
30.0
176
     1
 62
     7
420
 16777215
176
     1
 90
        2
176
     1
 90
        2
176
     1
 62
     7
176
     1
 62
     7
176
     1
 90
        1
176
     1
 90
        1
176
     1
 40
40.0
176
     1
 90
       11
176
     1
 62
     7
176
     1
 40
1.0
176
     1
 90
        1
176
     1
 90
        6
176
     1
 90
        2
176
     1
 62
     7
176
     1
 90
        6
176
     1
 90
        0
176
     1
 90
        0
176
     1
290
     0
176
     1
 90
        1
176
     1
 40
0.0
176
     1
 90
        0
176
     1
290
     0
176
     1
290
     1
176
     1
290
     1
176
     1
290
     0
176
     1
290
     0
176
     1
290
     0
176
     1
290
     0
176
     1
290
     0
176
     1
290
     0
176
     1
 90
       50
176
     1
 40
0.0
176
     1
 40
1.0
176
     1
 90
        0
176
     1
 62
    18
420
        0
176
     1
 90
       50
176
     1
 90
        3
176
     1
 62
     5
420
      255
176
     1
290
     0
176
     1
 90
       50
176
     1
 90
       50
176
     1
 90
       50
176
     1
290
     0
176
     1
 90
       50
176
     1
 62
   256
176
     0
 40
1.0
176
     0
 90
        2
176
     1
  1
strokes_ogs.tif
176
     1
290
     0
176
     1
 40
1.0
176
     1
 40
1.0
176
     1
1001
ACAD
1000
AcDbSavedByObjectVersion
1070
     0
  0
VISUALSTYLE
  5
36
102
{ACAD_REACTORS
330
29
102
}
330
29
100
AcDbVisualStyle
  2
Thicken
 70
    13
177
     3
291
     1
 70
    58
 90
        2
176
     1
 90
        2
176
     1
 90
        0
176
     1
 90
        0
176
     1
 40
0.6
176
     1
 40
30.0
176
     1
 62
     7
420
 16777215
176
     1
 90
        1
176
     1
 90
        4
176
     1
 62
     7
176
     1
 62
   257
176
     1
 90
        1
176
     1
 90
        1
176
     1
 40
1.0
176
     1
 90
       12
176
     1
 62
     7
176
     1
 40
1.0
176
     1
 90
        1
176
     1
 90
        6
176
     1
 90
        2
176
     1
 62
     7
176
     1
 90
        5
176
     1
 90
        0
176
     1
 90
        0
176
     1
290
     0
176
     1
 90
        1
176
     1
 40
0.0
176
     1
 90
        0
176
     1
290
     0
176
     1
290
     1
176
     1
290
     1
176
     1
290
     0
176
     1
290
     0
176
     1
290
     0
176
     1
290
     0
176
     1
290
     0
176
     1
290
     0
176
     1
 90
       50
176
     1
 40
0.0
176
     1
 40
1.0
176
     1
 90
        0
176
     1
 62
    18
420
        0
176
     1
 90
       50
176
     1
 90
        3
176
     1
 62
     5
420
      255
176
     1
290
     0
176
     1
 90
       50
176
     1
 90
       50
176
     1
 90
       50
176
     1
290
     0
176
     1
 90
       50
176
     1
 62
   256
176
     0
 40
1.0
176
     0
 90
        2
176
     1
  1
strokes_ogs.tif
176
     1
290
     0
176
     1
 40
1.0
176
     1
 40
1.0
176
     1
1001
ACAD
1000
AcDbSavedByObjectVersion
1070
     0
  0
VISUALSTYLE
  5
30
102
{ACAD_REACTORS
330
29
102
}
330
29
100
AcDbVisualStyle
  2
Wireframe
 70
     5
177
     3
291
     0
 70
    58
 90
        0
176
     1
 90
        2
176
     1
 90
        0
176
     1
 90
        0
176
     1
 40
0.6
176
     1
 40
30.0
176
     1
 62
     7
420
 16777215
176
     1
 90
        1
176
     1
 90
        4
176
     1
 62
     7
176
     1
 62
   257
176
     1
 90
        1
176
     1
 90
        1
176
     1
 40
1.0
176
     1
 90
        0
176
     1
 62
   257
176
     1
 40
1.0
176
     1
 90
        1
176
     1
 90
        6
176
     1
 90
        2
176
     1
 62
     7
176
     1
 90
        3
176
     1
 90
        0
176
     1
 90
        0
176
     1
290
     0
176
     1
 90
        1
176
     1
 40
0.0
176
     1
 90
        0
176
     1
290
     0
176
     1
290
     1
176
     1
290
     1
176
     1
290
     0
176
     1
290
     0
176
     1
290
     0
176
     1
290
     0
176
     1
290
     0
176
     1
290
     0
176
     1
 90
       50
176
     1
 40
0.0
176
     1
 40
1.0
176
     1
 90
        0
176
     1
 62
    18
420
        0
176
     1
 90
       50
176
     1
 90
        3
176
     1
 62
     5
420
      255
176
     1
290
     0
176
     1
 90
       50
176
     1
 90
       50
176
     1
 90
       50
176
     1
290
     0
176
     1
 90
       50
176
     1
 62
   256
176
     0
 40
1.0
176
     0
 90
        2
176
     1
  1
strokes_ogs.tif
176
     1
290
     0
176
     1
 40
1.0
176
     1
 40
1.0
176
     1
1001
ACAD
1000
AcDbSavedByObjectVersion
1070
     0
  0
VISUALSTYLE
  5
3C
102
{ACAD_REACTORS
330
29
102
}
330
29
100
AcDbVisualStyle
  2
X-Ray
 70
    25
177
     3
291
     0
 70
    58
 90
        2
176
     1
 90
        2
176
     1
 90
        1
176
     1
 90
        1
176
     1
 40
0.5
176
     1
 40
30.0
176
     1
 62
     7
420
 16777215
176
     1
 90
        1
176
     1
 90
        0
176
     1
 62
     7
176
     1
 62
   257
176
     1
 90
        1
176
     1
 90
        1
176
     1
 40
1.0
176
     1
 90
        8
176
     1
 62
     7
176
     1
 40
1.0
176
     1
 90
        1
176
     1
 90
        6
176
     1
 90
        2
176
     1
 62
     7
176
     1
 90
        3
176
     1
 90
        0
176
     1
 90
        0
176
     1
290
     0
176
     1
 90
       13
176
     1
 40
0.0
176
     1
 90
        0
176
     1
290
     0
176
     1
290
     1
176
     1
290
     1
176
     1
290
     0
176
     1
290
     0
176
     1
290
     0
176
     1
290
     0
176
     1
290
     0
176
     1
290
     0
176
     1
 90
       50
176
     1
 40
0.0
176
     1
 40
1.0
176
     1
 90
        0
176
     1
 62
    18
420
        0
176
     1
 90
       50
176
     1
 90
        3
176
     1
 62
     5
420
      255
176
     1
290
     0
176
     1
 90
       50
176
     1
 90
       50
176
     1
 90
       50
176
     1
290
     0
176
     1
 90
       50
176
     1
 62
   256
176
     0
 40
1.0
176
     0
 90
        2
176
     1
  1
strokes_ogs.tif
176
     1
290
     0
176
     1
 40
1.0
176
     1
 40
1.0
176
     1
1001
ACAD
1000
AcDbSavedByObjectVersion
1070
     0
  0
DICTIONARYVAR
  5
32F
102
{ACAD_REACTORS
330
32A
102
}
330
32A
100
DictionaryVariables
280
     0
  1
0
  0
DICTIONARYVAR
  5
330
102
{ACAD_REACTORS
330
32A
102
}
330
32A
100
DictionaryVariables
280
     0
  1
1:1
  0
DICTIONARYVAR
  5
32C
102
{ACAD_REACTORS
330
32A
102
}
330
32A
100
DictionaryVariables
280
     0
  1
STANDARD
  0
DICTIONARYVAR
  5
32B
102
{ACAD_REACTORS
330
32A
102
}
330
32A
100
DictionaryVariables
280
     0
  1
STANDARD
  0
DICTIONARYVAR
  5
32D
102
{ACAD_REACTORS
330
32A
102
}
330
32A
100
DictionaryVariables
280
     0
  1
Imperial24
  0
DICTIONARYVAR
  5
32E
102
{ACAD_REACTORS
330
32A
102
}
330
32A
100
DictionaryVariables
280
     0
  1
Imperial24
  0
DICTIONARY
  5
336
330
6B
100
AcDbDictionary
280
     1
281
     1
  3
ACAD_XREC_ROUNDTRIP
360
337
  0
DICTIONARY
  5
1A
330
19
100
AcDbDictionary
280
     1
281
     1
  3
BUMPTILE
360
1C
  3
DIFFUSETILE
360
1B
  3
OPACITYTILE
360
1F
  3
REFLECTIONTILE
360
1E
  3
REFRACTIONTILE
360
20
  3
SPECULARTILE
360
1D
  0
DICTIONARY
  5
12
330
11
100
AcDbDictionary
280
     1
281
     1
  3
BUMPTILE
360
14
  3
DIFFUSETILE
360
13
  3
OPACITYTILE
360
17
  3
REFLECTIONTILE
360
16
  3
REFRACTIONTILE
360
18
  3
SPECULARTILE
360
15
  0
DICTIONARY
  5
22
330
21
100
AcDbDictionary
280
     1
281
     1
  3
BUMPTILE
360
24
  3
DIFFUSETILE
360
23
  3
OPACITYTILE
360
27
  3
REFLECTIONTILE
360
26
  3
REFRACTIONTILE
360
28
  3
SPECULARTILE
360
25
  0
DICTIONARY
  5
334
330
69
100
AcDbDictionary
280
     1
281
     1
  3
ACAD_XREC_ROUNDTRIP
360
335
  0
DICTIONARY
  5
331
330
65
100
AcDbDictionary
280
     1
281
     1
  3
ACAD_ROUNDTRIP_2008_TABLESTYLE_CELLSTYLEMAP
360
332
  0
XRECORD
  5
337
102
{ACAD_REACTORS
330
336
102
}
330
336
100
AcDbXrecord
280
     1
102
DISPLAYNAME
  1
Imperial24
102
FLAGS
 90
        0
  0
XRECORD
  5
1C
102
{ACAD_REACTORS
330
1A
102
}
330
1A
100
AcDbXrecord
280
     1
270
     1
271
     1
  0
XRECORD
  5
1B
102
{ACAD_REACTORS
330
1A
102
}
330
1A
100
AcDbXrecord
280
     1
270
     1
271
     1
  0
XRECORD
  5
1F
102
{ACAD_REACTORS
330
1A
102
}
330
1A
100
AcDbXrecord
280
     1
270
     1
271
     1
  0
XRECORD
  5
1E
102
{ACAD_REACTORS
330
1A
102
}
330
1A
100
AcDbXrecord
280
     1
270
     1
271
     1
  0
XRECORD
  5
20
102
{ACAD_REACTORS
330
1A
102
}
330
1A
100
AcDbXrecord
280
     1
270
     1
271
     1
  0
XRECORD
  5
1D
102
{ACAD_REACTORS
330
1A
102
}
330
1A
100
AcDbXrecord
280
     1
270
     1
271
     1
  0
XRECORD
  5
14
102
{ACAD_REACTORS
330
12
102
}
330
12
100
AcDbXrecord
280
     1
270
     1
271
     1
  0
XRECORD
  5
13
102
{ACAD_REACTORS
330
12
102
}
330
12
100
AcDbXrecord
280
     1
270
     1
271
     1
  0
XRECORD
  5
17
102
{ACAD_REACTORS
330
12
102
}
330
12
100
AcDbXrecord
280
     1
270
     1
271
     1
  0
XRECORD
  5
16
102
{ACAD_REACTORS
330
12
102
}
330
12
100
AcDbXrecord
280
     1
270
     1
271
     1
  0
XRECORD
  5
18
102
{ACAD_REACTORS
330
12
102
}
330
12
100
AcDbXrecord
280
     1
270
     1
271
     1
  0
XRECORD
  5
15
102
{ACAD_REACTORS
330
12
102
}
330
12
100
AcDbXrecord
280
     1
270
     1
271
     1
  0
XRECORD
  5
24
102
{ACAD_REACTORS
330
22
102
}
330
22
100
AcDbXrecord
280
     1
270
     1
271
     1
  0
XRECORD
  5
23
102
{ACAD_REACTORS
330
22
102
}
330
22
100
AcDbXrecord
280
     1
270
     1
271
     1
  0
XRECORD
  5
27
102
{ACAD_REACTORS
330
22
102
}
330
22
100
AcDbXrecord
280
     1
270
     1
271
     1
  0
XRECORD
  5
26
102
{ACAD_REACTORS
330
22
102
}
330
22
100
AcDbXrecord
280
     1
270
     1
271
     1
  0
XRECORD
  5
28
102
{ACAD_REACTORS
330
22
102
}
330
22
100
AcDbXrecord
280
     1
270
     1
271
     1
  0
XRECORD
  5
25
102
{ACAD_REACTORS
330
22
102
}
330
22
100
AcDbXrecord
280
     1
270
     1
271
     1
  0
XRECORD
  5
335
102
{ACAD_REACTORS
330
334
102
}
330
334
100
AcDbXrecord
280
     1
102
DISPLAYNAME
  1
Imperial24
102
FLAGS
 90
        0
  0
CELLSTYLEMAP
  5
332
102
{ACAD_REACTORS
330
331
102
}
330
331
100
AcDbCellStyleMap
 90
        3
300
CELLSTYLE
  1
TABLEFORMAT_BEGIN
 90
        5
170
     1
 91
        0
 92
    32768
 62
   257
 93
        1
300
CONTENTFORMAT
  1
CONTENTFORMAT_BEGIN
 90
        0
 91
        0
 92
      512
 93
        0
300

 40
0.0
140
1.0
 94
        5
 62
     0
340
55
144
0.25
309
CONTENTFORMAT_END
171
     1
301
MARGIN
  1
CELLMARGIN_BEGIN
 40
1.5
 40
1.5
 40
1.5
 40
1.5
 40
0.18
 40
0.18
309
CELLMARGIN_END
 94
        0
309
TABLEFORMAT_END
  1
CELLSTYLE_BEGIN
 90
        1
 91
        1
300
_TITLE
309
CELLSTYLE_END
300
CELLSTYLE
  1
TABLEFORMAT_BEGIN
 90
        5
170
     1
 91
        0
 92
        0
 62
   257
 93
        1
300
CONTENTFORMAT
  1
CONTENTFORMAT_BEGIN
 90
        0
 91
        0
 92
      512
 93
        0
300

 40
0.0
140
1.0
 94
        5
 62
     0
340
55
144
0.18
309
CONTENTFORMAT_END
171
     1
301
MARGIN
  1
CELLMARGIN_BEGIN
 40
1.5
 40
1.5
 40
1.5
 40
1.5
 40
0.18
 40
0.18
309
CELLMARGIN_END
 94
        0
309
TABLEFORMAT_END
  1
CELLSTYLE_BEGIN
 90
        2
 91
        1
300
_HEADER
309
CELLSTYLE_END
300
CELLSTYLE
  1
TABLEFORMAT_BEGIN
 90
        5
170
     1
 91
        0
 92
        0
 62
   257
 93
        1
300
CONTENTFORMAT
  1
CONTENTFORMAT_BEGIN
 90
        0
 91
        0
 92
      512
 93
        0
300

 40
0.0
140
1.0
 94
        2
 62
     0
340
55
144
0.18
309
CONTENTFORMAT_END
171
     1
301
MARGIN
  1
CELLMARGIN_BEGIN
 40
1.5
 40
1.5
 40
1.5
 40
1.5
 40
0.18
 40
0.18
309
CELLMARGIN_END
 94
        0
309
TABLEFORMAT_END
  1
CELLSTYLE_BEGIN
 90
        3
 91
        2
300
_DATA
309
CELLSTYLE_END
  0
ENDSEC
  0
EOF
