  0
SECTION
  2
HEADER
  9
$ACADVER
  1
AC1027
  9
$ACADMAINTVER
 70
   125
  9
$DWGCODEPAGE
  3
ANSI_1252
  9
$LASTSAVEDBY
  1
kaley
  9
$REQUIREDVERSIONS
160
                 0
  9
$INSBASE
 10
0.0
 20
0.0
 30
0.0
  9
$EXTMIN
 10
-1221.895465
 20
-552.156962
 30
0.0
  9
$EXTMAX
 10
1480.532723
 20
891.708793
 30
0.0
  9
$LIMMIN
 10
0.0
 20
0.0
  9
$LIMMAX
 10
420.0
 20
297.0
  9
$ORTHOMODE
 70
     0
  9
$REGENMODE
 70
     1
  9
$FILLMODE
 70
     1
  9
$QTEXTMODE
 70
     0
  9
$MIRRTEXT
 70
     0
  9
$LTSCALE
 40
0.75
  9
$ATTMODE
 70
     1
  9
$TEXTSIZE
 40
3.5
  9
$TRACEWID
 40
1.0
  9
$TEXTSTYLE
  7
Standard
  9
$CLAYER
  8
0
  9
$CELTYPE
  6
ByLayer
  9
$CECOLOR
 62
   256
  9
$CELTSCALE
 40
1.0
  9
$DISPSILH
 70
     0
  9
$DIMSCALE
 40
1.0
  9
$DIMASZ
 40
3.5
  9
$DIMEXO
 40
2.1
  9
$DIMDLI
 40
10.5
  9
$DIMRND
 40
0.0
  9
$DIMDLE
 40
0.0
  9
$DIMEXE
 40
2.1
  9
$DIMTP
 40
0.1
  9
$DIMTM
 40
0.1
  9
$DIMTXT
 40
3.5
  9
$DIMCEN
 40
0.0
  9
$DIMTSZ
 40
0.0
  9
$DIMTOL
 70
     0
  9
$DIMLIM
 70
     0
  9
$DIMTIH
 70
     0
  9
$DIMTOH
 70
     0
  9
$DIMSE1
 70
     0
  9
$DIMSE2
 70
     0
  9
$DIMTAD
 70
     1
  9
$DIMZIN
 70
    12
  9
$DIMBLK
  1

  9
$DIMASO
 70
     1
  9
$DIMSHO
 70
     1
  9
$DIMPOST
  1

  9
$DIMAPOST
  1

  9
$DIMALT
 70
     0
  9
$DIMALTD
 70
     2
  9
$DIMALTF
 40
0.03937
  9
$DIMLFAC
 40
1.0
  9
$DIMTOFL
 70
     1
  9
$DIMTVP
 40
0.0
  9
$DIMTIX
 70
     0
  9
$DIMSOXD
 70
     0
  9
$DIMSAH
 70
     0
  9
$DIMBLK1
  1

  9
$DIMBLK2
  1

  9
$DIMSTYLE
  2
Dim-ISO-25
  9
$DIMCLRD
 70
     0
  9
$DIMCLRE
 70
     0
  9
$DIMCLRT
 70
     0
  9
$DIMTFAC
 40
0.714286
  9
$DIMGAP
 40
1.4
  9
$DIMJUST
 70
     0
  9
$DIMSD1
 70
     0
  9
$DIMSD2
 70
     0
  9
$DIMTOLJ
 70
     0
  9
$DIMTZIN
 70
    12
  9
$DIMALTZ
 70
    12
  9
$DIMALTTZ
 70
    12
  9
$DIMUPT
 70
     0
  9
$DIMDEC
 70
     2
  9
$DIMTDEC
 70
     2
  9
$DIMALTU
 70
     2
  9
$DIMALTTD
 70
     2
  9
$DIMTXSTY
  7
Standard
  9
$DIMAUNIT
 70
     0
  9
$DIMADEC
 70
     2
  9
$DIMALTRND
 40
0.0
  9
$DIMAZIN
 70
     3
  9
$DIMDSEP
 70
    46
  9
$DIMATFIT
 70
     3
  9
$DIMFRAC
 70
     0
  9
$DIMLDRBLK
  1

  9
$DIMLUNIT
 70
     2
  9
$DIMLWD
 70
    -2
  9
$DIMLWE
 70
    -2
  9
$DIMTMOVE
 70
     0
  9
$DIMFXL
 40
1.0
  9
$DIMFXLON
 70
     0
  9
$DIMJOGANG
 40
0.785398
  9
$DIMTFILL
 70
     0
  9
$DIMTFILLCLR
 70
     0
  9
$DIMARCSYM
 70
     0
  9
$DIMLTYPE
  6

  9
$DIMLTEX1
  6

  9
$DIMLTEX2
  6

  9
$DIMTXTDIRECTION
 70
     0
  9
$LUNITS
 70
     2
  9
$LUPREC
 70
     4
  9
$SKETCHINC
 40
1.0
  9
$FILLETRAD
 40
0.0
  9
$AUNITS
 70
     0
  9
$AUPREC
 70
     0
  9
$MENU
  1
.
  9
$ELEVATION
 40
0.0
  9
$PELEVATION
 40
0.0
  9
$THICKNESS
 40
0.0
  9
$LIMCHECK
 70
     0
  9
$CHAMFERA
 40
0.0
  9
$CHAMFERB
 40
0.0
  9
$CHAMFERC
 40
0.0
  9
$CHAMFERD
 40
0.0
  9
$SKPOLY
 70
     0
  9
$TDCREATE
 40
2461179.543599537
  9
$TDUCREATE
 40
2461179.460266204
  9
$TDUPDATE
 40
2461179.543599537
  9
$TDUUPDATE
 40
2461179.460266204
  9
$TDINDWG
 40
0.0000000000
  9
$TDUSRTIMER
 40
0.0000000000
  9
$USRTIMER
 70
     1
  9
$ANGBASE
 50
0.0
  9
$ANGDIR
 70
     0
  9
$PDMODE
 70
     0
  9
$PDSIZE
 40
0.0
  9
$PLINEWID
 40
0.0
  9
$SPLFRAME
 70
     0
  9
$SPLINETYPE
 70
     6
  9
$SPLINESEGS
 70
     8
  9
$HANDSEED
  5
D73
  9
$SURFTAB1
 70
     6
  9
$SURFTAB2
 70
     6
  9
$SURFTYPE
 70
     6
  9
$SURFU
 70
     6
  9
$SURFV
 70
     6
  9
$UCSBASE
  2

  9
$UCSNAME
  2

  9
$UCSORG
 10
0.0
 20
0.0
 30
0.0
  9
$UCSXDIR
 10
1.0
 20
0.0
 30
0.0
  9
$UCSYDIR
 10
0.0
 20
1.0
 30
0.0
  9
$UCSORTHOREF
  2

  9
$UCSORTHOVIEW
 70
     0
  9
$UCSORGTOP
 10
0.0
 20
0.0
 30
0.0
  9
$UCSORGBOTTOM
 10
0.0
 20
0.0
 30
0.0
  9
$UCSORGLEFT
 10
0.0
 20
0.0
 30
0.0
  9
$UCSORGRIGHT
 10
0.0
 20
0.0
 30
0.0
  9
$UCSORGFRONT
 10
0.0
 20
0.0
 30
0.0
  9
$UCSORGBACK
 10
0.0
 20
0.0
 30
0.0
  9
$PUCSBASE
  2

  9
$PUCSNAME
  2

  9
$PUCSORG
 10
0.0
 20
0.0
 30
0.0
  9
$PUCSXDIR
 10
1.0
 20
0.0
 30
0.0
  9
$PUCSYDIR
 10
0.0
 20
1.0
 30
0.0
  9
$PUCSORTHOREF
  2

  9
$PUCSORTHOVIEW
 70
     0
  9
$PUCSORGTOP
 10
0.0
 20
0.0
 30
0.0
  9
$PUCSORGBOTTOM
 10
0.0
 20
0.0
 30
0.0
  9
$PUCSORGLEFT
 10
0.0
 20
0.0
 30
0.0
  9
$PUCSORGRIGHT
 10
0.0
 20
0.0
 30
0.0
  9
$PUCSORGFRONT
 10
0.0
 20
0.0
 30
0.0
  9
$PUCSORGBACK
 10
0.0
 20
0.0
 30
0.0
  9
$USERI1
 70
     0
  9
$USERI2
 70
     0
  9
$USERI3
 70
     0
  9
$USERI4
 70
     0
  9
$USERI5
 70
     0
  9
$USERR1
 40
0.0
  9
$USERR2
 40
0.0
  9
$USERR3
 40
0.0
  9
$USERR4
 40
0.0
  9
$USERR5
 40
0.0
  9
$WORLDVIEW
 70
     1
  9
$SHADEDGE
 70
     3
  9
$SHADEDIF
 70
    70
  9
$TILEMODE
 70
     1
  9
$MAXACTVP
 70
    64
  9
$PINSBASE
 10
0.0
 20
0.0
 30
0.0
  9
$PLIMCHECK
 70
     0
  9
$PEXTMIN
 10
1.000000E+20
 20
1.000000E+20
 30
1.000000E+20
  9
$PEXTMAX
 10
-1.000000E+20
 20
-1.000000E+20
 30
-1.000000E+20
  9
$PLIMMIN
 10
0.0
 20
0.0
  9
$PLIMMAX
 10
12.0
 20
9.0
  9
$UNITMODE
 70
     0
  9
$VISRETAIN
 70
     1
  9
$PLINEGEN
 70
     0
  9
$PSLTSCALE
 70
     1
  9
$TREEDEPTH
 70
  3020
  9
$CMLSTYLE
  2
Standard
  9
$CMLJUST
 70
     0
  9
$CMLSCALE
 40
20.0
  9
$PROXYGRAPHICS
 70
     1
  9
$MEASUREMENT
 70
     1
  9
$CELWEIGHT
370
    -1
  9
$ENDCAPS
280
     0
  9
$JOINSTYLE
280
     0
  9
$LWDISPLAY
290
     0
  9
$INSUNITS
 70
     4
  9
$HYPERLINKBASE
  1

  9
$STYLESHEET
  1

  9
$XEDIT
290
     1
  9
$CEPSNTYPE
380
     0
  9
$PSTYLEMODE
290
     1
  9
$FINGERPRINTGUID
  2
{B2B96638-4AED-4F48-9961-D7E8F83BB373}
  9
$VERSIONGUID
  2
{A0761B76-AF4D-884B-B544-578D5E3B5444}
  9
$EXTNAMES
290
     1
  9
$PSVPSCALE
 40
0.0
  9
$OLESTARTUP
290
     0
  9
$SORTENTS
280
   127
  9
$INDEXCTL
280
     0
  9
$HIDETEXT
280
     1
  9
$XCLIPFRAME
280
     0
  9
$HALOGAP
280
     0
  9
$OBSCOLOR
 70
   257
  9
$OBSLTYPE
280
     0
  9
$INTERSECTIONDISPLAY
280
     0
  9
$INTERSECTIONCOLOR
 70
   257
  9
$DIMASSOC
280
     2
  9
$PROJECTNAME
  1

  9
$CAMERADISPLAY
290
     0
  9
$LENSLENGTH
 40
50.0
  9
$CAMERAHEIGHT
 40
0.0
  9
$STEPSPERSEC
 40
2.0
  9
$STEPSIZE
 40
6.0
  9
$3DDWFPREC
 40
2.0
  9
$PSOLWIDTH
 40
5.0
  9
$PSOLHEIGHT
 40
80.0
  9
$LOFTANG1
 40
1.570796
  9
$LOFTANG2
 40
1.570796
  9
$LOFTMAG1
 40
0.0
  9
$LOFTMAG2
 40
0.0
  9
$LOFTPARAM
 70
     7
  9
$LOFTNORMALS
280
     1
  9
$LATITUDE
 40
37.795
  9
$LONGITUDE
 40
-122.394
  9
$NORTHDIRECTION
 40
0.0
  9
$TIMEZONE
 70
 -8000
  9
$LIGHTGLYPHDISPLAY
280
     1
  9
$TILEMODELIGHTSYNCH
280
     1
  9
$CMATERIAL
347
11
  9
$SOLIDHIST
280
     0
  9
$SHOWHIST
280
     1
  9
$DWFFRAME
280
     2
  9
$DGNFRAME
280
     0
  9
$REALWORLDSCALE
290
     1
  9
$INTERFERECOLOR
 62
     1
  9
$INTERFEREOBJVS
345
33
  9
$INTERFEREVPVS
346
30
  9
$CSHADOW
280
     0
  9
$SHADOWPLANELOCATION
 40
0.0
  0
ENDSEC
  0
SECTION
  2
CLASSES
  0
CLASS
  1
ACDBDICTIONARYWDFLT
  2
AcDbDictionaryWithDefault
  3
ObjectDBX Classes
 90
        0
 91
        1
280
     0
281
     0
  0
CLASS
  1
MATERIAL
  2
AcDbMaterial
  3
ObjectDBX Classes
 90
     1153
 91
        3
280
     0
281
     0
  0
CLASS
  1
VISUALSTYLE
  2
AcDbVisualStyle
  3
ObjectDBX Classes
 90
     4095
 91
       24
280
     0
281
     0
  0
CLASS
  1
SCALE
  2
AcDbScale
  3
ObjectDBX Classes
 90
     1153
 91
       17
280
     0
281
     0
  0
CLASS
  1
TABLESTYLE
  2
AcDbTableStyle
  3
ObjectDBX Classes
 90
     4095
 91
        1
280
     0
281
     0
  0
CLASS
  1
MLEADERSTYLE
  2
AcDbMLeaderStyle
  3
ACDB_MLEADERSTYLE_CLASS
 90
     4095
 91
        1
280
     0
281
     0
  0
CLASS
  1
ACDBSECTIONVIEWSTYLE
  2
AcDbSectionViewStyle
  3
ObjectDBX Classes
 90
     1025
 91
        1
280
     0
281
     0
  0
CLASS
  1
ACDBDETAILVIEWSTYLE
  2
AcDbDetailViewStyle
  3
ObjectDBX Classes
 90
     1025
 91
        1
280
     0
281
     0
  0
CLASS
  1
ACMESCOPE
  2
AcMeScope
  3
AcMeServices
 90
     1024
 91
        1
280
     0
281
     0
  0
CLASS
  1
ACMECOMMANDHISTORY
  2
AcMeCommandHistory
  3
AcMeServices
 90
     1024
 91
        1
280
     0
281
     0
  0
CLASS
  1
ACIMSYSVARMAN
  2
AcImSysVarManager
  3
AcMeServices
 90
     1024
 91
        1
280
     0
281
     0
  0
CLASS
  1
ACIMINTSYSVAR
  2
AcImIntSysVar
  3
AcMeServices
 90
     1024
 91
        1
280
     0
281
     0
  0
CLASS
  1
ACMESTATEMGR
  2
AcMeStateMgr
  3
AcMeServices
 90
     1024
 91
        1
280
     0
281
     0
  0
CLASS
  1
ACGREFMASTER
  2
AcGrefMaster
  3
AcAttribServices
 90
     1024
 91
        1
280
     0
281
     0
  0
CLASS
  1
SORTENTSTABLE
  2
AcDbSortentsTable
  3
ObjectDBX Classes
 90
        0
 91
        3
280
     0
281
     0
  0
CLASS
  1
DICTIONARYVAR
  2
AcDbDictionaryVar
  3
ObjectDBX Classes
 90
        0
 91
        6
280
     0
281
     0
  0
CLASS
  1
CELLSTYLEMAP
  2
AcDbCellStyleMap
  3
ObjectDBX Classes
 90
     1152
 91
        1
280
     0
281
     0
  0
ENDSEC
  0
SECTION
  2
TABLES
  0
TABLE
  2
VPORT
  5
8
330
0
100
AcDbSymbolTable
 70
     1
1001
ACAD
1000
DbSaveVer
1071
      428
  0
VPORT
  5
57
330
8
100
AcDbSymbolTableRecord
100
AcDbViewportTableRecord
  2
*Active
 70
     0
 10
0.0
 20
0.0
 11
1.0
 21
1.0
 12
129.318629
 22
169.775916
 13
0.0
 23
0.0
 14
0.5
 24
0.5
 15
0.0
 25
0.0
 16
0.0
 26
0.0
 36
1.0
 17
0.0
 27
0.0
 37
0.0
 40
1710.352577
 41
1.580042
 42
50.0
 43
0.0
 44
0.0
 50
0.0
 51
0.0
 71
     0
 72
 20000
 73
     1
 74
     0
 75
     0
 76
     0
 77
     0
 78
     0
281
     0
 65
     1
110
0.0
120
0.0
130
0.0
111
1.0
121
0.0
131
0.0
112
0.0
122
1.0
132
0.0
 79
     0
146
0.0
348
2F
 60
     3
 61
     5
292
     1
282
     1
141
0.0
142
0.0
 63
   250
421
  3355443
  0
ENDTAB
  0
TABLE
  2
LTYPE
  5
5
330
0
100
AcDbSymbolTable
 70
    15
  0
LTYPE
  5
5B
330
5
100
AcDbSymbolTableRecord
100
AcDbLinetypeTableRecord
  2
ByBlock
 70
     0
  3

 72
    65
 73
     0
 40
0.0
  0
LTYPE
  5
5C
330
5
100
AcDbSymbolTableRecord
100
AcDbLinetypeTableRecord
  2
ByLayer
 70
     0
  3

 72
    65
 73
     0
 40
0.0
  0
LTYPE
  5
5D
330
5
100
AcDbSymbolTableRecord
100
AcDbLinetypeTableRecord
  2
Continuous
 70
     0
  3
Solid line
 72
    65
 73
     0
 40
0.0
  0
LTYPE
  5
81
330
5
100
AcDbSymbolTableRecord
100
AcDbLinetypeTableRecord
  2
HIDDEN
 70
     0
  3
Hidden __ __ __ __ __ __ __ __ __ __ __ __ __ _
 72
    65
 73
     2
 40
9.525
 49
6.35
 74
     0
 49
-3.175
 74
     0
  0
LTYPE
  5
82
330
5
100
AcDbSymbolTableRecord
100
AcDbLinetypeTableRecord
  2
PHANTOM2
 70
     0
  3
Phantom (.5x) ___ _ _ ___ _ _ ___ _ _ ___ _ _
 72
    65
 73
     6
 40
31.75
 49
15.875
 74
     0
 49
-3.175
 74
     0
 49
3.175
 74
     0
 49
-3.175
 74
     0
 49
3.175
 74
     0
 49
-3.175
 74
     0
  0
LTYPE
  5
83
330
5
100
AcDbSymbolTableRecord
100
AcDbLinetypeTableRecord
  2
CENTER
 70
     0
  3
Center ____ _ ____ _ ____ _ ____ _ ____ _ ____
 72
    65
 73
     4
 40
50.8
 49
31.75
 74
     0
 49
-6.35
 74
     0
 49
6.35
 74
     0
 49
-6.35
 74
     0
  0
LTYPE
  5
96
330
5
100
AcDbSymbolTableRecord
100
AcDbLinetypeTableRecord
  2
HIDDEN2
 70
     0
  3
Hidden (.5x) _ _ _ _ _ _ _ _ _ _ _ _ _ _ _ _ _
 72
    65
 73
     2
 40
4.7625
 49
3.175
 74
     0
 49
-1.5875
 74
     0
  0
LTYPE
  5
97
330
5
100
AcDbSymbolTableRecord
100
AcDbLinetypeTableRecord
  2
AM_ISO02W050
 70
     0
  3
__ __ __ __ __ __ __ __ __ __ __ __ __ __ __
 72
    65
 73
     2
 40
7.5
 49
6.0
 74
     0
 49
-1.5
 74
     0
  0
LTYPE
  5
98
330
5
100
AcDbSymbolTableRecord
100
AcDbLinetypeTableRecord
  2
AM_ISO08W050
 70
     0
  3
____ . ____ . ____ . ____ . ____ . ____ . ____
 72
    65
 73
     4
 40
18.0
 49
12.0
 74
     0
 49
-1.5
 74
     0
 49
3.0
 74
     0
 49
-1.5
 74
     0
  0
LTYPE
  5
99
330
5
100
AcDbSymbolTableRecord
100
AcDbLinetypeTableRecord
  2
AM_ISO09W050
 70
     0
  3
_____ . . _____ . . _____ . . ____ .. ____
 72
    65
 73
     6
 40
22.5
 49
12.0
 74
     0
 49
-1.5
 74
     0
 49
3.0
 74
     0
 49
-1.5
 74
     0
 49
3.0
 74
     0
 49
-1.5
 74
     0
  0
LTYPE
  5
9A
330
5
100
AcDbSymbolTableRecord
100
AcDbLinetypeTableRecord
  2
Amconstr
 70
     0
  3
_______________________
 72
    65
 73
     2
 40
9999.0
 49
9999.0
 74
     0
 49
0.0
 74
     0
  0
LTYPE
  5
9B
330
5
100
AcDbSymbolTableRecord
100
AcDbLinetypeTableRecord
  2
AM_ISO08W050x2
 70
     0
  3
__ . __ . __ . __ . __ . __
 72
    65
 73
     4
 40
9.0
 49
6.0
 74
     0
 49
-0.75
 74
     0
 49
1.5
 74
     0
 49
-0.75
 74
     0
  0
LTYPE
  5
9C
330
5
100
AcDbSymbolTableRecord
100
AcDbLinetypeTableRecord
  2
AM_ISO02W050x2
 70
     0
  3
 _ _ _ _ _ _ _ _ _ _ _ _
 72
    65
 73
     2
 40
3.75
 49
3.0
 74
     0
 49
-0.75
 74
     0
  0
LTYPE
  5
9D
330
5
100
AcDbSymbolTableRecord
100
AcDbLinetypeTableRecord
  2
Amzigzag
 70
     0
  3
/\/-/\/-/\/-/\/-/\/-/\/
 72
    65
 73
     2
 40
11.0001
 49
0.0001
 74
     4
 75
   136
340
93
 46
0.04
 50
0.0
 44
0.0
 45
0.0
 49
-11.0
 74
     0
  0
LTYPE
  5
9E
330
5
100
AcDbSymbolTableRecord
100
AcDbLinetypeTableRecord
  2
ACISOWELD
 70
     0
  3
_ _ _ _ _
 72
    65
 73
     2
 40
2.0
 49
2.0
 74
     0
 49
-1.0
 74
     0
  0
LTYPE
  5
9F
330
5
100
AcDbSymbolTableRecord
100
AcDbLinetypeTableRecord
  2
ACISOTGL
 70
     0
  3
_ _ _ _ _
 72
    65
 73
     2
 40
3.0
 49
2.0
 74
     0
 49
-1.0
 74
     0
  0
LTYPE
  5
A0
330
5
100
AcDbSymbolTableRecord
100
AcDbLinetypeTableRecord
  2
ACISOTGB
 70
     0
  3
__ . . __ . .
 72
    65
 73
     6
 40
9.0
 49
4.0
 74
     0
 49
-1.0
 74
     0
 49
1.0
 74
     0
 49
-1.0
 74
     0
 49
1.0
 74
     0
 49
-1.0
 74
     0
  0
ENDTAB
  0
TABLE
  2
LAYER
  5
2
330
0
100
AcDbSymbolTable
 70
     7
  0
LAYER
  5
54
330
2
100
AcDbSymbolTableRecord
100
AcDbLayerTableRecord
  2
0
 70
     0
 62
     7
  6
Continuous
370
    -3
390
F
347
21
348
0
1001
AcAecLayerStandard
1000

1000

  0
LAYER
  5
79
330
2
100
AcDbSymbolTableRecord
100
AcDbLayerTableRecord
  2
Defpoints
 70
     0
 62
     7
  6
Continuous
290
     0
370
    -3
390
F
347
21
348
0
1001
AcAecLayerStandard
1000

1000

  0
LAYER
  5
AC
330
2
100
AcDbSymbolTableRecord
100
AcDbLayerTableRecord
  2
Visible
 70
     0
 62
     7
  6
Continuous
370
    50
390
F
347
21
348
0
  0
LAYER
  5
6A4
330
2
100
AcDbSymbolTableRecord
100
AcDbLayerTableRecord
  2
Hidden
 70
     0
 62
     7
  6
HIDDEN2
370
    25
390
F
347
21
348
0
  0
LAYER
  5
6C1
330
2
100
AcDbSymbolTableRecord
100
AcDbLayerTableRecord
  2
BORDER
 70
     0
 62
     7
  6
Continuous
370
    25
390
F
347
21
348
0
1001
AcAecLayerStandard
1000

1000

1001
AcCmTransparency
1071
        0
  0
LAYER
  5
707
330
2
100
AcDbSymbolTableRecord
100
AcDbLayerTableRecord
  2
TITLEBLOCK
 70
     0
 62
     7
  6
Continuous
370
    35
390
F
347
21
348
0
1001
AcAecLayerStandard
1000

1000

1001
AcCmTransparency
1071
        0
  0
ENDTAB
  0
TABLE
  2
STYLE
  5
3
330
0
100
AcDbSymbolTable
 70
     5
  0
STYLE
  5
55
330
3
100
AcDbSymbolTableRecord
100
AcDbTextStyleTableRecord
  2
Standard
 70
     0
 40
0.0
 41
1.0
 50
0.0
 71
     0
 42
3.5
  3
arial.ttf
  4

1001
ACAD
1000
Arial
1071
       34
  0
STYLE
  5
5A
330
3
100
AcDbSymbolTableRecord
100
AcDbTextStyleTableRecord
  2
Annotative
 70
     0
 40
0.0
 41
1.0
 50
0.0
 71
     0
 42
0.2
  3
txt
  4

1001
AcadAnnotative
1000
AnnotativeData
1002
{
1070
     1
1070
     1
1002
}
  0
STYLE
  5
92
330
3
100
AcDbSymbolTableRecord
100
AcDbTextStyleTableRecord
  2
FusionTitle
 70
     0
 40
0.0
 41
1.0
 50
0.0
 71
     0
 42
2.5
  3
arial.ttf
  4

1001
ACAD
1000
Arial
1071
       34
  0
STYLE
  5
93
330
3
100
AcDbSymbolTableRecord
100
AcDbTextStyleTableRecord
  2

 70
     1
 40
0.0
 41
1.0
 50
0.0
 71
     0
 42
10.0
  3
genltshp.shx
  4

  0
STYLE
  5
94
330
3
100
AcDbSymbolTableRecord
100
AcDbTextStyleTableRecord
  2
ACISOGDT
 70
     0
 40
0.0
 41
1.0
 50
0.0
 71
     0
 42
10.0
  3
amgdt.shx
  4

  0
ENDTAB
  0
TABLE
  2
VIEW
  5
6
330
0
100
AcDbSymbolTable
 70
     0
  0
ENDTAB
  0
TABLE
  2
UCS
  5
7
330
0
100
AcDbSymbolTable
 70
     0
  0
ENDTAB
  0
TABLE
  2
APPID
  5
9
330
0
100
AcDbSymbolTable
 70
    19
  0
APPID
  5
56
330
9
100
AcDbSymbolTableRecord
100
AcDbRegAppTableRecord
  2
ACAD
 70
     0
  0
APPID
  5
5E
330
9
100
AcDbSymbolTableRecord
100
AcDbRegAppTableRecord
  2
AcadAnnotative
 70
     0
  0
APPID
  5
78
330
9
100
AcDbSymbolTableRecord
100
AcDbRegAppTableRecord
  2
ACAD_PSEXT
 70
     0
  0
APPID
  5
7A
330
9
100
AcDbSymbolTableRecord
100
AcDbRegAppTableRecord
  2
MCAD_NO_VIS
 70
     0
  0
APPID
  5
7B
330
9
100
AcDbSymbolTableRecord
100
AcDbRegAppTableRecord
  2
ACAD_TEMP_GRAPHIC
 70
     0
  0
APPID
  5
84
330
9
100
AcDbSymbolTableRecord
100
AcDbRegAppTableRecord
  2
ACAD_DSTYLE_DIMJAG
 70
     0
  0
APPID
  5
85
330
9
100
AcDbSymbolTableRecord
100
AcDbRegAppTableRecord
  2
ACAD_DSTYLE_DIMTALN
 70
     0
  0
APPID
  5
86
330
9
100
AcDbSymbolTableRecord
100
AcDbRegAppTableRecord
  2
ACAD_NAV_VCDISPLAY
 70
     0
  0
APPID
  5
87
330
9
100
AcDbSymbolTableRecord
100
AcDbRegAppTableRecord
  2
AcAecLayerStandard
 70
     0
  0
APPID
  5
88
330
9
100
AcDbSymbolTableRecord
100
AcDbRegAppTableRecord
  2
AcCmTransparency
 70
     0
  0
APPID
  5
89
330
9
100
AcDbSymbolTableRecord
100
AcDbRegAppTableRecord
  2
AcDbDynamicBlockGUID
 70
     0
  0
APPID
  5
8A
330
9
100
AcDbSymbolTableRecord
100
AcDbRegAppTableRecord
  2
ACAD_DSTYLE_DIMBREAK
 70
     0
  0
APPID
  5
8B
330
9
100
AcDbSymbolTableRecord
100
AcDbRegAppTableRecord
  2
FUSIONTITLEBLOCK
 70
     0
  0
APPID
  5
8C
330
9
100
AcDbSymbolTableRecord
100
AcDbRegAppTableRecord
  2
FUSIONCURRENTTITLEBLOCK
 70
     0
  0
APPID
  5
8D
330
9
100
AcDbSymbolTableRecord
100
AcDbRegAppTableRecord
  2
AcSynergy
 70
     0
  0
APPID
  5
8E
330
9
100
AcDbSymbolTableRecord
100
AcDbRegAppTableRecord
  2
GENIUS_GENSCREG_15
 70
     0
  0
APPID
  5
8F
330
9
100
AcDbSymbolTableRecord
100
AcDbRegAppTableRecord
  2
GENIUS_GENOBJ-N-SDF_13
 70
     0
  0
APPID
  5
90
330
9
100
AcDbSymbolTableRecord
100
AcDbRegAppTableRecord
  2
GENIUS_GENODEF_13
 70
     0
  0
APPID
  5
91
330
9
100
AcDbSymbolTableRecord
100
AcDbRegAppTableRecord
  2
ACATTRIBSERVICES
 70
     0
  0
ENDTAB
  0
TABLE
  2
DIMSTYLE
  5
A
330
0
100
AcDbSymbolTable
 70
     4
100
AcDbDimStyleTable
 71
     1
340
A4
  0
DIMSTYLE
105
58
330
A
100
AcDbSymbolTableRecord
100
AcDbDimStyleTableRecord
  2
Standard
 70
     0
 41
3.5
 42
2.1
 43
10.5
 44
2.1
 78
    12
 79
     3
140
3.5
143
0.03937
146
0.714286
147
1.4
179
     2
271
     2
272
     2
284
    12
340
55
  0
DIMSTYLE
105
59
330
A
100
AcDbSymbolTableRecord
100
AcDbDimStyleTableRecord
  2
Annotative
 70
     0
 40
0.0
 41
3.5
 42
2.1
 43
10.5
 44
2.1
 73
     0
 74
     0
 77
     1
 78
    12
 79
     3
140
3.5
141
2.5
143
0.03937
146
0.714286
147
1.4
171
     3
172
     1
179
     2
271
     2
272
     2
274
     3
278
    44
283
     0
284
    12
340
55
1001
AcadAnnotative
1000
AnnotativeData
1002
{
1070
     1
1070
     1
1002
}
  0
DIMSTYLE
105
A3
330
A
100
AcDbSymbolTableRecord
100
AcDbDimStyleTableRecord
  2
ISO-25
 70
     0
  4
in
 41
3.5
 42
2.1
 43
10.5
 44
2.1
 47
0.1
 48
0.1
 73
     0
 74
     0
 77
     1
 78
    12
 79
     3
140
3.5
141
0.0
143
0.03937
146
0.714286
147
1.4
171
     4
172
     1
176
   256
177
   256
178
   256
179
     2
271
     2
272
     2
274
     4
283
     0
284
    12
285
     8
340
55
1001
ACAD_DSTYLE_DIMJAG
1070
   388
1040
1.5
1001
ACAD_DSTYLE_DIMTALN
1070
   392
1070
     1
1001
ACAD_DSTYLE_DIMBREAK
1070
   391
1040
3.5
  0
DIMSTYLE
105
A4
330
A
100
AcDbSymbolTableRecord
100
AcDbDimStyleTableRecord
  2
Dim-ISO-25
 70
     0
 41
3.5
 42
2.1
 43
10.5
 44
2.1
 47
0.1
 48
0.1
 73
     0
 74
     0
 77
     1
 78
    12
 79
     3
140
3.5
141
0.0
143
0.03937
146
0.714286
147
1.4
172
     1
179
     2
271
     2
272
     2
283
     0
284
    12
285
    12
286
    12
340
55
1001
ACAD_DSTYLE_DIMJAG
1070
   388
1040
1.5
1001
ACAD_DSTYLE_DIMTALN
1070
   392
1070
     1
1001
ACAD_DSTYLE_DIMBREAK
1070
   391
1040
3.5
  0
ENDTAB
  0
TABLE
  2
BLOCK_RECORD
  5
1
330
0
100
AcDbSymbolTable
 70
     4
  0
BLOCK_RECORD
  5
70
102
{ACAD_XDICTIONARY
360
A5
102
}
330
1
100
AcDbSymbolTableRecord
100
AcDbBlockTableRecord
  2
*Model_Space
340
73
 70
     0
280
     1
281
     0
  0
BLOCK_RECORD
  5
6C
330
1
100
AcDbSymbolTableRecord
100
AcDbBlockTableRecord
  2
*Paper_Space
340
6F
 70
     0
280
     1
281
     0
  0
BLOCK_RECORD
  5
74
330
1
100
AcDbSymbolTableRecord
100
AcDbBlockTableRecord
  2
*Paper_Space0
340
77
 70
     0
280
     1
281
     0
  0
BLOCK_RECORD
  5
6C2
102
{ACAD_XDICTIONARY
360
6C3
102
}
330
1
100
AcDbSymbolTableRecord
100
AcDbBlockTableRecord
  2
ISO_A3_SHEET
340
0
310
2800000020000000200000000100080000000000000400000000000000000000000000000000000000000000000080000080000000808000800000008000800080800000C0C0C000C0DCC000F0CAA6000020400000206000002080000020A0000020C0000020E00000400000004020000040400000406000004080000040A0
310
000040C0000040E00000600000006020000060400000606000006080000060A0000060C0000060E00000800000008020000080400000806000008080000080A0000080C0000080E00000A0000000A0200000A0400000A0600000A0800000A0A00000A0C00000A0E00000C0000000C0200000C0400000C0600000C0800000C0
310
A00000C0C00000C0E00000E0000000E0200000E0400000E0600000E0800000E0A00000E0C00000E0E00040000000400020004000400040006000400080004000A0004000C0004000E00040200000402020004020400040206000402080004020A0004020C0004020E000404000004040200040404000404060004040800040
310
40A0004040C0004040E00040600000406020004060400040606000406080004060A0004060C0004060E00040800000408020004080400040806000408080004080A0004080C0004080E00040A0000040A0200040A0400040A0600040A0800040A0A00040A0C00040A0E00040C0000040C0200040C0400040C0600040C08000
310
40C0A00040C0C00040C0E00040E0000040E0200040E0400040E0600040E0800040E0A00040E0C00040E0E00080000000800020008000400080006000800080008000A0008000C0008000E00080200000802020008020400080206000802080008020A0008020C0008020E00080400000804020008040400080406000804080
310
008040A0008040C0008040E00080600000806020008060400080606000806080008060A0008060C0008060E00080800000808020008080400080806000808080008080A0008080C0008080E00080A0000080A0200080A0400080A0600080A0800080A0A00080A0C00080A0E00080C0000080C0200080C0400080C0600080C0
310
800080C0A00080C0C00080C0E00080E0000080E0200080E0400080E0600080E0800080E0A00080E0C00080E0E000C0000000C0002000C0004000C0006000C0008000C000A000C000C000C000E000C0200000C0202000C0204000C0206000C0208000C020A000C020C000C020E000C0400000C0402000C0404000C0406000C0
310
408000C040A000C040C000C040E000C0600000C0602000C0604000C0606000C0608000C060A000C060C000C060E000C0800000C0802000C0804000C0806000C0808000C080A000C080C000C080E000C0A00000C0A02000C0A04000C0A06000C0A08000C0A0A000C0A0C000C0A0E000C0C00000C0C02000C0C04000C0C06000
310
C0C08000C0C0A000F0FBFF00A4A0A000808080000000FF0000FF000000FFFF00FF000000FF00FF00FFFF0000FFFFFF0049494949494949494949494949494949494949494949494949494949494949494949494949494949494949494949494949494949494949494949494949494949494949494949494949494949494949
310
494949494949494949494949494949494949494949494949494949494949494949494949494949494949494949494949494949494949494949494949494949494949494949494949494949494949494949494949494949494949494949494949494949494949494949494949494949494949FFFFFFFFFFFFFFFFFFFFFFFFFF
310
FFFFFFFFFFFFFFFFFFFFFFFFFFFFFFFFFF4949FF49FF494949494949494949494949FF494949494949494949494949FFFF49494949FF49494949494949494949494949494949494949494949494949FF49494949FFFF49494949494949494949494949494949494949494949494949FF4949494949FF494949494949494949
310
49494949494949494949494949494949FF4949494949FF49494949494949494949494949494949494949494949494949FF49494949FFFF49494949494949494949494949494949494949494949494949FF4949494949FF49494949494949494949494949494949494949494949494949FF4949494949FF4949494949494949
310
4949494949494949494949494949494949FF4949494949FF49494949494949494949494949494949494949494949494949FF49494949FFFF49494949494949494949494949494949494949494949494949FF4949494949FF49494949494949494949494949494949494949494949494949FF4949494949FF49494949494949
310
494949494949494949494949494949494949FF49494949FFFF49494949494949494949494949494949494949494949494949FF4949494949FF49494949494949494949494949494949494949494949494949FF4949494949FF49494949494949494949494949494949494949494949494949FF49494949FFFF494949494949
310
49494949494949494949494949494949494949FF4949494949FF49494949494949494949494949494949494949494949494949FF494949FF49FF494949494949494949494949FF494949494949494949494949FFFF4949FFFFFFFFFFFFFFFFFFFFFFFFFFFFFFFFFFFFFFFFFFFFFFFFFFFFFFFFFFFF49494949494949494949
310
49494949494949494949494949494949494949494949494949494949494949494949494949494949494949494949494949494949494949494949494949494949494949494949494949494949494949494949494949494949494949494949494949494949494949494949494949494949494949494949494949494949494949
310
4949494949494949494949494949494949494949494949494949494949494949494949494949494949494949494949494949494949494949
102
{BLKREFS
331
6C0
102
}
 70
     4
280
     1
281
     0
1001
AcDbDynamicBlockGUID
1000
{B4874B5E-8040-BF49-A9B6-B81412F7B0AC}
  0
BLOCK_RECORD
  5
708
102
{ACAD_XDICTIONARY
360
709
102
}
330
1
100
AcDbSymbolTableRecord
100
AcDbBlockTableRecord
  2
ISO_TITLEBLOCK
340
0
310
2800000020000000200000000100080000000000000400000000000000000000000000000000000000000000000080000080000000808000800000008000800080800000C0C0C000C0DCC000F0CAA6000020400000206000002080000020A0000020C0000020E00000400000004020000040400000406000004080000040A0
310
000040C0000040E00000600000006020000060400000606000006080000060A0000060C0000060E00000800000008020000080400000806000008080000080A0000080C0000080E00000A0000000A0200000A0400000A0600000A0800000A0A00000A0C00000A0E00000C0000000C0200000C0400000C0600000C0800000C0
310
A00000C0C00000C0E00000E0000000E0200000E0400000E0600000E0800000E0A00000E0C00000E0E00040000000400020004000400040006000400080004000A0004000C0004000E00040200000402020004020400040206000402080004020A0004020C0004020E000404000004040200040404000404060004040800040
310
40A0004040C0004040E00040600000406020004060400040606000406080004060A0004060C0004060E00040800000408020004080400040806000408080004080A0004080C0004080E00040A0000040A0200040A0400040A0600040A0800040A0A00040A0C00040A0E00040C0000040C0200040C0400040C0600040C08000
310
40C0A00040C0C00040C0E00040E0000040E0200040E0400040E0600040E0800040E0A00040E0C00040E0E00080000000800020008000400080006000800080008000A0008000C0008000E00080200000802020008020400080206000802080008020A0008020C0008020E00080400000804020008040400080406000804080
310
008040A0008040C0008040E00080600000806020008060400080606000806080008060A0008060C0008060E00080800000808020008080400080806000808080008080A0008080C0008080E00080A0000080A0200080A0400080A0600080A0800080A0A00080A0C00080A0E00080C0000080C0200080C0400080C0600080C0
310
800080C0A00080C0C00080C0E00080E0000080E0200080E0400080E0600080E0800080E0A00080E0C00080E0E000C0000000C0002000C0004000C0006000C0008000C000A000C000C000C000E000C0200000C0202000C0204000C0206000C0208000C020A000C020C000C020E000C0400000C0402000C0404000C0406000C0
310
408000C040A000C040C000C040E000C0600000C0602000C0604000C0606000C0608000C060A000C060C000C060E000C0800000C0802000C0804000C0806000C0808000C080A000C080C000C080E000C0A00000C0A02000C0A04000C0A06000C0A08000C0A0A000C0A0C000C0A0E000C0C00000C0C02000C0C04000C0C06000
310
C0C08000C0C0A000F0FBFF00A4A0A000808080000000FF0000FF000000FFFF00FF000000FF00FF00FFFF0000FFFFFF0049494949494949494949494949494949494949494949494949494949494949494949494949494949494949494949494949494949494949494949494949494949494949494949494949494949494949
310
49494949494949494949494949494949494949494949494949494949494949494949494949494949494949494949494949494949494949494949494949494949494949494949494949494949494949494949494949494949494949494949494949494949494949494949494949494949494949494949494949494949494949
310
49494949494949494949494949494949494949494949494949494949494949494949494949494949494949494949494949494949494949494949494949494949494949494949494949494949494949494949494949494949494949494949494949494949494949494949494949494949494949494949494949494949494949
310
49494949494949494949494949494949494949494949494949494949494949494949494949494949494949494949494949494949FFFFFFFFFFFFFFFFFFFFFFFFFFFFFFFFFFFFFFFFFFFFFFFFFFFFFF4949494949FF4949494949494949FFFFFFFFFF49494949FFFFFFFFFFFFFFFFFFFF49494949FF4949494949494949FFFF
310
FFFFFF494949FFFFFFFFFFFFFFFFFFFF4949494949FF4949494949494949FFFFFFFFFF494949FFFFFFFFFFFFFFFFFFFF4949494949FF4949494949494949FFFFFFFFFFFFFFFFFFFFFFFFFFFFFFFFFFFF4949494949FFFFFFFFFFFFFFFFFFFFFFFFFFFFFFFFFFFFFFFFFFFFFFFFFFFFFF4949494949FFFFFF49FFFFFFFFFFFF
310
FFFFFFFFFFFFFFFFFFFFFFFFFFFFFFFFFFFFFFFF4949FFFFFFFFFFFFFFFFFFFFFFFFFFFFFFFFFFFFFFFFFFFFFFFFFFFFFF494949494949494949494949494949494949494949494949494949494949494949494949494949494949494949494949494949494949494949494949494949494949494949494949494949494949
310
49494949494949494949494949494949494949494949494949494949494949494949494949494949494949494949494949494949494949494949494949494949494949494949494949494949494949494949494949494949494949494949494949494949494949494949494949494949494949494949494949494949494949
310
49494949494949494949494949494949494949494949494949494949494949494949494949494949494949494949494949494949494949494949494949494949494949494949494949494949494949494949494949494949494949494949494949494949494949494949494949494949494949494949494949494949494949
310
4949494949494949494949494949494949494949494949494949494949494949494949494949494949494949494949494949494949494949
102
{BLKREFS
331
706
102
}
 70
     4
280
     1
281
     0
1001
AcDbDynamicBlockGUID
1000
{BCD52D05-323A-B54A-8A21-1B84008CF9CB}
1001
FUSIONTITLEBLOCK
1000
TitleBlock
  0
ENDTAB
  0
ENDSEC
  0
SECTION
  2
BLOCKS
  0
BLOCK
  5
71
330
70
100
AcDbEntity
  8
0
100
AcDbBlockBegin
  2
*Model_Space
 70
     0
 10
0.0
 20
0.0
 30
0.0
  3
*Model_Space
  1

  0
ENDBLK
  5
72
330
70
100
AcDbEntity
  8
0
100
AcDbBlockEnd
  0
BLOCK
  5
6D
330
6C
100
AcDbEntity
 67
     1
  8
0
100
AcDbBlockBegin
  2
*Paper_Space
 70
     0
 10
0.0
 20
0.0
 30
0.0
  3
*Paper_Space
  1

  0
ENDBLK
  5
6E
330
6C
100
AcDbEntity
 67
     1
  8
0
100
AcDbBlockEnd
  0
BLOCK
  5
75
330
74
100
AcDbEntity
 67
     1
  8
0
100
AcDbBlockBegin
  2
*Paper_Space0
 70
     0
 10
0.0
 20
0.0
 30
0.0
  3
*Paper_Space0
  1

  0
ENDBLK
  5
76
330
74
100
AcDbEntity
 67
     1
  8
0
100
AcDbBlockEnd
  0
BLOCK
  5
6C4
330
6C2
100
AcDbEntity
  8
0
100
AcDbBlockBegin
  2
ISO_A3_SHEET
 70
     0
 10
0.0
 20
0.0
 30
0.0
  3
ISO_A3_SHEET
  1

  0
LINE
  5
6C5
330
6C2
100
AcDbEntity
  8
Defpoints
100
AcDbLine
 10
0.0
 20
0.0
 30
0.0
 11
15.0
 21
0.0
 31
0.0
  0
LINE
  5
6C6
330
6C2
100
AcDbEntity
  8
Defpoints
100
AcDbLine
 10
405.0
 20
0.0
 30
0.0
 11
420.0
 21
0.0
 31
0.0
  0
LINE
  5
6C7
330
6C2
100
AcDbEntity
  8
BORDER
100
AcDbLine
 10
20.0
 20
10.0
 30
0.0
 11
410.0
 21
10.0
 31
0.0
  0
LINE
  5
6C8
330
6C2
100
AcDbEntity
  8
Defpoints
100
AcDbLine
 10
420.0
 20
0.0
 30
0.0
 11
420.0
 21
15.0
 31
0.0
  0
LINE
  5
6C9
330
6C2
100
AcDbEntity
  8
Defpoints
100
AcDbLine
 10
420.0
 20
282.0
 30
0.0
 11
420.0
 21
297.0
 31
0.0
  0
LINE
  5
6CA
330
6C2
100
AcDbEntity
  8
Defpoints
100
AcDbLine
 10
420.0
 20
297.0
 30
0.0
 11
405.0
 21
297.0
 31
0.0
  0
LINE
  5
6CB
330
6C2
100
AcDbEntity
  8
Defpoints
100
AcDbLine
 10
15.0
 20
297.0
 30
0.0
 11
0.0
 21
297.0
 31
0.0
  0
LINE
  5
6CC
330
6C2
100
AcDbEntity
  8
BORDER
100
AcDbLine
 10
410.0
 20
287.0
 30
0.0
 11
20.0
 21
287.0
 31
0.0
  0
LINE
  5
6CD
330
6C2
100
AcDbEntity
  8
Defpoints
100
AcDbLine
 10
0.0
 20
297.0
 30
0.0
 11
0.0
 21
282.0
 31
0.0
  0
LINE
  5
6CE
330
6C2
100
AcDbEntity
  8
Defpoints
100
AcDbLine
 10
0.0
 20
15.0
 30
0.0
 11
0.0
 21
0.0
 31
0.0
  0
LINE
  5
6CF
330
6C2
100
AcDbEntity
  8
BORDER
100
AcDbLine
 10
20.0
 20
287.0
 30
0.0
 11
20.0
 21
10.0
 31
0.0
  0
LINE
  5
6D0
330
6C2
100
AcDbEntity
  8
BORDER
100
AcDbLine
 10
410.0
 20
287.0
 30
0.0
 11
410.0
 21
10.0
 31
0.0
  0
LINE
  5
6D1
330
6C2
100
AcDbEntity
  8
BORDER
100
AcDbLine
 10
215.0
 20
5.0
 30
0.0
 11
215.0
 21
15.0
 31
0.0
  0
LINE
  5
6D2
330
6C2
100
AcDbEntity
  8
BORDER
100
AcDbLine
 10
215.0
 20
292.0
 30
0.0
 11
215.0
 21
282.0
 31
0.0
  0
LINE
  5
6D3
330
6C2
100
AcDbEntity
  8
BORDER
100
AcDbLine
 10
265.0
 20
292.0
 30
0.0
 11
265.0
 21
287.0
 31
0.0
  0
LINE
  5
6D4
330
6C2
100
AcDbEntity
  8
BORDER
100
AcDbLine
 10
315.0
 20
292.0
 30
0.0
 11
315.0
 21
287.0
 31
0.0
  0
LINE
  5
6D5
330
6C2
100
AcDbEntity
  8
BORDER
100
AcDbLine
 10
365.0
 20
292.0
 30
0.0
 11
365.0
 21
287.0
 31
0.0
  0
LINE
  5
6D6
330
6C2
100
AcDbEntity
  8
BORDER
100
AcDbLine
 10
165.0
 20
292.0
 30
0.0
 11
165.0
 21
287.0
 31
0.0
  0
LINE
  5
6D7
330
6C2
100
AcDbEntity
  8
BORDER
100
AcDbLine
 10
115.0
 20
292.0
 30
0.0
 11
115.0
 21
287.0
 31
0.0
  0
LINE
  5
6D8
330
6C2
100
AcDbEntity
  8
BORDER
100
AcDbLine
 10
65.0
 20
292.0
 30
0.0
 11
65.0
 21
287.0
 31
0.0
  0
LINE
  5
6D9
330
6C2
100
AcDbEntity
  8
BORDER
100
AcDbLine
 10
15.0
 20
148.5
 30
0.0
 11
25.0
 21
148.5
 31
0.0
  0
LINE
  5
6DA
330
6C2
100
AcDbEntity
  8
BORDER
100
AcDbLine
 10
15.0
 20
100.66667
 30
0.0
 11
20.0
 21
100.66667
 31
0.0
  0
LINE
  5
6DB
330
6C2
100
AcDbEntity
  8
BORDER
100
AcDbLine
 10
15.0
 20
52.83334
 30
0.0
 11
20.0
 21
52.83334
 31
0.0
  0
LINE
  5
6DC
330
6C2
100
AcDbEntity
  8
BORDER
100
AcDbLine
 10
15.0
 20
196.33333
 30
0.0
 11
20.0
 21
196.33333
 31
0.0
  0
LINE
  5
6DD
330
6C2
100
AcDbEntity
  8
BORDER
100
AcDbLine
 10
15.0
 20
244.16666
 30
0.0
 11
20.0
 21
244.16666
 31
0.0
  0
LINE
  5
6DE
330
6C2
100
AcDbEntity
  8
BORDER
100
AcDbLine
 10
415.0
 20
148.5
 30
0.0
 11
405.0
 21
148.5
 31
0.0
  0
LINE
  5
6DF
330
6C2
100
AcDbEntity
  8
BORDER
100
AcDbLine
 10
265.0
 20
5.0
 30
0.0
 11
265.0
 21
10.0
 31
0.0
  0
LINE
  5
6E0
330
6C2
100
AcDbEntity
  8
BORDER
100
AcDbLine
 10
315.0
 20
5.0
 30
0.0
 11
315.0
 21
10.0
 31
0.0
  0
LINE
  5
6E1
330
6C2
100
AcDbEntity
  8
BORDER
100
AcDbLine
 10
365.0
 20
5.0
 30
0.0
 11
365.0
 21
10.0
 31
0.0
  0
LINE
  5
6E2
330
6C2
100
AcDbEntity
  8
BORDER
100
AcDbLine
 10
165.0
 20
5.0
 30
0.0
 11
165.0
 21
10.0
 31
0.0
  0
LINE
  5
6E3
330
6C2
100
AcDbEntity
  8
BORDER
100
AcDbLine
 10
115.0
 20
5.0
 30
0.0
 11
115.0
 21
10.0
 31
0.0
  0
LINE
  5
6E4
330
6C2
100
AcDbEntity
  8
BORDER
100
AcDbLine
 10
65.0
 20
5.0
 30
0.0
 11
65.0
 21
10.0
 31
0.0
  0
LINE
  5
6E5
330
6C2
100
AcDbEntity
  8
BORDER
100
AcDbLine
 10
415.0
 20
100.66667
 30
0.0
 11
410.0
 21
100.66667
 31
0.0
  0
LINE
  5
6E6
330
6C2
100
AcDbEntity
  8
BORDER
100
AcDbLine
 10
415.0
 20
52.83334
 30
0.0
 11
410.0
 21
52.83334
 31
0.0
  0
LINE
  5
6E7
330
6C2
100
AcDbEntity
  8
BORDER
100
AcDbLine
 10
415.0
 20
196.33333
 30
0.0
 11
410.0
 21
196.33333
 31
0.0
  0
LINE
  5
6E8
330
6C2
100
AcDbEntity
  8
BORDER
100
AcDbLine
 10
415.0
 20
244.16666
 30
0.0
 11
410.0
 21
244.16666
 31
0.0
  0
TEXT
  5
6E9
330
6C2
100
AcDbEntity
  8
BORDER
100
AcDbText
 10
39.02882
 20
288.244884
 30
0.0
 40
2.5
  1
1
  7
FusionTitle
 72
     4
 11
40.0
 21
289.5
 31
0.0
100
AcDbText
  0
TEXT
  5
6EA
330
6C2
100
AcDbEntity
  8
BORDER
100
AcDbText
 10
16.335266
 20
266.83333
 30
0.0
 40
2.5
  1
A
  7
FusionTitle
 72
     4
 11
17.5
 21
268.08333
 31
0.0
100
AcDbText
  0
TEXT
  5
6EB
330
6C2
100
AcDbEntity
  8
BORDER
100
AcDbText
 10
89.02882
 20
288.244884
 30
0.0
 40
2.5
  1
2
  7
FusionTitle
 72
     4
 11
90.0
 21
289.5
 31
0.0
100
AcDbText
  0
TEXT
  5
6EC
330
6C2
100
AcDbEntity
  8
BORDER
100
AcDbText
 10
139.02882
 20
288.267053
 30
0.0
 40
2.5
  1
3
  7
FusionTitle
 72
     4
 11
140.0
 21
289.5
 31
0.0
100
AcDbText
  0
TEXT
  5
6ED
330
6C2
100
AcDbEntity
  8
BORDER
100
AcDbText
 10
189.02882
 20
288.25
 30
0.0
 40
2.5
  1
4
  7
FusionTitle
 72
     4
 11
190.0
 21
289.5
 31
0.0
100
AcDbText
  0
TEXT
  5
6EE
330
6C2
100
AcDbEntity
  8
BORDER
100
AcDbText
 10
239.02882
 20
288.28837
 30
0.0
 40
2.5
  1
5
  7
FusionTitle
 72
     4
 11
240.0
 21
289.5
 31
0.0
100
AcDbText
  0
TEXT
  5
6EF
330
6C2
100
AcDbEntity
  8
BORDER
100
AcDbText
 10
289.02882
 20
288.266201
 30
0.0
 40
2.5
  1
6
  7
FusionTitle
 72
     4
 11
290.0
 21
289.5
 31
0.0
100
AcDbText
  0
TEXT
  5
6F0
330
6C2
100
AcDbEntity
  8
BORDER
100
AcDbText
 10
339.02882
 20
288.266201
 30
0.0
 40
2.5
  1
7
  7
FusionTitle
 72
     4
 11
340.0
 21
289.5
 31
0.0
100
AcDbText
  0
TEXT
  5
6F1
330
6C2
100
AcDbEntity
  8
BORDER
100
AcDbText
 10
389.02882
 20
288.266201
 30
0.0
 40
2.5
  1
8
  7
FusionTitle
 72
     4
 11
390.0
 21
289.5
 31
0.0
100
AcDbText
  0
TEXT
  5
6F2
330
6C2
100
AcDbEntity
  8
BORDER
100
AcDbText
 10
39.02882
 20
6.244884
 30
0.0
 40
2.5
  1
1
  7
FusionTitle
 72
     4
 11
40.0
 21
7.5
 31
0.0
100
AcDbText
  0
TEXT
  5
6F3
330
6C2
100
AcDbEntity
  8
BORDER
100
AcDbText
 10
89.02882
 20
6.244884
 30
0.0
 40
2.5
  1
2
  7
FusionTitle
 72
     4
 11
90.0
 21
7.5
 31
0.0
100
AcDbText
  0
TEXT
  5
6F4
330
6C2
100
AcDbEntity
  8
BORDER
100
AcDbText
 10
139.02882
 20
6.267053
 30
0.0
 40
2.5
  1
3
  7
FusionTitle
 72
     4
 11
140.0
 21
7.5
 31
0.0
100
AcDbText
  0
TEXT
  5
6F5
330
6C2
100
AcDbEntity
  8
BORDER
100
AcDbText
 10
189.02882
 20
6.25
 30
0.0
 40
2.5
  1
4
  7
FusionTitle
 72
     4
 11
190.0
 21
7.5
 31
0.0
100
AcDbText
  0
TEXT
  5
6F6
330
6C2
100
AcDbEntity
  8
BORDER
100
AcDbText
 10
239.02882
 20
6.28837
 30
0.0
 40
2.5
  1
5
  7
FusionTitle
 72
     4
 11
240.0
 21
7.5
 31
0.0
100
AcDbText
  0
TEXT
  5
6F7
330
6C2
100
AcDbEntity
  8
BORDER
100
AcDbText
 10
289.02882
 20
6.266201
 30
0.0
 40
2.5
  1
6
  7
FusionTitle
 72
     4
 11
290.0
 21
7.5
 31
0.0
100
AcDbText
  0
TEXT
  5
6F8
330
6C2
100
AcDbEntity
  8
BORDER
100
AcDbText
 10
339.02882
 20
6.266201
 30
0.0
 40
2.5
  1
7
  7
FusionTitle
 72
     4
 11
340.0
 21
7.5
 31
0.0
100
AcDbText
  0
TEXT
  5
6F9
330
6C2
100
AcDbEntity
  8
BORDER
100
AcDbText
 10
389.02882
 20
6.266201
 30
0.0
 40
2.5
  1
8
  7
FusionTitle
 72
     4
 11
390.0
 21
7.5
 31
0.0
100
AcDbText
  0
TEXT
  5
6FA
330
6C2
100
AcDbEntity
  8
BORDER
100
AcDbText
 10
16.335266
 20
219.0
 30
0.0
 40
2.5
  1
B
  7
FusionTitle
 72
     4
 11
17.5
 21
220.25
 31
0.0
100
AcDbText
  0
TEXT
  5
6FB
330
6C2
100
AcDbEntity
  8
BORDER
100
AcDbText
 10
16.238915
 20
171.16667
 30
0.0
 40
2.5
  1
C
  7
FusionTitle
 72
     4
 11
17.5
 21
172.41667
 31
0.0
100
AcDbText
  0
TEXT
  5
6FC
330
6C2
100
AcDbEntity
  8
BORDER
100
AcDbText
 10
16.238915
 20
123.33334
 30
0.0
 40
2.5
  1
D
  7
FusionTitle
 72
     4
 11
17.5
 21
124.58334
 31
0.0
100
AcDbText
  0
TEXT
  5
6FD
330
6C2
100
AcDbEntity
  8
BORDER
100
AcDbText
 10
16.335266
 20
75.50001
 30
0.0
 40
2.5
  1
E
  7
FusionTitle
 72
     4
 11
17.5
 21
76.75001
 31
0.0
100
AcDbText
  0
TEXT
  5
6FE
330
6C2
100
AcDbEntity
  8
BORDER
100
AcDbText
 10
16.433322
 20
27.66668
 30
0.0
 40
2.5
  1
F
  7
FusionTitle
 72
     4
 11
17.5
 21
28.91668
 31
0.0
100
AcDbText
  0
TEXT
  5
6FF
330
6C2
100
AcDbEntity
  8
BORDER
100
AcDbText
 10
411.335266
 20
266.83333
 30
0.0
 40
2.5
  1
A
  7
FusionTitle
 72
     4
 11
412.5
 21
268.08333
 31
0.0
100
AcDbText
  0
TEXT
  5
700
330
6C2
100
AcDbEntity
  8
BORDER
100
AcDbText
 10
411.335266
 20
219.0
 30
0.0
 40
2.5
  1
B
  7
FusionTitle
 72
     4
 11
412.5
 21
220.25
 31
0.0
100
AcDbText
  0
TEXT
  5
701
330
6C2
100
AcDbEntity
  8
BORDER
100
AcDbText
 10
411.238915
 20
171.16667
 30
0.0
 40
2.5
  1
C
  7
FusionTitle
 72
     4
 11
412.5
 21
172.41667
 31
0.0
100
AcDbText
  0
TEXT
  5
702
330
6C2
100
AcDbEntity
  8
BORDER
100
AcDbText
 10
411.238915
 20
123.33334
 30
0.0
 40
2.5
  1
D
  7
FusionTitle
 72
     4
 11
412.5
 21
124.58334
 31
0.0
100
AcDbText
  0
TEXT
  5
703
330
6C2
100
AcDbEntity
  8
BORDER
100
AcDbText
 10
411.335266
 20
75.50001
 30
0.0
 40
2.5
  1
E
  7
FusionTitle
 72
     4
 11
412.5
 21
76.75001
 31
0.0
100
AcDbText
  0
TEXT
  5
704
330
6C2
100
AcDbEntity
  8
BORDER
100
AcDbText
 10
411.433322
 20
27.66668
 30
0.0
 40
2.5
  1
F
  7
FusionTitle
 72
     4
 11
412.5
 21
28.91668
 31
0.0
100
AcDbText
  0
ENDBLK
  5
705
330
6C2
100
AcDbEntity
  8
0
100
AcDbBlockEnd
  0
BLOCK
  5
70B
330
708
100
AcDbEntity
  8
0
100
AcDbBlockBegin
  2
ISO_TITLEBLOCK
 70
     2
 10
0.0
 20
0.0
 30
0.0
  3
ISO_TITLEBLOCK
  1

  0
LINE
  5
70C
330
708
100
AcDbEntity
  8
TITLEBLOCK
100
AcDbLine
 10
-180.0
 20
0.0
 30
0.0
 11
0.0
 21
0.0
 31
0.0
  0
LINE
  5
70D
330
708
100
AcDbEntity
  8
TITLEBLOCK
100
AcDbLine
 10
-61.0
 20
10.0
 30
0.0
 11
0.0
 21
10.0
 31
0.0
  0
LINE
  5
70E
330
708
100
AcDbEntity
  8
TITLEBLOCK
100
AcDbLine
 10
-122.0
 20
27.0
 30
0.0
 11
0.0
 21
27.0
 31
0.0
  0
LINE
  5
70F
330
708
100
AcDbEntity
  8
TITLEBLOCK
100
AcDbLine
 10
-180.0
 20
37.0
 30
0.0
 11
0.0
 21
37.0
 31
0.0
  0
LINE
  5
710
330
708
100
AcDbEntity
  8
TITLEBLOCK
100
AcDbLine
 10
0.0
 20
0.0
 30
0.0
 11
0.0
 21
47.0
 31
0.0
  0
LINE
  5
711
330
708
100
AcDbEntity
  8
TITLEBLOCK
100
AcDbLine
 10
-15.0
 20
0.0
 30
0.0
 11
-15.0
 21
10.0
 31
0.0
  0
LINE
  5
712
330
708
100
AcDbEntity
  8
TITLEBLOCK
100
AcDbLine
 10
-51.0
 20
0.0
 30
0.0
 11
-51.0
 21
10.0
 31
0.0
  0
LINE
  5
713
330
708
100
AcDbEntity
  8
TITLEBLOCK
100
AcDbLine
 10
-61.0
 20
0.0
 30
0.0
 11
-61.0
 21
47.0
 31
0.0
  0
LINE
  5
714
330
708
100
AcDbEntity
  8
TITLEBLOCK
100
AcDbLine
 10
-122.0
 20
0.0
 30
0.0
 11
-122.0
 21
47.0
 31
0.0
  0
LINE
  5
715
330
708
100
AcDbEntity
  8
TITLEBLOCK
100
AcDbLine
 10
-156.0
 20
37.0
 30
0.0
 11
-156.0
 21
47.0
 31
0.0
  0
LINE
  5
716
330
708
100
AcDbEntity
  8
TITLEBLOCK
100
AcDbLine
 10
0.0
 20
47.0
 30
0.0
 11
-180.0
 21
47.0
 31
0.0
  0
LINE
  5
717
330
708
100
AcDbEntity
  8
TITLEBLOCK
100
AcDbLine
 10
-180.0
 20
47.0
 30
0.0
 11
-180.0
 21
0.0
 31
0.0
  0
TEXT
  5
718
330
708
100
AcDbEntity
  8
TITLEBLOCK
100
AcDbText
 10
-179.0
 20
44.2
 30
0.0
 40
1.8
  1
Dept.
  7
FusionTitle
 11
-179.0
 21
46.0
 31
0.0
100
AcDbText
 73
     3
  0
TEXT
  5
719
330
708
100
AcDbEntity
  8
TITLEBLOCK
100
AcDbText
 10
-155.0
 20
44.2
 30
0.0
 40
1.8
  1
Technical reference
  7
FusionTitle
 11
-155.0
 21
46.0
 31
0.0
100
AcDbText
 73
     3
  0
TEXT
  5
71A
330
708
100
AcDbEntity
  8
TITLEBLOCK
100
AcDbText
 10
-121.0
 20
44.2
 30
0.0
 40
1.8
  1
Created by
  7
FusionTitle
 11
-121.0
 21
46.0
 31
0.0
100
AcDbText
 73
     3
  0
TEXT
  5
71B
330
708
100
AcDbEntity
  8
TITLEBLOCK
100
AcDbText
 10
-60.0
 20
44.2
 30
0.0
 40
1.8
  1
Approved by
  7
FusionTitle
 11
-60.0
 21
46.0
 31
0.0
100
AcDbText
 73
     3
  0
TEXT
  5
71C
330
708
100
AcDbEntity
  8
TITLEBLOCK
100
AcDbText
 10
-121.0
 20
34.2
 30
0.0
 40
1.8
  1
Document type
  7
FusionTitle
 11
-121.0
 21
36.0
 31
0.0
100
AcDbText
 73
     3
  0
TEXT
  5
71D
330
708
100
AcDbEntity
  8
TITLEBLOCK
100
AcDbText
 10
-60.0
 20
34.2
 30
0.0
 40
1.8
  1
Document status
  7
FusionTitle
 11
-60.0
 21
36.0
 31
0.0
100
AcDbText
 73
     3
  0
TEXT
  5
71E
330
708
100
AcDbEntity
  8
TITLEBLOCK
100
AcDbText
 10
-121.0
 20
24.2
 30
0.0
 40
1.8
  1
Title
  7
FusionTitle
 11
-121.0
 21
26.0
 31
0.0
100
AcDbText
 73
     3
  0
TEXT
  5
71F
330
708
100
AcDbEntity
  8
TITLEBLOCK
100
AcDbText
 10
-60.0
 20
24.2
 30
0.0
 40
1.8
  1
DWG No.
  7
FusionTitle
 11
-60.0
 21
26.0
 31
0.0
100
AcDbText
 73
     3
  0
TEXT
  5
720
330
708
100
AcDbEntity
  8
TITLEBLOCK
100
AcDbText
 10
-60.0
 20
7.2
 30
0.0
 40
1.8
  1
Rev.
  7
FusionTitle
 11
-60.0
 21
9.0
 31
0.0
100
AcDbText
 73
     3
  0
TEXT
  5
721
330
708
100
AcDbEntity
  8
TITLEBLOCK
100
AcDbText
 10
-50.0
 20
7.2
 30
0.0
 40
1.8
  1
Date of issue
  7
FusionTitle
 11
-50.0
 21
9.0
 31
0.0
100
AcDbText
 73
     3
  0
TEXT
  5
722
330
708
100
AcDbEntity
  8
TITLEBLOCK
100
AcDbText
 10
-14.0
 20
7.2
 30
0.0
 40
1.8
  1
Sheet
  7
FusionTitle
 11
-14.0
 21
9.0
 31
0.0
100
AcDbText
 73
     3
  0
ATTDEF
  5
723
102
{ACAD_XDICTIONARY
360
724
102
}
330
708
100
AcDbEntity
  8
TITLEBLOCK
100
AcDbText
 10
-50.0
 20
1.5
 30
0.0
 40
3.5
  1

  7
FusionTitle
 11
-50.0
 21
5.0
 31
0.0
100
AcDbAttributeDefinition
280
     0
  3
Date of issue
  2
DATE_OF_ISSUE
 70
     0
 74
     3
280
     1
  0
ATTDEF
  5
725
102
{ACAD_XDICTIONARY
360
726
102
}
330
708
100
AcDbEntity
  8
TITLEBLOCK
100
AcDbText
 10
-61.026774
 20
1.35
 30
0.0
 40
3.5
  1

  7
FusionTitle
 72
     1
 11
-56.0
 21
4.85
 31
0.0
100
AcDbAttributeDefinition
280
     0
  3
Revision
  2
REV
 70
     0
 74
     3
280
     1
  0
ATTDEF
  5
727
102
{ACAD_XDICTIONARY
360
728
102
}
330
708
100
AcDbEntity
  8
TITLEBLOCK
100
AcDbText
 10
-121.0
 20
1.5
 30
0.0
 40
5.0
  1

  7
FusionTitle
 11
-121.0
 21
6.5
 31
0.0
100
AcDbAttributeDefinition
280
     0
  3
3rd Title
  2
TITLE_3
 70
     0
 74
     3
280
     1
  0
ATTDEF
  5
729
102
{ACAD_XDICTIONARY
360
72A
102
}
330
708
100
AcDbEntity
  8
TITLEBLOCK
100
AcDbText
 10
-60.0
 20
28.5
 30
0.0
 40
3.5
  1

  7
FusionTitle
 11
-60.0
 21
32.0
 31
0.0
100
AcDbAttributeDefinition
280
     0
  3
Document status
  2
DOCUMENT_STATUS
 70
     0
 74
     3
280
     1
  0
ATTDEF
  5
72B
102
{ACAD_XDICTIONARY
360
72C
102
}
330
708
100
AcDbEntity
  8
TITLEBLOCK
100
AcDbText
 10
-121.0
 20
28.5
 30
0.0
 40
3.5
  1

  7
FusionTitle
 11
-121.0
 21
32.0
 31
0.0
100
AcDbAttributeDefinition
280
     0
  3
Document type
  2
DOCUMENT_TYPE
 70
     0
 74
     3
280
     1
  0
ATTDEF
  5
72D
102
{ACAD_XDICTIONARY
360
72E
102
}
330
708
100
AcDbEntity
  8
TITLEBLOCK
100
AcDbText
 10
-43.923943
 20
38.5
 30
0.0
 40
3.5
  1

  7
FusionTitle
 72
     2
 11
-0.992838
 21
42.0
 31
0.0
100
AcDbAttributeDefinition
280
     0
  3
Approved date
  2
APPROVED_DATE
 70
     0
 74
     3
280
     1
  0
ATTDEF
  5
72F
102
{ACAD_XDICTIONARY
360
730
102
}
330
708
100
AcDbEntity
  8
TITLEBLOCK
100
AcDbText
 10
-101.123124
 20
38.5
 30
0.0
 40
3.5
  1

  7
FusionTitle
 72
     2
 11
-62.0
 21
42.0
 31
0.0
100
AcDbAttributeDefinition
280
     0
  3
Created date
  2
CREATED_DATE
 70
     0
 74
     3
280
     1
  0
ATTDEF
  5
731
102
{ACAD_XDICTIONARY
360
732
102
}
330
708
100
AcDbEntity
  8
TITLEBLOCK
100
AcDbText
 10
-15.65075
 20
1.35
 30
0.0
 40
3.5
  1

  7
FusionTitle
 72
     1
 11
-7.5
 21
4.85
 31
0.0
100
AcDbAttributeDefinition
280
     0
  3
Sheet
  2
SHEET
 70
     0
 74
     3
280
     1
  0
ATTDEF
  5
733
102
{ACAD_XDICTIONARY
360
734
102
}
330
708
100
AcDbEntity
  8
TITLEBLOCK
100
AcDbText
 10
-121.0
 20
9.0
 30
0.0
 40
5.0
  1

  7
FusionTitle
 11
-121.0
 21
14.0
 31
0.0
100
AcDbAttributeDefinition
280
     0
  3
2nd Title
  2
TITLE_2
 70
     0
 74
     3
280
     1
  0
ATTDEF
  5
735
102
{ACAD_XDICTIONARY
360
736
102
}
330
708
100
AcDbEntity
  8
TITLEBLOCK
100
AcDbText
 10
-64.456344
 20
14.751432
 30
0.0
 40
5.0
  1

  7
FusionTitle
 72
     1
 11
-30.5
 21
19.751432
 31
0.0
100
AcDbAttributeDefinition
280
     0
  3
Drawing number
  2
DRAWING_NUMBER
 70
     0
 74
     3
280
     1
  0
ATTDEF
  5
737
102
{ACAD_XDICTIONARY
360
738
102
}
330
708
100
AcDbEntity
  8
TITLEBLOCK
100
AcDbText
 10
-121.0
 20
16.5
 30
0.0
 40
5.0
  1

  7
FusionTitle
 11
-121.0
 21
21.5
 31
0.0
100
AcDbAttributeDefinition
280
     0
  3
1st Title
  2
TITLE_1
 70
     0
 74
     3
280
     1
  0
ATTDEF
  5
739
102
{ACAD_XDICTIONARY
360
73A
102
}
330
708
100
AcDbEntity
  8
TITLEBLOCK
100
AcDbText
 10
-60.0
 20
38.5
 30
0.0
 40
3.5
  1

  7
FusionTitle
 11
-60.0
 21
42.0
 31
0.0
100
AcDbAttributeDefinition
280
     0
  3
Approved by
  2
APPROVED_BY
 70
     0
 74
     3
280
     1
  0
ATTDEF
  5
73B
102
{ACAD_XDICTIONARY
360
73C
102
}
330
708
100
AcDbEntity
  8
TITLEBLOCK
100
AcDbText
 10
-121.0
 20
38.5
 30
0.0
 40
3.5
  1

  7
FusionTitle
 11
-121.0
 21
42.0
 31
0.0
100
AcDbAttributeDefinition
280
     0
  3
Created by
  2
CREATED_BY
 70
     0
 74
     3
280
     1
  0
ATTDEF
  5
73D
102
{ACAD_XDICTIONARY
360
73E
102
}
330
708
100
AcDbEntity
  8
TITLEBLOCK
100
AcDbText
 10
-155.0
 20
38.5
 30
0.0
 40
3.5
  1

  7
FusionTitle
 11
-155.0
 21
42.0
 31
0.0
100
AcDbAttributeDefinition
280
     0
  3
Technical reference
  2
TECHNICAL_REFERENCE
 70
     0
 74
     3
280
     1
  0
ATTDEF
  5
73F
102
{ACAD_XDICTIONARY
360
740
102
}
330
708
100
AcDbEntity
  8
TITLEBLOCK
100
AcDbText
 10
-179.0
 20
38.5
 30
0.0
 40
3.5
  1

  7
FusionTitle
 11
-179.0
 21
42.0
 31
0.0
100
AcDbAttributeDefinition
280
     0
  3
Department
  2
DEPT
 70
     0
 74
     3
280
     1
  0
ENDBLK
  5
741
330
708
100
AcDbEntity
  8
0
100
AcDbBlockEnd
  0
ENDSEC
  0
SECTION
  2
ENTITIES
  0
INSERT
  5
6C0
330
70
100
AcDbEntity
  8
BORDER
100
AcDbBlockReference
  2
ISO_A3_SHEET
 10
0.0
 20
0.0
 30
0.0
  0
INSERT
  5
706
330
70
100
AcDbEntity
  8
TITLEBLOCK
100
AcDbBlockReference
 66
     1
  2
ISO_TITLEBLOCK
 10
410.0
 20
10.0
 30
0.0
  0
ATTRIB
  5
742
330
706
100
AcDbEntity
  8
TITLEBLOCK
100
AcDbText
 10
360.0
 20
11.5
 30
0.0
 40
3.5
  1

  7
FusionTitle
 11
360.0
 21
15.0
 31
0.0
100
AcDbAttribute
280
     0
  2
DATE_OF_ISSUE
 70
     0
 74
     3
280
     1
  0
ATTRIB
  5
743
330
706
100
AcDbEntity
  8
TITLEBLOCK
100
AcDbText
 10
354.0
 20
11.35
 30
0.0
 40
3.5
  1

  7
FusionTitle
 72
     1
 11
354.0
 21
14.85
 31
0.0
100
AcDbAttribute
280
     0
  2
REV
 70
     0
 74
     3
280
     1
  0
ATTRIB
  5
744
330
706
100
AcDbEntity
  8
TITLEBLOCK
100
AcDbText
 10
289.0
 20
11.5
 30
0.0
 40
5.0
  1

  7
FusionTitle
 11
289.0
 21
16.5
 31
0.0
100
AcDbAttribute
280
     0
  2
TITLE_3
 70
     0
 74
     3
280
     1
  0
ATTRIB
  5
745
330
706
100
AcDbEntity
  8
TITLEBLOCK
100
AcDbText
 10
350.0
 20
38.5
 30
0.0
 40
3.5
  1

  7
FusionTitle
 11
350.0
 21
42.0
 31
0.0
100
AcDbAttribute
280
     0
  2
DOCUMENT_STATUS
 70
     0
 74
     3
280
     1
  0
ATTRIB
  5
746
330
706
100
AcDbEntity
  8
TITLEBLOCK
100
AcDbText
 10
289.0
 20
38.5
 30
0.0
 40
3.5
  1

  7
FusionTitle
 11
289.0
 21
42.0
 31
0.0
100
AcDbAttribute
280
     0
  2
DOCUMENT_TYPE
 70
     0
 74
     3
280
     1
  0
ATTRIB
  5
747
330
706
100
AcDbEntity
  8
TITLEBLOCK
100
AcDbText
 10
409.007162
 20
48.5
 30
0.0
 40
3.5
  1

  7
FusionTitle
 72
     2
 11
409.007162
 21
52.0
 31
0.0
100
AcDbAttribute
280
     0
  2
APPROVED_DATE
 70
     0
 74
     3
280
     1
  0
ATTRIB
  5
748
330
706
100
AcDbEntity
  8
TITLEBLOCK
100
AcDbText
 10
323.528649
 20
48.5
 30
0.0
 40
3.5
  1
18/05/2026
  7
FusionTitle
 72
     2
 11
348.0
 21
52.0
 31
0.0
100
AcDbAttribute
280
     0
  2
CREATED_DATE
 70
     0
 74
     3
280
     1
  0
ATTRIB
  5
749
330
706
100
AcDbEntity
  8
TITLEBLOCK
100
AcDbText
 10
399.101467
 20
11.35
 30
0.0
 40
3.5
  1
1/1
  7
FusionTitle
 72
     1
 11
402.5
 21
14.85
 31
0.0
100
AcDbAttribute
280
     0
  2
SHEET
 70
     0
 74
     3
280
     1
  0
ATTRIB
  5
74A
330
706
100
AcDbEntity
  8
TITLEBLOCK
100
AcDbText
 10
289.0
 20
19.0
 30
0.0
 40
5.0
  1

  7
FusionTitle
 11
289.0
 21
24.0
 31
0.0
100
AcDbAttribute
280
     0
  2
TITLE_2
 70
     0
 74
     3
280
     1
  0
ATTRIB
  5
74B
330
706
100
AcDbEntity
  8
TITLEBLOCK
100
AcDbText
 10
379.5
 20
24.751432
 30
0.0
 40
5.0
  1

  7
FusionTitle
 72
     1
 11
379.5
 21
29.751432
 31
0.0
100
AcDbAttribute
280
     0
  2
DRAWING_NUMBER
 70
     0
 74
     3
280
     1
  0
ATTRIB
  5
74C
330
706
100
AcDbEntity
  8
TITLEBLOCK
100
AcDbText
 10
289.0
 20
26.5
 30
0.0
 40
5.0
  1
7segment_displayHolder
 41
0.761161
  7
FusionTitle
 11
289.0
 21
31.5
 31
0.0
100
AcDbAttribute
280
     0
  2
TITLE_1
 70
     0
 74
     3
280
     1
  0
ATTRIB
  5
74D
330
706
100
AcDbEntity
  8
TITLEBLOCK
100
AcDbText
 10
350.0
 20
48.5
 30
0.0
 40
3.5
  1

  7
FusionTitle
 11
350.0
 21
52.0
 31
0.0
100
AcDbAttribute
280
     0
  2
APPROVED_BY
 70
     0
 74
     3
280
     1
  0
ATTRIB
  5
74E
330
706
100
AcDbEntity
  8
TITLEBLOCK
100
AcDbText
 10
289.0
 20
48.5
 30
0.0
 40
3.5
  1
Lars Ysebaert
  7
FusionTitle
 11
289.0
 21
52.0
 31
0.0
100
AcDbAttribute
280
     0
  2
CREATED_BY
 70
     0
 74
     3
280
     1
  0
ATTRIB
  5
74F
330
706
100
AcDbEntity
  8
TITLEBLOCK
100
AcDbText
 10
255.0
 20
48.5
 30
0.0
 40
3.5
  1

  7
FusionTitle
 11
255.0
 21
52.0
 31
0.0
100
AcDbAttribute
280
     0
  2
TECHNICAL_REFERENCE
 70
     0
 74
     3
280
     1
  0
ATTRIB
  5
750
330
706
100
AcDbEntity
  8
TITLEBLOCK
100
AcDbText
 10
231.0
 20
48.5
 30
0.0
 40
3.5
  1

  7
FusionTitle
 11
231.0
 21
52.0
 31
0.0
100
AcDbAttribute
280
     0
  2
DEPT
 70
     0
 74
     3
280
     1
  0
SEQEND
  5
751
330
706
100
AcDbEntity
  8
TITLEBLOCK
  0
CIRCLE
  5
753
330
70
100
AcDbEntity
  8
Visible
100
AcDbCircle
 10
-764.987281
 20
-54.684825
 30
0.0
 40
10.0
210
0.0
220
0.0
230
-1.0
  0
LINE
  5
754
330
70
100
AcDbEntity
  8
Visible
100
AcDbLine
 10
817.487281
 20
-47.184825
 30
0.0
 11
817.487281
 21
-67.184825
 31
0.0
  0
LINE
  5
755
330
70
100
AcDbEntity
  8
Visible
100
AcDbLine
 10
814.487281
 20
-47.184825
 30
0.0
 11
817.487281
 21
-47.184825
 31
0.0
  0
LINE
  5
756
330
70
100
AcDbEntity
  8
Visible
100
AcDbLine
 10
814.487281
 20
-67.184825
 30
0.0
 11
814.487281
 21
-47.184825
 31
0.0
  0
LINE
  5
757
330
70
100
AcDbEntity
  8
Visible
100
AcDbLine
 10
817.487281
 20
-67.184825
 30
0.0
 11
814.487281
 21
-67.184825
 31
0.0
  0
LINE
  5
758
330
70
100
AcDbEntity
  8
Visible
100
AcDbLine
 10
880.487281
 20
-47.184825
 30
0.0
 11
883.487281
 21
-47.184825
 31
0.0
  0
LINE
  5
759
330
70
100
AcDbEntity
  8
Visible
100
AcDbLine
 10
880.487281
 20
-67.184825
 30
0.0
 11
880.487281
 21
-47.184825
 31
0.0
  0
LINE
  5
75A
330
70
100
AcDbEntity
  8
Visible
100
AcDbLine
 10
883.487281
 20
-67.184825
 30
0.0
 11
880.487281
 21
-67.184825
 31
0.0
  0
LINE
  5
75B
330
70
100
AcDbEntity
  8
Visible
100
AcDbLine
 10
883.487281
 20
-47.184825
 30
0.0
 11
883.487281
 21
-67.184825
 31
0.0
  0
LINE
  5
75C
330
70
100
AcDbEntity
  8
Visible
100
AcDbLine
 10
847.487281
 20
-47.184825
 30
0.0
 11
850.487281
 21
-47.184825
 31
0.0
  0
LINE
  5
75D
330
70
100
AcDbEntity
  8
Visible
100
AcDbLine
 10
847.487281
 20
-67.184825
 30
0.0
 11
847.487281
 21
-47.184825
 31
0.0
  0
LINE
  5
75E
330
70
100
AcDbEntity
  8
Visible
100
AcDbLine
 10
850.487281
 20
-67.184825
 30
0.0
 11
847.487281
 21
-67.184825
 31
0.0
  0
LINE
  5
75F
330
70
100
AcDbEntity
  8
Visible
100
AcDbLine
 10
850.487281
 20
-47.184825
 30
0.0
 11
850.487281
 21
-67.184825
 31
0.0
  0
LINE
  5
760
330
70
100
AcDbEntity
  8
Visible
100
AcDbLine
 10
784.487281
 20
-47.184825
 30
0.0
 11
784.487281
 21
-67.184825
 31
0.0
  0
LINE
  5
761
330
70
100
AcDbEntity
  8
Visible
100
AcDbLine
 10
781.487281
 20
-47.184825
 30
0.0
 11
784.487281
 21
-47.184825
 31
0.0
  0
LINE
  5
762
330
70
100
AcDbEntity
  8
Visible
100
AcDbLine
 10
781.487281
 20
-67.184825
 30
0.0
 11
781.487281
 21
-47.184825
 31
0.0
  0
LINE
  5
763
330
70
100
AcDbEntity
  8
Visible
100
AcDbLine
 10
784.487281
 20
-67.184825
 30
0.0
 11
781.487281
 21
-67.184825
 31
0.0
  0
LINE
  5
764
330
70
100
AcDbEntity
  8
Visible
100
AcDbLine
 10
743.987281
 20
-65.184825
 30
0.0
 11
743.987281
 21
-72.184825
 31
0.0
  0
LINE
  5
765
330
70
100
AcDbEntity
  8
Visible
100
AcDbLine
 10
749.987281
 20
-65.184825
 30
0.0
 11
743.987281
 21
-65.184825
 31
0.0
  0
LINE
  5
766
330
70
100
AcDbEntity
  8
Visible
100
AcDbLine
 10
749.987281
 20
-58.184825
 30
0.0
 11
749.987281
 21
-65.184825
 31
0.0
  0
LINE
  5
767
330
70
100
AcDbEntity
  8
Visible
100
AcDbLine
 10
743.987281
 20
-58.184825
 30
0.0
 11
749.987281
 21
-58.184825
 31
0.0
  0
LINE
  5
768
330
70
100
AcDbEntity
  8
Visible
100
AcDbLine
 10
743.987281
 20
-51.184825
 30
0.0
 11
743.987281
 21
-58.184825
 31
0.0
  0
LINE
  5
769
330
70
100
AcDbEntity
  8
Visible
100
AcDbLine
 10
749.987281
 20
-51.184825
 30
0.0
 11
743.987281
 21
-51.184825
 31
0.0
  0
LINE
  5
76A
330
70
100
AcDbEntity
  8
Visible
100
AcDbLine
 10
749.987281
 20
-44.184825
 30
0.0
 11
749.987281
 21
-51.184825
 31
0.0
  0
LINE
  5
76B
330
70
100
AcDbEntity
  8
Visible
100
AcDbLine
 10
743.987281
 20
-44.184825
 30
0.0
 11
749.987281
 21
-44.184825
 31
0.0
  0
LINE
  5
76C
330
70
100
AcDbEntity
  8
Visible
100
AcDbLine
 10
743.987281
 20
-37.184825
 30
0.0
 11
743.987281
 21
-44.184825
 31
0.0
  0
LINE
  5
76D
330
70
100
AcDbEntity
  8
Visible
100
AcDbLine
 10
920.987281
 20
-37.184825
 30
0.0
 11
743.987281
 21
-37.184825
 31
0.0
  0
LINE
  5
76E
330
70
100
AcDbEntity
  8
Visible
100
AcDbLine
 10
920.987281
 20
-44.184825
 30
0.0
 11
920.987281
 21
-37.184825
 31
0.0
  0
LINE
  5
76F
330
70
100
AcDbEntity
  8
Visible
100
AcDbLine
 10
914.987281
 20
-44.184825
 30
0.0
 11
920.987281
 21
-44.184825
 31
0.0
  0
LINE
  5
770
330
70
100
AcDbEntity
  8
Visible
100
AcDbLine
 10
914.987281
 20
-51.184825
 30
0.0
 11
914.987281
 21
-44.184825
 31
0.0
  0
LINE
  5
771
330
70
100
AcDbEntity
  8
Visible
100
AcDbLine
 10
920.987281
 20
-51.184825
 30
0.0
 11
914.987281
 21
-51.184825
 31
0.0
  0
LINE
  5
772
330
70
100
AcDbEntity
  8
Visible
100
AcDbLine
 10
920.987281
 20
-58.184825
 30
0.0
 11
920.987281
 21
-51.184825
 31
0.0
  0
LINE
  5
773
330
70
100
AcDbEntity
  8
Visible
100
AcDbLine
 10
914.987281
 20
-58.184825
 30
0.0
 11
920.987281
 21
-58.184825
 31
0.0
  0
LINE
  5
774
330
70
100
AcDbEntity
  8
Visible
100
AcDbLine
 10
914.987281
 20
-65.184825
 30
0.0
 11
914.987281
 21
-58.184825
 31
0.0
  0
LINE
  5
775
330
70
100
AcDbEntity
  8
Visible
100
AcDbLine
 10
920.987281
 20
-65.184825
 30
0.0
 11
914.987281
 21
-65.184825
 31
0.0
  0
LINE
  5
776
330
70
100
AcDbEntity
  8
Visible
100
AcDbLine
 10
920.987281
 20
-72.184825
 30
0.0
 11
920.987281
 21
-65.184825
 31
0.0
  0
LINE
  5
777
330
70
100
AcDbEntity
  8
Visible
100
AcDbLine
 10
892.715912
 20
-72.184825
 30
0.0
 11
920.987281
 21
-72.184825
 31
0.0
  0
LINE
  5
778
330
70
100
AcDbEntity
  8
Visible
100
AcDbLine
 10
892.715912
 20
-78.184825
 30
0.0
 11
892.715912
 21
-72.184825
 31
0.0
  0
LINE
  5
779
330
70
100
AcDbEntity
  8
Visible
100
AcDbLine
 10
883.490824
 20
-78.184825
 30
0.0
 11
892.715912
 21
-78.184825
 31
0.0
  0
LINE
  5
77A
330
70
100
AcDbEntity
  8
Visible
100
AcDbLine
 10
883.490824
 20
-87.184825
 30
0.0
 11
883.490824
 21
-78.184825
 31
0.0
  0
LINE
  5
77B
330
70
100
AcDbEntity
  8
Visible
100
AcDbLine
 10
860.490824
 20
-87.184825
 30
0.0
 11
883.490824
 21
-87.184825
 31
0.0
  0
LINE
  5
77C
330
70
100
AcDbEntity
  8
Visible
100
AcDbLine
 10
860.490824
 20
-78.184825
 30
0.0
 11
860.490824
 21
-87.184825
 31
0.0
  0
LINE
  5
77D
330
70
100
AcDbEntity
  8
Visible
100
AcDbLine
 10
855.490824
 20
-78.184825
 30
0.0
 11
860.490824
 21
-78.184825
 31
0.0
  0
LINE
  5
77E
330
70
100
AcDbEntity
  8
Visible
100
AcDbLine
 10
855.490824
 20
-72.184825
 30
0.0
 11
855.490824
 21
-78.184825
 31
0.0
  0
LINE
  5
77F
330
70
100
AcDbEntity
  8
Visible
100
AcDbLine
 10
822.815134
 20
-72.184825
 30
0.0
 11
855.490824
 21
-72.184825
 31
0.0
  0
LINE
  5
780
330
70
100
AcDbEntity
  8
Visible
100
AcDbLine
 10
822.815134
 20
-78.184825
 30
0.0
 11
822.815134
 21
-72.184825
 31
0.0
  0
LINE
  5
781
330
70
100
AcDbEntity
  8
Visible
100
AcDbLine
 10
817.815134
 20
-78.184825
 30
0.0
 11
822.815134
 21
-78.184825
 31
0.0
  0
LINE
  5
782
330
70
100
AcDbEntity
  8
Visible
100
AcDbLine
 10
817.815134
 20
-87.184825
 30
0.0
 11
817.815134
 21
-78.184825
 31
0.0
  0
LINE
  5
783
330
70
100
AcDbEntity
  8
Visible
100
AcDbLine
 10
794.815134
 20
-87.184825
 30
0.0
 11
817.815134
 21
-87.184825
 31
0.0
  0
LINE
  5
784
330
70
100
AcDbEntity
  8
Visible
100
AcDbLine
 10
794.815134
 20
-78.184825
 30
0.0
 11
794.815134
 21
-87.184825
 31
0.0
  0
LINE
  5
785
330
70
100
AcDbEntity
  8
Visible
100
AcDbLine
 10
789.815134
 20
-78.184825
 30
0.0
 11
794.815134
 21
-78.184825
 31
0.0
  0
LINE
  5
786
330
70
100
AcDbEntity
  8
Visible
100
AcDbLine
 10
789.815134
 20
-72.184825
 30
0.0
 11
789.815134
 21
-78.184825
 31
0.0
  0
LINE
  5
787
330
70
100
AcDbEntity
  8
Visible
100
AcDbLine
 10
743.987281
 20
-72.184825
 30
0.0
 11
789.815134
 21
-72.184825
 31
0.0
  0
CIRCLE
  5
788
330
70
100
AcDbEntity
  8
Visible
100
AcDbCircle
 10
-737.158633
 20
339.538048
 30
0.0
 40
10.0
210
0.0
220
0.0
230
-1.0
  0
LINE
  5
789
330
70
100
AcDbEntity
  8
Visible
100
AcDbLine
 10
826.158633
 20
307.038048
 30
0.0
 11
849.158633
 21
307.038048
 31
0.0
  0
LINE
  5
78A
330
70
100
AcDbEntity
  8
Visible
100
AcDbLine
 10
849.158633
 20
307.038048
 30
0.0
 11
849.158633
 21
316.038048
 31
0.0
  0
LINE
  5
78B
330
70
100
AcDbEntity
  8
Visible
100
AcDbLine
 10
826.158633
 20
316.038048
 30
0.0
 11
826.158633
 21
307.038048
 31
0.0
  0
LINE
  5
78C
330
70
100
AcDbEntity
  8
Visible
100
AcDbLine
 10
849.158633
 20
316.038048
 30
0.0
 11
854.158633
 21
316.038048
 31
0.0
  0
LINE
  5
78D
330
70
100
AcDbEntity
  8
Visible
100
AcDbLine
 10
821.158633
 20
316.038048
 30
0.0
 11
826.158633
 21
316.038048
 31
0.0
  0
LINE
  5
78E
330
70
100
AcDbEntity
  8
Visible
100
AcDbLine
 10
760.158633
 20
307.038048
 30
0.0
 11
783.158633
 21
307.038048
 31
0.0
  0
LINE
  5
78F
330
70
100
AcDbEntity
  8
Visible
100
AcDbLine
 10
783.158633
 20
307.038048
 30
0.0
 11
783.158633
 21
316.038048
 31
0.0
  0
LINE
  5
790
330
70
100
AcDbEntity
  8
Visible
100
AcDbLine
 10
760.158633
 20
316.038048
 30
0.0
 11
760.158633
 21
307.038048
 31
0.0
  0
LINE
  5
791
330
70
100
AcDbEntity
  8
Visible
100
AcDbLine
 10
783.158633
 20
316.038048
 30
0.0
 11
788.158633
 21
316.038048
 31
0.0
  0
LINE
  5
792
330
70
100
AcDbEntity
  8
Visible
100
AcDbLine
 10
755.158633
 20
316.038048
 30
0.0
 11
760.158633
 21
316.038048
 31
0.0
  0
LINE
  5
793
330
70
100
AcDbEntity
  8
Visible
100
AcDbLine
 10
751.158633
 20
363.038048
 30
0.0
 11
751.158633
 21
357.038048
 31
0.0
  0
LINE
  5
794
330
70
100
AcDbEntity
  8
Visible
100
AcDbLine
 10
786.158633
 20
363.038048
 30
0.0
 11
751.158633
 21
363.038048
 31
0.0
  0
LINE
  5
795
330
70
100
AcDbEntity
  8
Visible
100
AcDbLine
 10
786.158633
 20
357.038048
 30
0.0
 11
786.158633
 21
363.038048
 31
0.0
  0
LINE
  5
796
330
70
100
AcDbEntity
  8
Visible
100
AcDbLine
 10
823.158633
 20
357.038048
 30
0.0
 11
786.158633
 21
357.038048
 31
0.0
  0
LINE
  5
797
330
70
100
AcDbEntity
  8
Visible
100
AcDbLine
 10
823.158633
 20
363.038048
 30
0.0
 11
823.158633
 21
357.038048
 31
0.0
  0
LINE
  5
798
330
70
100
AcDbEntity
  8
Visible
100
AcDbLine
 10
858.158633
 20
363.038048
 30
0.0
 11
823.158633
 21
363.038048
 31
0.0
  0
LINE
  5
799
330
70
100
AcDbEntity
  8
Visible
100
AcDbLine
 10
858.158633
 20
357.038048
 30
0.0
 11
858.158633
 21
363.038048
 31
0.0
  0
LINE
  5
79A
330
70
100
AcDbEntity
  8
Visible
100
AcDbLine
 10
893.158633
 20
357.038048
 30
0.0
 11
858.158633
 21
357.038048
 31
0.0
  0
LINE
  5
79B
330
70
100
AcDbEntity
  8
Visible
100
AcDbLine
 10
893.158633
 20
350.038048
 30
0.0
 11
893.158633
 21
357.038048
 31
0.0
  0
LINE
  5
79C
330
70
100
AcDbEntity
  8
Visible
100
AcDbLine
 10
887.158633
 20
350.038048
 30
0.0
 11
893.158633
 21
350.038048
 31
0.0
  0
LINE
  5
79D
330
70
100
AcDbEntity
  8
Visible
100
AcDbLine
 10
887.158633
 20
343.038048
 30
0.0
 11
887.158633
 21
350.038048
 31
0.0
  0
LINE
  5
79E
330
70
100
AcDbEntity
  8
Visible
100
AcDbLine
 10
893.158633
 20
343.038048
 30
0.0
 11
887.158633
 21
343.038048
 31
0.0
  0
LINE
  5
79F
330
70
100
AcDbEntity
  8
Visible
100
AcDbLine
 10
893.158633
 20
336.038048
 30
0.0
 11
893.158633
 21
343.038048
 31
0.0
  0
LINE
  5
7A0
330
70
100
AcDbEntity
  8
Visible
100
AcDbLine
 10
887.158633
 20
336.038048
 30
0.0
 11
893.158633
 21
336.038048
 31
0.0
  0
LINE
  5
7A1
330
70
100
AcDbEntity
  8
Visible
100
AcDbLine
 10
887.158633
 20
329.038048
 30
0.0
 11
887.158633
 21
336.038048
 31
0.0
  0
LINE
  5
7A2
330
70
100
AcDbEntity
  8
Visible
100
AcDbLine
 10
893.158633
 20
329.038048
 30
0.0
 11
887.158633
 21
329.038048
 31
0.0
  0
LINE
  5
7A3
330
70
100
AcDbEntity
  8
Visible
100
AcDbLine
 10
893.158633
 20
322.038048
 30
0.0
 11
893.158633
 21
329.038048
 31
0.0
  0
LINE
  5
7A4
330
70
100
AcDbEntity
  8
Visible
100
AcDbLine
 10
854.158633
 20
322.038048
 30
0.0
 11
893.158633
 21
322.038048
 31
0.0
  0
LINE
  5
7A5
330
70
100
AcDbEntity
  8
Visible
100
AcDbLine
 10
854.158633
 20
316.038048
 30
0.0
 11
854.158633
 21
322.038048
 31
0.0
  0
LINE
  5
7A6
330
70
100
AcDbEntity
  8
Visible
100
AcDbLine
 10
821.158633
 20
322.038048
 30
0.0
 11
821.158633
 21
316.038048
 31
0.0
  0
LINE
  5
7A7
330
70
100
AcDbEntity
  8
Visible
100
AcDbLine
 10
788.158633
 20
322.038048
 30
0.0
 11
821.158633
 21
322.038048
 31
0.0
  0
LINE
  5
7A8
330
70
100
AcDbEntity
  8
Visible
100
AcDbLine
 10
788.158633
 20
316.038048
 30
0.0
 11
788.158633
 21
322.038048
 31
0.0
  0
LINE
  5
7A9
330
70
100
AcDbEntity
  8
Visible
100
AcDbLine
 10
755.158633
 20
322.038048
 30
0.0
 11
755.158633
 21
316.038048
 31
0.0
  0
LINE
  5
7AA
330
70
100
AcDbEntity
  8
Visible
100
AcDbLine
 10
716.158633
 20
322.038048
 30
0.0
 11
755.158633
 21
322.038048
 31
0.0
  0
LINE
  5
7AB
330
70
100
AcDbEntity
  8
Visible
100
AcDbLine
 10
716.158633
 20
329.038048
 30
0.0
 11
716.158633
 21
322.038048
 31
0.0
  0
LINE
  5
7AC
330
70
100
AcDbEntity
  8
Visible
100
AcDbLine
 10
722.158633
 20
329.038048
 30
0.0
 11
716.158633
 21
329.038048
 31
0.0
  0
LINE
  5
7AD
330
70
100
AcDbEntity
  8
Visible
100
AcDbLine
 10
722.158633
 20
336.038048
 30
0.0
 11
722.158633
 21
329.038048
 31
0.0
  0
LINE
  5
7AE
330
70
100
AcDbEntity
  8
Visible
100
AcDbLine
 10
716.158633
 20
336.038048
 30
0.0
 11
722.158633
 21
336.038048
 31
0.0
  0
LINE
  5
7AF
330
70
100
AcDbEntity
  8
Visible
100
AcDbLine
 10
716.158633
 20
343.038048
 30
0.0
 11
716.158633
 21
336.038048
 31
0.0
  0
LINE
  5
7B0
330
70
100
AcDbEntity
  8
Visible
100
AcDbLine
 10
722.158633
 20
343.038048
 30
0.0
 11
716.158633
 21
343.038048
 31
0.0
  0
LINE
  5
7B1
330
70
100
AcDbEntity
  8
Visible
100
AcDbLine
 10
722.158633
 20
350.038048
 30
0.0
 11
722.158633
 21
343.038048
 31
0.0
  0
LINE
  5
7B2
330
70
100
AcDbEntity
  8
Visible
100
AcDbLine
 10
716.158633
 20
350.038048
 30
0.0
 11
722.158633
 21
350.038048
 31
0.0
  0
LINE
  5
7B3
330
70
100
AcDbEntity
  8
Visible
100
AcDbLine
 10
716.158633
 20
357.038048
 30
0.0
 11
716.158633
 21
350.038048
 31
0.0
  0
LINE
  5
7B4
330
70
100
AcDbEntity
  8
Visible
100
AcDbLine
 10
751.158633
 20
357.038048
 30
0.0
 11
716.158633
 21
357.038048
 31
0.0
  0
LINE
  5
7B5
330
70
100
AcDbEntity
  8
Visible
100
AcDbLine
 10
693.703701
 20
-323.974908
 30
0.0
 11
702.703701
 21
-323.974908
 31
0.0
  0
LINE
  5
7B6
330
70
100
AcDbEntity
  8
Visible
100
AcDbLine
 10
702.703701
 20
-346.974908
 30
0.0
 11
693.703701
 21
-346.974908
 31
0.0
  0
LINE
  5
7B7
330
70
100
AcDbEntity
  8
Visible
100
AcDbLine
 10
702.703701
 20
-323.974908
 30
0.0
 11
702.703701
 21
-346.974908
 31
0.0
  0
LINE
  5
7B8
330
70
100
AcDbEntity
  8
Visible
100
AcDbLine
 10
693.703701
 20
-323.974908
 30
0.0
 11
693.703701
 21
-318.974908
 31
0.0
  0
LINE
  5
7B9
330
70
100
AcDbEntity
  8
Visible
100
AcDbLine
 10
693.703701
 20
-351.974908
 30
0.0
 11
693.703701
 21
-346.974908
 31
0.0
  0
LINE
  5
7BA
330
70
100
AcDbEntity
  8
Visible
100
AcDbLine
 10
693.703701
 20
-257.974908
 30
0.0
 11
702.703701
 21
-257.974908
 31
0.0
  0
LINE
  5
7BB
330
70
100
AcDbEntity
  8
Visible
100
AcDbLine
 10
702.703701
 20
-280.974908
 30
0.0
 11
693.703701
 21
-280.974908
 31
0.0
  0
LINE
  5
7BC
330
70
100
AcDbEntity
  8
Visible
100
AcDbLine
 10
702.703701
 20
-257.974908
 30
0.0
 11
702.703701
 21
-280.974908
 31
0.0
  0
LINE
  5
7BD
330
70
100
AcDbEntity
  8
Visible
100
AcDbLine
 10
693.703701
 20
-257.974908
 30
0.0
 11
693.703701
 21
-252.974908
 31
0.0
  0
LINE
  5
7BE
330
70
100
AcDbEntity
  8
Visible
100
AcDbLine
 10
693.703701
 20
-285.974908
 30
0.0
 11
693.703701
 21
-280.974908
 31
0.0
  0
LINE
  5
7BF
330
70
100
AcDbEntity
  8
Visible
100
AcDbLine
 10
682.703701
 20
-353.474908
 30
0.0
 11
662.703701
 21
-353.474908
 31
0.0
  0
LINE
  5
7C0
330
70
100
AcDbEntity
  8
Visible
100
AcDbLine
 10
682.703701
 20
-350.474908
 30
0.0
 11
682.703701
 21
-353.474908
 31
0.0
  0
LINE
  5
7C1
330
70
100
AcDbEntity
  8
Visible
100
AcDbLine
 10
662.703701
 20
-350.474908
 30
0.0
 11
682.703701
 21
-350.474908
 31
0.0
  0
LINE
  5
7C2
330
70
100
AcDbEntity
  8
Visible
100
AcDbLine
 10
662.703701
 20
-353.474908
 30
0.0
 11
662.703701
 21
-350.474908
 31
0.0
  0
LINE
  5
7C3
330
70
100
AcDbEntity
  8
Visible
100
AcDbLine
 10
682.703701
 20
-287.474908
 30
0.0
 11
662.703701
 21
-287.474908
 31
0.0
  0
LINE
  5
7C4
330
70
100
AcDbEntity
  8
Visible
100
AcDbLine
 10
682.703701
 20
-284.474908
 30
0.0
 11
682.703701
 21
-287.474908
 31
0.0
  0
LINE
  5
7C5
330
70
100
AcDbEntity
  8
Visible
100
AcDbLine
 10
662.703701
 20
-284.474908
 30
0.0
 11
682.703701
 21
-284.474908
 31
0.0
  0
LINE
  5
7C6
330
70
100
AcDbEntity
  8
Visible
100
AcDbLine
 10
662.703701
 20
-287.474908
 30
0.0
 11
662.703701
 21
-284.474908
 31
0.0
  0
LINE
  5
7C7
330
70
100
AcDbEntity
  8
Visible
100
AcDbLine
 10
682.703701
 20
-251.474908
 30
0.0
 11
682.703701
 21
-254.474908
 31
0.0
  0
LINE
  5
7C8
330
70
100
AcDbEntity
  8
Visible
100
AcDbLine
 10
662.703701
 20
-251.474908
 30
0.0
 11
682.703701
 21
-251.474908
 31
0.0
  0
LINE
  5
7C9
330
70
100
AcDbEntity
  8
Visible
100
AcDbLine
 10
662.703701
 20
-254.474908
 30
0.0
 11
662.703701
 21
-251.474908
 31
0.0
  0
LINE
  5
7CA
330
70
100
AcDbEntity
  8
Visible
100
AcDbLine
 10
682.703701
 20
-254.474908
 30
0.0
 11
662.703701
 21
-254.474908
 31
0.0
  0
LINE
  5
7CB
330
70
100
AcDbEntity
  8
Visible
100
AcDbLine
 10
662.703701
 20
-320.474908
 30
0.0
 11
662.703701
 21
-317.474908
 31
0.0
  0
LINE
  5
7CC
330
70
100
AcDbEntity
  8
Visible
100
AcDbLine
 10
682.703701
 20
-320.474908
 30
0.0
 11
662.703701
 21
-320.474908
 31
0.0
  0
LINE
  5
7CD
330
70
100
AcDbEntity
  8
Visible
100
AcDbLine
 10
682.703701
 20
-317.474908
 30
0.0
 11
682.703701
 21
-320.474908
 31
0.0
  0
LINE
  5
7CE
330
70
100
AcDbEntity
  8
Visible
100
AcDbLine
 10
662.703701
 20
-317.474908
 30
0.0
 11
682.703701
 21
-317.474908
 31
0.0
  0
LINE
  5
7CF
330
70
100
AcDbEntity
  8
Visible
100
AcDbLine
 10
680.703701
 20
-390.974908
 30
0.0
 11
687.703701
 21
-390.974908
 31
0.0
  0
LINE
  5
7D0
330
70
100
AcDbEntity
  8
Visible
100
AcDbLine
 10
680.703701
 20
-384.974908
 30
0.0
 11
680.703701
 21
-390.974908
 31
0.0
  0
LINE
  5
7D1
330
70
100
AcDbEntity
  8
Visible
100
AcDbLine
 10
673.703701
 20
-384.974908
 30
0.0
 11
680.703701
 21
-384.974908
 31
0.0
  0
LINE
  5
7D2
330
70
100
AcDbEntity
  8
Visible
100
AcDbLine
 10
673.703701
 20
-390.974908
 30
0.0
 11
673.703701
 21
-384.974908
 31
0.0
  0
LINE
  5
7D3
330
70
100
AcDbEntity
  8
Visible
100
AcDbLine
 10
666.703701
 20
-390.974908
 30
0.0
 11
673.703701
 21
-390.974908
 31
0.0
  0
LINE
  5
7D4
330
70
100
AcDbEntity
  8
Visible
100
AcDbLine
 10
666.703701
 20
-384.974908
 30
0.0
 11
666.703701
 21
-390.974908
 31
0.0
  0
LINE
  5
7D5
330
70
100
AcDbEntity
  8
Visible
100
AcDbLine
 10
659.703701
 20
-384.974908
 30
0.0
 11
666.703701
 21
-384.974908
 31
0.0
  0
LINE
  5
7D6
330
70
100
AcDbEntity
  8
Visible
100
AcDbLine
 10
659.703701
 20
-390.974908
 30
0.0
 11
659.703701
 21
-384.974908
 31
0.0
  0
LINE
  5
7D7
330
70
100
AcDbEntity
  8
Visible
100
AcDbLine
 10
652.703701
 20
-390.974908
 30
0.0
 11
659.703701
 21
-390.974908
 31
0.0
  0
LINE
  5
7D8
330
70
100
AcDbEntity
  8
Visible
100
AcDbLine
 10
652.703701
 20
-213.974908
 30
0.0
 11
652.703701
 21
-390.974908
 31
0.0
  0
LINE
  5
7D9
330
70
100
AcDbEntity
  8
Visible
100
AcDbLine
 10
659.703701
 20
-213.974908
 30
0.0
 11
652.703701
 21
-213.974908
 31
0.0
  0
LINE
  5
7DA
330
70
100
AcDbEntity
  8
Visible
100
AcDbLine
 10
659.703701
 20
-219.974908
 30
0.0
 11
659.703701
 21
-213.974908
 31
0.0
  0
LINE
  5
7DB
330
70
100
AcDbEntity
  8
Visible
100
AcDbLine
 10
666.703701
 20
-219.974908
 30
0.0
 11
659.703701
 21
-219.974908
 31
0.0
  0
LINE
  5
7DC
330
70
100
AcDbEntity
  8
Visible
100
AcDbLine
 10
666.703701
 20
-213.974908
 30
0.0
 11
666.703701
 21
-219.974908
 31
0.0
  0
LINE
  5
7DD
330
70
100
AcDbEntity
  8
Visible
100
AcDbLine
 10
673.703701
 20
-213.974908
 30
0.0
 11
666.703701
 21
-213.974908
 31
0.0
  0
LINE
  5
7DE
330
70
100
AcDbEntity
  8
Visible
100
AcDbLine
 10
673.703701
 20
-219.974908
 30
0.0
 11
673.703701
 21
-213.974908
 31
0.0
  0
LINE
  5
7DF
330
70
100
AcDbEntity
  8
Visible
100
AcDbLine
 10
680.703701
 20
-219.974908
 30
0.0
 11
673.703701
 21
-219.974908
 31
0.0
  0
LINE
  5
7E0
330
70
100
AcDbEntity
  8
Visible
100
AcDbLine
 10
680.703701
 20
-213.974908
 30
0.0
 11
680.703701
 21
-219.974908
 31
0.0
  0
LINE
  5
7E1
330
70
100
AcDbEntity
  8
Visible
100
AcDbLine
 10
687.703701
 20
-213.974908
 30
0.0
 11
680.703701
 21
-213.974908
 31
0.0
  0
LINE
  5
7E2
330
70
100
AcDbEntity
  8
Visible
100
AcDbLine
 10
687.703701
 20
-252.974908
 30
0.0
 11
687.703701
 21
-213.974908
 31
0.0
  0
LINE
  5
7E3
330
70
100
AcDbEntity
  8
Visible
100
AcDbLine
 10
693.703701
 20
-252.974908
 30
0.0
 11
687.703701
 21
-252.974908
 31
0.0
  0
LINE
  5
7E4
330
70
100
AcDbEntity
  8
Visible
100
AcDbLine
 10
687.703701
 20
-285.974908
 30
0.0
 11
693.703701
 21
-285.974908
 31
0.0
  0
LINE
  5
7E5
330
70
100
AcDbEntity
  8
Visible
100
AcDbLine
 10
687.703701
 20
-318.974908
 30
0.0
 11
687.703701
 21
-285.974908
 31
0.0
  0
LINE
  5
7E6
330
70
100
AcDbEntity
  8
Visible
100
AcDbLine
 10
693.703701
 20
-318.974908
 30
0.0
 11
687.703701
 21
-318.974908
 31
0.0
  0
LINE
  5
7E7
330
70
100
AcDbEntity
  8
Visible
100
AcDbLine
 10
687.703701
 20
-351.974908
 30
0.0
 11
693.703701
 21
-351.974908
 31
0.0
  0
LINE
  5
7E8
330
70
100
AcDbEntity
  8
Visible
100
AcDbLine
 10
687.703701
 20
-390.974908
 30
0.0
 11
687.703701
 21
-351.974908
 31
0.0
  0
LINE
  5
7E9
330
70
100
AcDbEntity
  8
Visible
100
AcDbLine
 10
943.046732
 20
407.739235
 30
0.0
 11
952.046732
 21
407.739235
 31
0.0
  0
LINE
  5
7EA
330
70
100
AcDbEntity
  8
Visible
100
AcDbLine
 10
952.046732
 20
397.739235
 30
0.0
 11
943.046732
 21
397.739235
 31
0.0
  0
LINE
  5
7EB
330
70
100
AcDbEntity
  8
Visible
100
AcDbLine
 10
952.046732
 20
407.739235
 30
0.0
 11
952.046732
 21
397.739235
 31
0.0
  0
LINE
  5
7EC
330
70
100
AcDbEntity
  8
Visible
100
AcDbLine
 10
943.046732
 20
407.739235
 30
0.0
 11
943.046732
 21
412.739235
 31
0.0
  0
LINE
  5
7ED
330
70
100
AcDbEntity
  8
Visible
100
AcDbLine
 10
943.046732
 20
392.739235
 30
0.0
 11
943.046732
 21
397.739235
 31
0.0
  0
LINE
  5
7EE
330
70
100
AcDbEntity
  8
Visible
100
AcDbLine
 10
902.046732
 20
431.739235
 30
0.0
 11
902.046732
 21
412.739235
 31
0.0
  0
LINE
  5
7EF
330
70
100
AcDbEntity
  8
Visible
100
AcDbLine
 10
909.046732
 20
431.739235
 30
0.0
 11
902.046732
 21
431.739235
 31
0.0
  0
LINE
  5
7F0
330
70
100
AcDbEntity
  8
Visible
100
AcDbLine
 10
909.046732
 20
437.739235
 30
0.0
 11
909.046732
 21
431.739235
 31
0.0
  0
LINE
  5
7F1
330
70
100
AcDbEntity
  8
Visible
100
AcDbLine
 10
916.046732
 20
437.739235
 30
0.0
 11
909.046732
 21
437.739235
 31
0.0
  0
LINE
  5
7F2
330
70
100
AcDbEntity
  8
Visible
100
AcDbLine
 10
916.046732
 20
431.739235
 30
0.0
 11
916.046732
 21
437.739235
 31
0.0
  0
LINE
  5
7F3
330
70
100
AcDbEntity
  8
Visible
100
AcDbLine
 10
923.046732
 20
431.739235
 30
0.0
 11
916.046732
 21
431.739235
 31
0.0
  0
LINE
  5
7F4
330
70
100
AcDbEntity
  8
Visible
100
AcDbLine
 10
923.046732
 20
437.739235
 30
0.0
 11
923.046732
 21
431.739235
 31
0.0
  0
LINE
  5
7F5
330
70
100
AcDbEntity
  8
Visible
100
AcDbLine
 10
930.046732
 20
437.739235
 30
0.0
 11
923.046732
 21
437.739235
 31
0.0
  0
LINE
  5
7F6
330
70
100
AcDbEntity
  8
Visible
100
AcDbLine
 10
930.046732
 20
431.739235
 30
0.0
 11
930.046732
 21
437.739235
 31
0.0
  0
LINE
  5
7F7
330
70
100
AcDbEntity
  8
Visible
100
AcDbLine
 10
937.046732
 20
431.739235
 30
0.0
 11
930.046732
 21
431.739235
 31
0.0
  0
LINE
  5
7F8
330
70
100
AcDbEntity
  8
Visible
100
AcDbLine
 10
937.046732
 20
412.739235
 30
0.0
 11
937.046732
 21
431.739235
 31
0.0
  0
LINE
  5
7F9
330
70
100
AcDbEntity
  8
Visible
100
AcDbLine
 10
943.046732
 20
412.739235
 30
0.0
 11
937.046732
 21
412.739235
 31
0.0
  0
LINE
  5
7FA
330
70
100
AcDbEntity
  8
Visible
100
AcDbLine
 10
937.046732
 20
392.739235
 30
0.0
 11
943.046732
 21
392.739235
 31
0.0
  0
LINE
  5
7FB
330
70
100
AcDbEntity
  8
Visible
100
AcDbLine
 10
937.046732
 20
373.739235
 30
0.0
 11
937.046732
 21
392.739235
 31
0.0
  0
LINE
  5
7FC
330
70
100
AcDbEntity
  8
Visible
100
AcDbLine
 10
930.046732
 20
373.739235
 30
0.0
 11
937.046732
 21
373.739235
 31
0.0
  0
LINE
  5
7FD
330
70
100
AcDbEntity
  8
Visible
100
AcDbLine
 10
930.046732
 20
367.739235
 30
0.0
 11
930.046732
 21
373.739235
 31
0.0
  0
LINE
  5
7FE
330
70
100
AcDbEntity
  8
Visible
100
AcDbLine
 10
923.046732
 20
367.739235
 30
0.0
 11
930.046732
 21
367.739235
 31
0.0
  0
LINE
  5
7FF
330
70
100
AcDbEntity
  8
Visible
100
AcDbLine
 10
923.046732
 20
373.739235
 30
0.0
 11
923.046732
 21
367.739235
 31
0.0
  0
LINE
  5
800
330
70
100
AcDbEntity
  8
Visible
100
AcDbLine
 10
916.046732
 20
373.739235
 30
0.0
 11
923.046732
 21
373.739235
 31
0.0
  0
LINE
  5
801
330
70
100
AcDbEntity
  8
Visible
100
AcDbLine
 10
916.046732
 20
367.739235
 30
0.0
 11
916.046732
 21
373.739235
 31
0.0
  0
LINE
  5
802
330
70
100
AcDbEntity
  8
Visible
100
AcDbLine
 10
909.046732
 20
367.739235
 30
0.0
 11
916.046732
 21
367.739235
 31
0.0
  0
LINE
  5
803
330
70
100
AcDbEntity
  8
Visible
100
AcDbLine
 10
909.046732
 20
373.739235
 30
0.0
 11
909.046732
 21
367.739235
 31
0.0
  0
LINE
  5
804
330
70
100
AcDbEntity
  8
Visible
100
AcDbLine
 10
902.046732
 20
373.739235
 30
0.0
 11
909.046732
 21
373.739235
 31
0.0
  0
LINE
  5
805
330
70
100
AcDbEntity
  8
Visible
100
AcDbLine
 10
902.046732
 20
392.739235
 30
0.0
 11
902.046732
 21
373.739235
 31
0.0
  0
LINE
  5
806
330
70
100
AcDbEntity
  8
Visible
100
AcDbLine
 10
896.046732
 20
392.739235
 30
0.0
 11
902.046732
 21
392.739235
 31
0.0
  0
LINE
  5
807
330
70
100
AcDbEntity
  8
Visible
100
AcDbLine
 10
896.046732
 20
412.739235
 30
0.0
 11
896.046732
 21
392.739235
 31
0.0
  0
LINE
  5
808
330
70
100
AcDbEntity
  8
Visible
100
AcDbLine
 10
902.046732
 20
412.739235
 30
0.0
 11
896.046732
 21
412.739235
 31
0.0
  0
CIRCLE
  5
809
330
70
100
AcDbEntity
  8
Visible
100
AcDbCircle
 10
-690.700364
 20
416.611761
 30
0.0
 40
10.0
210
0.0
220
0.0
230
-1.0
  0
LINE
  5
80A
330
70
100
AcDbEntity
  8
Visible
100
AcDbLine
 10
658.200364
 20
407.611761
 30
0.0
 11
658.200364
 21
397.611761
 31
0.0
  0
LINE
  5
80B
330
70
100
AcDbEntity
  8
Visible
100
AcDbLine
 10
658.200364
 20
397.611761
 30
0.0
 11
667.200364
 21
397.611761
 31
0.0
  0
LINE
  5
80C
330
70
100
AcDbEntity
  8
Visible
100
AcDbLine
 10
667.200364
 20
407.611761
 30
0.0
 11
658.200364
 21
407.611761
 31
0.0
  0
LINE
  5
80D
330
70
100
AcDbEntity
  8
Visible
100
AcDbLine
 10
667.200364
 20
397.611761
 30
0.0
 11
667.200364
 21
392.611761
 31
0.0
  0
LINE
  5
80E
330
70
100
AcDbEntity
  8
Visible
100
AcDbLine
 10
667.200364
 20
412.611761
 30
0.0
 11
667.200364
 21
407.611761
 31
0.0
  0
LINE
  5
80F
330
70
100
AcDbEntity
  8
Visible
100
AcDbLine
 10
673.200364
 20
431.611761
 30
0.0
 11
673.200364
 21
412.611761
 31
0.0
  0
LINE
  5
810
330
70
100
AcDbEntity
  8
Visible
100
AcDbLine
 10
680.200364
 20
431.611761
 30
0.0
 11
673.200364
 21
431.611761
 31
0.0
  0
LINE
  5
811
330
70
100
AcDbEntity
  8
Visible
100
AcDbLine
 10
680.200364
 20
437.611761
 30
0.0
 11
680.200364
 21
431.611761
 31
0.0
  0
LINE
  5
812
330
70
100
AcDbEntity
  8
Visible
100
AcDbLine
 10
687.200364
 20
437.611761
 30
0.0
 11
680.200364
 21
437.611761
 31
0.0
  0
LINE
  5
813
330
70
100
AcDbEntity
  8
Visible
100
AcDbLine
 10
687.200364
 20
431.611761
 30
0.0
 11
687.200364
 21
437.611761
 31
0.0
  0
LINE
  5
814
330
70
100
AcDbEntity
  8
Visible
100
AcDbLine
 10
694.200364
 20
431.611761
 30
0.0
 11
687.200364
 21
431.611761
 31
0.0
  0
LINE
  5
815
330
70
100
AcDbEntity
  8
Visible
100
AcDbLine
 10
694.200364
 20
437.611761
 30
0.0
 11
694.200364
 21
431.611761
 31
0.0
  0
LINE
  5
816
330
70
100
AcDbEntity
  8
Visible
100
AcDbLine
 10
701.200364
 20
437.611761
 30
0.0
 11
694.200364
 21
437.611761
 31
0.0
  0
LINE
  5
817
330
70
100
AcDbEntity
  8
Visible
100
AcDbLine
 10
701.200364
 20
431.611761
 30
0.0
 11
701.200364
 21
437.611761
 31
0.0
  0
LINE
  5
818
330
70
100
AcDbEntity
  8
Visible
100
AcDbLine
 10
708.200364
 20
431.611761
 30
0.0
 11
701.200364
 21
431.611761
 31
0.0
  0
LINE
  5
819
330
70
100
AcDbEntity
  8
Visible
100
AcDbLine
 10
708.200364
 20
412.611761
 30
0.0
 11
708.200364
 21
431.611761
 31
0.0
  0
LINE
  5
81A
330
70
100
AcDbEntity
  8
Visible
100
AcDbLine
 10
714.200364
 20
412.611761
 30
0.0
 11
708.200364
 21
412.611761
 31
0.0
  0
LINE
  5
81B
330
70
100
AcDbEntity
  8
Visible
100
AcDbLine
 10
714.200364
 20
392.611761
 30
0.0
 11
714.200364
 21
412.611761
 31
0.0
  0
LINE
  5
81C
330
70
100
AcDbEntity
  8
Visible
100
AcDbLine
 10
708.200364
 20
392.611761
 30
0.0
 11
714.200364
 21
392.611761
 31
0.0
  0
LINE
  5
81D
330
70
100
AcDbEntity
  8
Visible
100
AcDbLine
 10
708.200364
 20
373.611761
 30
0.0
 11
708.200364
 21
392.611761
 31
0.0
  0
LINE
  5
81E
330
70
100
AcDbEntity
  8
Visible
100
AcDbLine
 10
701.200364
 20
373.611761
 30
0.0
 11
708.200364
 21
373.611761
 31
0.0
  0
LINE
  5
81F
330
70
100
AcDbEntity
  8
Visible
100
AcDbLine
 10
701.200364
 20
367.611761
 30
0.0
 11
701.200364
 21
373.611761
 31
0.0
  0
LINE
  5
820
330
70
100
AcDbEntity
  8
Visible
100
AcDbLine
 10
694.200364
 20
367.611761
 30
0.0
 11
701.200364
 21
367.611761
 31
0.0
  0
LINE
  5
821
330
70
100
AcDbEntity
  8
Visible
100
AcDbLine
 10
694.200364
 20
373.611761
 30
0.0
 11
694.200364
 21
367.611761
 31
0.0
  0
LINE
  5
822
330
70
100
AcDbEntity
  8
Visible
100
AcDbLine
 10
687.200364
 20
373.611761
 30
0.0
 11
694.200364
 21
373.611761
 31
0.0
  0
LINE
  5
823
330
70
100
AcDbEntity
  8
Visible
100
AcDbLine
 10
687.200364
 20
367.611761
 30
0.0
 11
687.200364
 21
373.611761
 31
0.0
  0
LINE
  5
824
330
70
100
AcDbEntity
  8
Visible
100
AcDbLine
 10
680.200364
 20
367.611761
 30
0.0
 11
687.200364
 21
367.611761
 31
0.0
  0
LINE
  5
825
330
70
100
AcDbEntity
  8
Visible
100
AcDbLine
 10
680.200364
 20
373.611761
 30
0.0
 11
680.200364
 21
367.611761
 31
0.0
  0
LINE
  5
826
330
70
100
AcDbEntity
  8
Visible
100
AcDbLine
 10
673.200364
 20
373.611761
 30
0.0
 11
680.200364
 21
373.611761
 31
0.0
  0
LINE
  5
827
330
70
100
AcDbEntity
  8
Visible
100
AcDbLine
 10
673.200364
 20
392.611761
 30
0.0
 11
673.200364
 21
373.611761
 31
0.0
  0
LINE
  5
828
330
70
100
AcDbEntity
  8
Visible
100
AcDbLine
 10
667.200364
 20
392.611761
 30
0.0
 11
673.200364
 21
392.611761
 31
0.0
  0
LINE
  5
829
330
70
100
AcDbEntity
  8
Visible
100
AcDbLine
 10
673.200364
 20
412.611761
 30
0.0
 11
667.200364
 21
412.611761
 31
0.0
  0
LINE
  5
82A
330
70
100
AcDbEntity
  8
Visible
100
AcDbLine
 10
825.63152
 20
490.623873
 30
0.0
 11
825.63152
 21
499.623873
 31
0.0
  0
LINE
  5
82B
330
70
100
AcDbEntity
  8
Visible
100
AcDbLine
 10
848.63152
 20
499.623873
 30
0.0
 11
848.63152
 21
490.623873
 31
0.0
  0
LINE
  5
82C
330
70
100
AcDbEntity
  8
Visible
100
AcDbLine
 10
825.63152
 20
499.623873
 30
0.0
 11
848.63152
 21
499.623873
 31
0.0
  0
LINE
  5
82D
330
70
100
AcDbEntity
  8
Visible
100
AcDbLine
 10
825.63152
 20
490.623873
 30
0.0
 11
820.63152
 21
490.623873
 31
0.0
  0
LINE
  5
82E
330
70
100
AcDbEntity
  8
Visible
100
AcDbLine
 10
853.63152
 20
490.623873
 30
0.0
 11
848.63152
 21
490.623873
 31
0.0
  0
LINE
  5
82F
330
70
100
AcDbEntity
  8
Visible
100
AcDbLine
 10
759.63152
 20
490.623873
 30
0.0
 11
759.63152
 21
499.623873
 31
0.0
  0
LINE
  5
830
330
70
100
AcDbEntity
  8
Visible
100
AcDbLine
 10
782.63152
 20
499.623873
 30
0.0
 11
782.63152
 21
490.623873
 31
0.0
  0
LINE
  5
831
330
70
100
AcDbEntity
  8
Visible
100
AcDbLine
 10
759.63152
 20
499.623873
 30
0.0
 11
782.63152
 21
499.623873
 31
0.0
  0
LINE
  5
832
330
70
100
AcDbEntity
  8
Visible
100
AcDbLine
 10
759.63152
 20
490.623873
 30
0.0
 11
754.63152
 21
490.623873
 31
0.0
  0
LINE
  5
833
330
70
100
AcDbEntity
  8
Visible
100
AcDbLine
 10
787.63152
 20
490.623873
 30
0.0
 11
782.63152
 21
490.623873
 31
0.0
  0
LINE
  5
834
330
70
100
AcDbEntity
  8
Visible
100
AcDbLine
 10
785.63152
 20
443.623873
 30
0.0
 11
785.63152
 21
449.623873
 31
0.0
  0
LINE
  5
835
330
70
100
AcDbEntity
  8
Visible
100
AcDbLine
 10
750.63152
 20
443.623873
 30
0.0
 11
785.63152
 21
443.623873
 31
0.0
  0
LINE
  5
836
330
70
100
AcDbEntity
  8
Visible
100
AcDbLine
 10
750.63152
 20
449.623873
 30
0.0
 11
750.63152
 21
443.623873
 31
0.0
  0
LINE
  5
837
330
70
100
AcDbEntity
  8
Visible
100
AcDbLine
 10
715.63152
 20
449.623873
 30
0.0
 11
750.63152
 21
449.623873
 31
0.0
  0
LINE
  5
838
330
70
100
AcDbEntity
  8
Visible
100
AcDbLine
 10
715.63152
 20
456.623873
 30
0.0
 11
715.63152
 21
449.623873
 31
0.0
  0
LINE
  5
839
330
70
100
AcDbEntity
  8
Visible
100
AcDbLine
 10
721.63152
 20
456.623873
 30
0.0
 11
715.63152
 21
456.623873
 31
0.0
  0
LINE
  5
83A
330
70
100
AcDbEntity
  8
Visible
100
AcDbLine
 10
721.63152
 20
463.623873
 30
0.0
 11
721.63152
 21
456.623873
 31
0.0
  0
LINE
  5
83B
330
70
100
AcDbEntity
  8
Visible
100
AcDbLine
 10
715.63152
 20
463.623873
 30
0.0
 11
721.63152
 21
463.623873
 31
0.0
  0
LINE
  5
83C
330
70
100
AcDbEntity
  8
Visible
100
AcDbLine
 10
715.63152
 20
470.623873
 30
0.0
 11
715.63152
 21
463.623873
 31
0.0
  0
LINE
  5
83D
330
70
100
AcDbEntity
  8
Visible
100
AcDbLine
 10
721.63152
 20
470.623873
 30
0.0
 11
715.63152
 21
470.623873
 31
0.0
  0
LINE
  5
83E
330
70
100
AcDbEntity
  8
Visible
100
AcDbLine
 10
721.63152
 20
477.623873
 30
0.0
 11
721.63152
 21
470.623873
 31
0.0
  0
LINE
  5
83F
330
70
100
AcDbEntity
  8
Visible
100
AcDbLine
 10
715.63152
 20
477.623873
 30
0.0
 11
721.63152
 21
477.623873
 31
0.0
  0
LINE
  5
840
330
70
100
AcDbEntity
  8
Visible
100
AcDbLine
 10
715.63152
 20
484.623873
 30
0.0
 11
715.63152
 21
477.623873
 31
0.0
  0
LINE
  5
841
330
70
100
AcDbEntity
  8
Visible
100
AcDbLine
 10
754.63152
 20
484.623873
 30
0.0
 11
715.63152
 21
484.623873
 31
0.0
  0
LINE
  5
842
330
70
100
AcDbEntity
  8
Visible
100
AcDbLine
 10
754.63152
 20
490.623873
 30
0.0
 11
754.63152
 21
484.623873
 31
0.0
  0
LINE
  5
843
330
70
100
AcDbEntity
  8
Visible
100
AcDbLine
 10
787.63152
 20
484.623873
 30
0.0
 11
787.63152
 21
490.623873
 31
0.0
  0
LINE
  5
844
330
70
100
AcDbEntity
  8
Visible
100
AcDbLine
 10
820.63152
 20
484.623873
 30
0.0
 11
787.63152
 21
484.623873
 31
0.0
  0
LINE
  5
845
330
70
100
AcDbEntity
  8
Visible
100
AcDbLine
 10
820.63152
 20
490.623873
 30
0.0
 11
820.63152
 21
484.623873
 31
0.0
  0
LINE
  5
846
330
70
100
AcDbEntity
  8
Visible
100
AcDbLine
 10
853.63152
 20
484.623873
 30
0.0
 11
853.63152
 21
490.623873
 31
0.0
  0
LINE
  5
847
330
70
100
AcDbEntity
  8
Visible
100
AcDbLine
 10
892.63152
 20
484.623873
 30
0.0
 11
853.63152
 21
484.623873
 31
0.0
  0
LINE
  5
848
330
70
100
AcDbEntity
  8
Visible
100
AcDbLine
 10
892.63152
 20
477.623873
 30
0.0
 11
892.63152
 21
484.623873
 31
0.0
  0
LINE
  5
849
330
70
100
AcDbEntity
  8
Visible
100
AcDbLine
 10
886.63152
 20
477.623873
 30
0.0
 11
892.63152
 21
477.623873
 31
0.0
  0
LINE
  5
84A
330
70
100
AcDbEntity
  8
Visible
100
AcDbLine
 10
886.63152
 20
470.623873
 30
0.0
 11
886.63152
 21
477.623873
 31
0.0
  0
LINE
  5
84B
330
70
100
AcDbEntity
  8
Visible
100
AcDbLine
 10
892.63152
 20
470.623873
 30
0.0
 11
886.63152
 21
470.623873
 31
0.0
  0
LINE
  5
84C
330
70
100
AcDbEntity
  8
Visible
100
AcDbLine
 10
892.63152
 20
463.623873
 30
0.0
 11
892.63152
 21
470.623873
 31
0.0
  0
LINE
  5
84D
330
70
100
AcDbEntity
  8
Visible
100
AcDbLine
 10
886.63152
 20
463.623873
 30
0.0
 11
892.63152
 21
463.623873
 31
0.0
  0
LINE
  5
84E
330
70
100
AcDbEntity
  8
Visible
100
AcDbLine
 10
886.63152
 20
456.623873
 30
0.0
 11
886.63152
 21
463.623873
 31
0.0
  0
LINE
  5
84F
330
70
100
AcDbEntity
  8
Visible
100
AcDbLine
 10
892.63152
 20
456.623873
 30
0.0
 11
886.63152
 21
456.623873
 31
0.0
  0
LINE
  5
850
330
70
100
AcDbEntity
  8
Visible
100
AcDbLine
 10
892.63152
 20
449.623873
 30
0.0
 11
892.63152
 21
456.623873
 31
0.0
  0
LINE
  5
851
330
70
100
AcDbEntity
  8
Visible
100
AcDbLine
 10
857.63152
 20
449.623873
 30
0.0
 11
892.63152
 21
449.623873
 31
0.0
  0
LINE
  5
852
330
70
100
AcDbEntity
  8
Visible
100
AcDbLine
 10
857.63152
 20
443.623873
 30
0.0
 11
857.63152
 21
449.623873
 31
0.0
  0
LINE
  5
853
330
70
100
AcDbEntity
  8
Visible
100
AcDbLine
 10
822.63152
 20
443.623873
 30
0.0
 11
857.63152
 21
443.623873
 31
0.0
  0
LINE
  5
854
330
70
100
AcDbEntity
  8
Visible
100
AcDbLine
 10
822.63152
 20
449.623873
 30
0.0
 11
822.63152
 21
443.623873
 31
0.0
  0
LINE
  5
855
330
70
100
AcDbEntity
  8
Visible
100
AcDbLine
 10
785.63152
 20
449.623873
 30
0.0
 11
822.63152
 21
449.623873
 31
0.0
  0
LINE
  5
856
330
70
100
AcDbEntity
  8
Visible
100
AcDbLine
 10
874.117362
 20
-511.156962
 30
0.0
 11
874.117362
 21
-502.156962
 31
0.0
  0
LINE
  5
857
330
70
100
AcDbEntity
  8
Visible
100
AcDbLine
 10
897.117362
 20
-502.156962
 30
0.0
 11
897.117362
 21
-511.156962
 31
0.0
  0
LINE
  5
858
330
70
100
AcDbEntity
  8
Visible
100
AcDbLine
 10
874.117362
 20
-502.156962
 30
0.0
 11
897.117362
 21
-502.156962
 31
0.0
  0
LINE
  5
859
330
70
100
AcDbEntity
  8
Visible
100
AcDbLine
 10
874.117362
 20
-511.156962
 30
0.0
 11
869.117362
 21
-511.156962
 31
0.0
  0
LINE
  5
85A
330
70
100
AcDbEntity
  8
Visible
100
AcDbLine
 10
902.117362
 20
-511.156962
 30
0.0
 11
897.117362
 21
-511.156962
 31
0.0
  0
LINE
  5
85B
330
70
100
AcDbEntity
  8
Visible
100
AcDbLine
 10
808.117362
 20
-511.156962
 30
0.0
 11
808.117362
 21
-502.156962
 31
0.0
  0
LINE
  5
85C
330
70
100
AcDbEntity
  8
Visible
100
AcDbLine
 10
831.117362
 20
-502.156962
 30
0.0
 11
831.117362
 21
-511.156962
 31
0.0
  0
LINE
  5
85D
330
70
100
AcDbEntity
  8
Visible
100
AcDbLine
 10
808.117362
 20
-502.156962
 30
0.0
 11
831.117362
 21
-502.156962
 31
0.0
  0
LINE
  5
85E
330
70
100
AcDbEntity
  8
Visible
100
AcDbLine
 10
808.117362
 20
-511.156962
 30
0.0
 11
803.117362
 21
-511.156962
 31
0.0
  0
LINE
  5
85F
330
70
100
AcDbEntity
  8
Visible
100
AcDbLine
 10
836.117362
 20
-511.156962
 30
0.0
 11
831.117362
 21
-511.156962
 31
0.0
  0
LINE
  5
860
330
70
100
AcDbEntity
  8
Visible
100
AcDbLine
 10
903.617362
 20
-542.156962
 30
0.0
 11
900.617362
 21
-542.156962
 31
0.0
  0
LINE
  5
861
330
70
100
AcDbEntity
  8
Visible
100
AcDbLine
 10
903.617362
 20
-522.156962
 30
0.0
 11
903.617362
 21
-542.156962
 31
0.0
  0
LINE
  5
862
330
70
100
AcDbEntity
  8
Visible
100
AcDbLine
 10
900.617362
 20
-522.156962
 30
0.0
 11
903.617362
 21
-522.156962
 31
0.0
  0
LINE
  5
863
330
70
100
AcDbEntity
  8
Visible
100
AcDbLine
 10
900.617362
 20
-542.156962
 30
0.0
 11
900.617362
 21
-522.156962
 31
0.0
  0
LINE
  5
864
330
70
100
AcDbEntity
  8
Visible
100
AcDbLine
 10
870.617362
 20
-542.156962
 30
0.0
 11
867.617362
 21
-542.156962
 31
0.0
  0
LINE
  5
865
330
70
100
AcDbEntity
  8
Visible
100
AcDbLine
 10
870.617362
 20
-522.156962
 30
0.0
 11
870.617362
 21
-542.156962
 31
0.0
  0
LINE
  5
866
330
70
100
AcDbEntity
  8
Visible
100
AcDbLine
 10
867.617362
 20
-522.156962
 30
0.0
 11
870.617362
 21
-522.156962
 31
0.0
  0
LINE
  5
867
330
70
100
AcDbEntity
  8
Visible
100
AcDbLine
 10
867.617362
 20
-542.156962
 30
0.0
 11
867.617362
 21
-522.156962
 31
0.0
  0
LINE
  5
868
330
70
100
AcDbEntity
  8
Visible
100
AcDbLine
 10
837.617362
 20
-542.156962
 30
0.0
 11
834.617362
 21
-542.156962
 31
0.0
  0
LINE
  5
869
330
70
100
AcDbEntity
  8
Visible
100
AcDbLine
 10
837.617362
 20
-522.156962
 30
0.0
 11
837.617362
 21
-542.156962
 31
0.0
  0
LINE
  5
86A
330
70
100
AcDbEntity
  8
Visible
100
AcDbLine
 10
834.617362
 20
-522.156962
 30
0.0
 11
837.617362
 21
-522.156962
 31
0.0
  0
LINE
  5
86B
330
70
100
AcDbEntity
  8
Visible
100
AcDbLine
 10
834.617362
 20
-542.156962
 30
0.0
 11
834.617362
 21
-522.156962
 31
0.0
  0
LINE
  5
86C
330
70
100
AcDbEntity
  8
Visible
100
AcDbLine
 10
804.617362
 20
-542.156962
 30
0.0
 11
801.617362
 21
-542.156962
 31
0.0
  0
LINE
  5
86D
330
70
100
AcDbEntity
  8
Visible
100
AcDbLine
 10
804.617362
 20
-522.156962
 30
0.0
 11
804.617362
 21
-542.156962
 31
0.0
  0
LINE
  5
86E
330
70
100
AcDbEntity
  8
Visible
100
AcDbLine
 10
801.617362
 20
-522.156962
 30
0.0
 11
804.617362
 21
-522.156962
 31
0.0
  0
LINE
  5
86F
330
70
100
AcDbEntity
  8
Visible
100
AcDbLine
 10
801.617362
 20
-542.156962
 30
0.0
 11
801.617362
 21
-522.156962
 31
0.0
  0
LINE
  5
870
330
70
100
AcDbEntity
  8
Visible
100
AcDbLine
 10
941.117362
 20
-524.156962
 30
0.0
 11
935.117362
 21
-524.156962
 31
0.0
  0
LINE
  5
871
330
70
100
AcDbEntity
  8
Visible
100
AcDbLine
 10
941.117362
 20
-531.156962
 30
0.0
 11
941.117362
 21
-524.156962
 31
0.0
  0
LINE
  5
872
330
70
100
AcDbEntity
  8
Visible
100
AcDbLine
 10
935.117362
 20
-531.156962
 30
0.0
 11
941.117362
 21
-531.156962
 31
0.0
  0
LINE
  5
873
330
70
100
AcDbEntity
  8
Visible
100
AcDbLine
 10
935.117362
 20
-538.156962
 30
0.0
 11
935.117362
 21
-531.156962
 31
0.0
  0
LINE
  5
874
330
70
100
AcDbEntity
  8
Visible
100
AcDbLine
 10
941.117362
 20
-538.156962
 30
0.0
 11
935.117362
 21
-538.156962
 31
0.0
  0
LINE
  5
875
330
70
100
AcDbEntity
  8
Visible
100
AcDbLine
 10
941.117362
 20
-545.156962
 30
0.0
 11
941.117362
 21
-538.156962
 31
0.0
  0
LINE
  5
876
330
70
100
AcDbEntity
  8
Visible
100
AcDbLine
 10
935.117362
 20
-545.156962
 30
0.0
 11
941.117362
 21
-545.156962
 31
0.0
  0
LINE
  5
877
330
70
100
AcDbEntity
  8
Visible
100
AcDbLine
 10
935.117362
 20
-552.156962
 30
0.0
 11
935.117362
 21
-545.156962
 31
0.0
  0
LINE
  5
878
330
70
100
AcDbEntity
  8
Visible
100
AcDbLine
 10
770.117362
 20
-552.156962
 30
0.0
 11
935.117362
 21
-552.156962
 31
0.0
  0
LINE
  5
879
330
70
100
AcDbEntity
  8
Visible
100
AcDbLine
 10
770.117362
 20
-545.156962
 30
0.0
 11
770.117362
 21
-552.156962
 31
0.0
  0
LINE
  5
87A
330
70
100
AcDbEntity
  8
Visible
100
AcDbLine
 10
764.117362
 20
-545.156962
 30
0.0
 11
770.117362
 21
-545.156962
 31
0.0
  0
LINE
  5
87B
330
70
100
AcDbEntity
  8
Visible
100
AcDbLine
 10
764.117362
 20
-538.156962
 30
0.0
 11
764.117362
 21
-545.156962
 31
0.0
  0
LINE
  5
87C
330
70
100
AcDbEntity
  8
Visible
100
AcDbLine
 10
770.117362
 20
-538.156962
 30
0.0
 11
764.117362
 21
-538.156962
 31
0.0
  0
LINE
  5
87D
330
70
100
AcDbEntity
  8
Visible
100
AcDbLine
 10
770.117362
 20
-531.156962
 30
0.0
 11
770.117362
 21
-538.156962
 31
0.0
  0
LINE
  5
87E
330
70
100
AcDbEntity
  8
Visible
100
AcDbLine
 10
764.117362
 20
-531.156962
 30
0.0
 11
770.117362
 21
-531.156962
 31
0.0
  0
LINE
  5
87F
330
70
100
AcDbEntity
  8
Visible
100
AcDbLine
 10
764.117362
 20
-524.156962
 30
0.0
 11
764.117362
 21
-531.156962
 31
0.0
  0
LINE
  5
880
330
70
100
AcDbEntity
  8
Visible
100
AcDbLine
 10
770.117362
 20
-524.156962
 30
0.0
 11
764.117362
 21
-524.156962
 31
0.0
  0
LINE
  5
881
330
70
100
AcDbEntity
  8
Visible
100
AcDbLine
 10
770.117362
 20
-517.156962
 30
0.0
 11
770.117362
 21
-524.156962
 31
0.0
  0
LINE
  5
882
330
70
100
AcDbEntity
  8
Visible
100
AcDbLine
 10
803.117362
 20
-517.156962
 30
0.0
 11
770.117362
 21
-517.156962
 31
0.0
  0
LINE
  5
883
330
70
100
AcDbEntity
  8
Visible
100
AcDbLine
 10
803.117362
 20
-511.156962
 30
0.0
 11
803.117362
 21
-517.156962
 31
0.0
  0
LINE
  5
884
330
70
100
AcDbEntity
  8
Visible
100
AcDbLine
 10
836.117362
 20
-517.156962
 30
0.0
 11
836.117362
 21
-511.156962
 31
0.0
  0
LINE
  5
885
330
70
100
AcDbEntity
  8
Visible
100
AcDbLine
 10
869.117362
 20
-517.156962
 30
0.0
 11
836.117362
 21
-517.156962
 31
0.0
  0
LINE
  5
886
330
70
100
AcDbEntity
  8
Visible
100
AcDbLine
 10
869.117362
 20
-511.156962
 30
0.0
 11
869.117362
 21
-517.156962
 31
0.0
  0
LINE
  5
887
330
70
100
AcDbEntity
  8
Visible
100
AcDbLine
 10
902.117362
 20
-517.156962
 30
0.0
 11
902.117362
 21
-511.156962
 31
0.0
  0
LINE
  5
888
330
70
100
AcDbEntity
  8
Visible
100
AcDbLine
 10
935.117362
 20
-517.156962
 30
0.0
 11
902.117362
 21
-517.156962
 31
0.0
  0
LINE
  5
889
330
70
100
AcDbEntity
  8
Visible
100
AcDbLine
 10
935.117362
 20
-524.156962
 30
0.0
 11
935.117362
 21
-517.156962
 31
0.0
  0
LINE
  5
88A
330
70
100
AcDbEntity
  8
Visible
100
AcDbLine
 10
963.691961
 20
-308.466715
 30
0.0
 11
963.691961
 21
-331.466715
 31
0.0
  0
LINE
  5
88B
330
70
100
AcDbEntity
  8
Visible
100
AcDbLine
 10
963.691961
 20
-331.466715
 30
0.0
 11
972.691961
 21
-331.466715
 31
0.0
  0
LINE
  5
88C
330
70
100
AcDbEntity
  8
Visible
100
AcDbLine
 10
972.691961
 20
-308.466715
 30
0.0
 11
963.691961
 21
-308.466715
 31
0.0
  0
LINE
  5
88D
330
70
100
AcDbEntity
  8
Visible
100
AcDbLine
 10
972.691961
 20
-331.466715
 30
0.0
 11
972.691961
 21
-336.466715
 31
0.0
  0
LINE
  5
88E
330
70
100
AcDbEntity
  8
Visible
100
AcDbLine
 10
972.691961
 20
-303.466715
 30
0.0
 11
972.691961
 21
-308.466715
 31
0.0
  0
LINE
  5
88F
330
70
100
AcDbEntity
  8
Visible
100
AcDbLine
 10
963.691961
 20
-242.466715
 30
0.0
 11
963.691961
 21
-265.466715
 31
0.0
  0
LINE
  5
890
330
70
100
AcDbEntity
  8
Visible
100
AcDbLine
 10
963.691961
 20
-265.466715
 30
0.0
 11
972.691961
 21
-265.466715
 31
0.0
  0
LINE
  5
891
330
70
100
AcDbEntity
  8
Visible
100
AcDbLine
 10
972.691961
 20
-242.466715
 30
0.0
 11
963.691961
 21
-242.466715
 31
0.0
  0
LINE
  5
892
330
70
100
AcDbEntity
  8
Visible
100
AcDbLine
 10
972.691961
 20
-265.466715
 30
0.0
 11
972.691961
 21
-270.466715
 31
0.0
  0
LINE
  5
893
330
70
100
AcDbEntity
  8
Visible
100
AcDbLine
 10
972.691961
 20
-237.466715
 30
0.0
 11
972.691961
 21
-242.466715
 31
0.0
  0
LINE
  5
894
330
70
100
AcDbEntity
  8
Visible
100
AcDbLine
 10
983.691961
 20
-301.966715
 30
0.0
 11
1003.691961
 21
-301.966715
 31
0.0
  0
LINE
  5
895
330
70
100
AcDbEntity
  8
Visible
100
AcDbLine
 10
983.691961
 20
-304.966715
 30
0.0
 11
983.691961
 21
-301.966715
 31
0.0
  0
LINE
  5
896
330
70
100
AcDbEntity
  8
Visible
100
AcDbLine
 10
1003.691961
 20
-304.966715
 30
0.0
 11
983.691961
 21
-304.966715
 31
0.0
  0
LINE
  5
897
330
70
100
AcDbEntity
  8
Visible
100
AcDbLine
 10
1003.691961
 20
-301.966715
 30
0.0
 11
1003.691961
 21
-304.966715
 31
0.0
  0
LINE
  5
898
330
70
100
AcDbEntity
  8
Visible
100
AcDbLine
 10
983.691961
 20
-268.966715
 30
0.0
 11
1003.691961
 21
-268.966715
 31
0.0
  0
LINE
  5
899
330
70
100
AcDbEntity
  8
Visible
100
AcDbLine
 10
983.691961
 20
-271.966715
 30
0.0
 11
983.691961
 21
-268.966715
 31
0.0
  0
LINE
  5
89A
330
70
100
AcDbEntity
  8
Visible
100
AcDbLine
 10
1003.691961
 20
-271.966715
 30
0.0
 11
983.691961
 21
-271.966715
 31
0.0
  0
LINE
  5
89B
330
70
100
AcDbEntity
  8
Visible
100
AcDbLine
 10
1003.691961
 20
-268.966715
 30
0.0
 11
1003.691961
 21
-271.966715
 31
0.0
  0
LINE
  5
89C
330
70
100
AcDbEntity
  8
Visible
100
AcDbLine
 10
1003.691961
 20
-238.966715
 30
0.0
 11
983.691961
 21
-238.966715
 31
0.0
  0
LINE
  5
89D
330
70
100
AcDbEntity
  8
Visible
100
AcDbLine
 10
1003.691961
 20
-235.966715
 30
0.0
 11
1003.691961
 21
-238.966715
 31
0.0
  0
LINE
  5
89E
330
70
100
AcDbEntity
  8
Visible
100
AcDbLine
 10
983.691961
 20
-235.966715
 30
0.0
 11
1003.691961
 21
-235.966715
 31
0.0
  0
LINE
  5
89F
330
70
100
AcDbEntity
  8
Visible
100
AcDbLine
 10
983.691961
 20
-238.966715
 30
0.0
 11
983.691961
 21
-235.966715
 31
0.0
  0
LINE
  5
8A0
330
70
100
AcDbEntity
  8
Visible
100
AcDbLine
 10
983.691961
 20
-337.966715
 30
0.0
 11
983.691961
 21
-334.966715
 31
0.0
  0
LINE
  5
8A1
330
70
100
AcDbEntity
  8
Visible
100
AcDbLine
 10
1003.691961
 20
-337.966715
 30
0.0
 11
983.691961
 21
-337.966715
 31
0.0
  0
LINE
  5
8A2
330
70
100
AcDbEntity
  8
Visible
100
AcDbLine
 10
1003.691961
 20
-334.966715
 30
0.0
 11
1003.691961
 21
-337.966715
 31
0.0
  0
LINE
  5
8A3
330
70
100
AcDbEntity
  8
Visible
100
AcDbLine
 10
983.691961
 20
-334.966715
 30
0.0
 11
1003.691961
 21
-334.966715
 31
0.0
  0
LINE
  5
8A4
330
70
100
AcDbEntity
  8
Visible
100
AcDbLine
 10
985.691961
 20
-198.466715
 30
0.0
 11
985.691961
 21
-204.466715
 31
0.0
  0
LINE
  5
8A5
330
70
100
AcDbEntity
  8
Visible
100
AcDbLine
 10
992.691961
 20
-198.466715
 30
0.0
 11
985.691961
 21
-198.466715
 31
0.0
  0
LINE
  5
8A6
330
70
100
AcDbEntity
  8
Visible
100
AcDbLine
 10
992.691961
 20
-204.466715
 30
0.0
 11
992.691961
 21
-198.466715
 31
0.0
  0
LINE
  5
8A7
330
70
100
AcDbEntity
  8
Visible
100
AcDbLine
 10
999.691961
 20
-204.466715
 30
0.0
 11
992.691961
 21
-204.466715
 31
0.0
  0
LINE
  5
8A8
330
70
100
AcDbEntity
  8
Visible
100
AcDbLine
 10
999.691961
 20
-198.466715
 30
0.0
 11
999.691961
 21
-204.466715
 31
0.0
  0
LINE
  5
8A9
330
70
100
AcDbEntity
  8
Visible
100
AcDbLine
 10
1006.691961
 20
-198.466715
 30
0.0
 11
999.691961
 21
-198.466715
 31
0.0
  0
LINE
  5
8AA
330
70
100
AcDbEntity
  8
Visible
100
AcDbLine
 10
1006.691961
 20
-204.466715
 30
0.0
 11
1006.691961
 21
-198.466715
 31
0.0
  0
LINE
  5
8AB
330
70
100
AcDbEntity
  8
Visible
100
AcDbLine
 10
1013.691961
 20
-204.466715
 30
0.0
 11
1006.691961
 21
-204.466715
 31
0.0
  0
LINE
  5
8AC
330
70
100
AcDbEntity
  8
Visible
100
AcDbLine
 10
1013.691961
 20
-369.466715
 30
0.0
 11
1013.691961
 21
-204.466715
 31
0.0
  0
LINE
  5
8AD
330
70
100
AcDbEntity
  8
Visible
100
AcDbLine
 10
1006.691961
 20
-369.466715
 30
0.0
 11
1013.691961
 21
-369.466715
 31
0.0
  0
LINE
  5
8AE
330
70
100
AcDbEntity
  8
Visible
100
AcDbLine
 10
1006.691961
 20
-375.466715
 30
0.0
 11
1006.691961
 21
-369.466715
 31
0.0
  0
LINE
  5
8AF
330
70
100
AcDbEntity
  8
Visible
100
AcDbLine
 10
999.691961
 20
-375.466715
 30
0.0
 11
1006.691961
 21
-375.466715
 31
0.0
  0
LINE
  5
8B0
330
70
100
AcDbEntity
  8
Visible
100
AcDbLine
 10
999.691961
 20
-369.466715
 30
0.0
 11
999.691961
 21
-375.466715
 31
0.0
  0
LINE
  5
8B1
330
70
100
AcDbEntity
  8
Visible
100
AcDbLine
 10
992.691961
 20
-369.466715
 30
0.0
 11
999.691961
 21
-369.466715
 31
0.0
  0
LINE
  5
8B2
330
70
100
AcDbEntity
  8
Visible
100
AcDbLine
 10
992.691961
 20
-375.466715
 30
0.0
 11
992.691961
 21
-369.466715
 31
0.0
  0
LINE
  5
8B3
330
70
100
AcDbEntity
  8
Visible
100
AcDbLine
 10
985.691961
 20
-375.466715
 30
0.0
 11
992.691961
 21
-375.466715
 31
0.0
  0
LINE
  5
8B4
330
70
100
AcDbEntity
  8
Visible
100
AcDbLine
 10
985.691961
 20
-369.466715
 30
0.0
 11
985.691961
 21
-375.466715
 31
0.0
  0
LINE
  5
8B5
330
70
100
AcDbEntity
  8
Visible
100
AcDbLine
 10
978.691961
 20
-369.466715
 30
0.0
 11
985.691961
 21
-369.466715
 31
0.0
  0
LINE
  5
8B6
330
70
100
AcDbEntity
  8
Visible
100
AcDbLine
 10
978.691961
 20
-336.466715
 30
0.0
 11
978.691961
 21
-369.466715
 31
0.0
  0
LINE
  5
8B7
330
70
100
AcDbEntity
  8
Visible
100
AcDbLine
 10
972.691961
 20
-336.466715
 30
0.0
 11
978.691961
 21
-336.466715
 31
0.0
  0
LINE
  5
8B8
330
70
100
AcDbEntity
  8
Visible
100
AcDbLine
 10
978.691961
 20
-303.466715
 30
0.0
 11
972.691961
 21
-303.466715
 31
0.0
  0
LINE
  5
8B9
330
70
100
AcDbEntity
  8
Visible
100
AcDbLine
 10
978.691961
 20
-270.466715
 30
0.0
 11
978.691961
 21
-303.466715
 31
0.0
  0
LINE
  5
8BA
330
70
100
AcDbEntity
  8
Visible
100
AcDbLine
 10
972.691961
 20
-270.466715
 30
0.0
 11
978.691961
 21
-270.466715
 31
0.0
  0
LINE
  5
8BB
330
70
100
AcDbEntity
  8
Visible
100
AcDbLine
 10
978.691961
 20
-237.466715
 30
0.0
 11
972.691961
 21
-237.466715
 31
0.0
  0
LINE
  5
8BC
330
70
100
AcDbEntity
  8
Visible
100
AcDbLine
 10
978.691961
 20
-204.466715
 30
0.0
 11
978.691961
 21
-237.466715
 31
0.0
  0
LINE
  5
8BD
330
70
100
AcDbEntity
  8
Visible
100
AcDbLine
 10
985.691961
 20
-204.466715
 30
0.0
 11
978.691961
 21
-204.466715
 31
0.0
  0
LINE
  5
8BE
330
70
100
AcDbEntity
  8
Visible
100
AcDbLine
 10
864.02418
 20
423.406331
 30
0.0
 11
864.02418
 21
382.406331
 31
0.0
  0
LINE
  5
8BF
330
70
100
AcDbEntity
  8
Visible
100
AcDbLine
 10
744.02418
 20
423.406331
 30
0.0
 11
864.02418
 21
423.406331
 31
0.0
  0
LINE
  5
8C0
330
70
100
AcDbEntity
  8
Visible
100
AcDbLine
 10
744.02418
 20
382.406331
 30
0.0
 11
744.02418
 21
423.406331
 31
0.0
  0
LINE
  5
8C1
330
70
100
AcDbEntity
  8
Visible
100
AcDbLine
 10
864.02418
 20
382.406331
 30
0.0
 11
744.02418
 21
382.406331
 31
0.0
  0
LINE
  5
8C2
330
70
100
AcDbEntity
  8
Visible
100
AcDbLine
 10
715.52418
 20
437.906331
 30
0.0
 11
715.52418
 21
412.906331
 31
0.0
  0
LINE
  5
8C3
330
70
100
AcDbEntity
  8
Visible
100
AcDbLine
 10
750.52418
 20
437.906331
 30
0.0
 11
715.52418
 21
437.906331
 31
0.0
  0
LINE
  5
8C4
330
70
100
AcDbEntity
  8
Visible
100
AcDbLine
 10
750.52418
 20
431.906331
 30
0.0
 11
750.52418
 21
437.906331
 31
0.0
  0
LINE
  5
8C5
330
70
100
AcDbEntity
  8
Visible
100
AcDbLine
 10
785.52418
 20
431.906331
 30
0.0
 11
750.52418
 21
431.906331
 31
0.0
  0
LINE
  5
8C6
330
70
100
AcDbEntity
  8
Visible
100
AcDbLine
 10
785.52418
 20
437.906331
 30
0.0
 11
785.52418
 21
431.906331
 31
0.0
  0
LINE
  5
8C7
330
70
100
AcDbEntity
  8
Visible
100
AcDbLine
 10
822.52418
 20
437.906331
 30
0.0
 11
785.52418
 21
437.906331
 31
0.0
  0
LINE
  5
8C8
330
70
100
AcDbEntity
  8
Visible
100
AcDbLine
 10
822.52418
 20
431.906331
 30
0.0
 11
822.52418
 21
437.906331
 31
0.0
  0
LINE
  5
8C9
330
70
100
AcDbEntity
  8
Visible
100
AcDbLine
 10
857.52418
 20
431.906331
 30
0.0
 11
822.52418
 21
431.906331
 31
0.0
  0
LINE
  5
8CA
330
70
100
AcDbEntity
  8
Visible
100
AcDbLine
 10
857.52418
 20
437.906331
 30
0.0
 11
857.52418
 21
431.906331
 31
0.0
  0
LINE
  5
8CB
330
70
100
AcDbEntity
  8
Visible
100
AcDbLine
 10
892.52418
 20
437.906331
 30
0.0
 11
857.52418
 21
437.906331
 31
0.0
  0
LINE
  5
8CC
330
70
100
AcDbEntity
  8
Visible
100
AcDbLine
 10
892.52418
 20
412.906331
 30
0.0
 11
892.52418
 21
437.906331
 31
0.0
  0
LINE
  5
8CD
330
70
100
AcDbEntity
  8
Visible
100
AcDbLine
 10
886.52418
 20
412.906331
 30
0.0
 11
892.52418
 21
412.906331
 31
0.0
  0
LINE
  5
8CE
330
70
100
AcDbEntity
  8
Visible
100
AcDbLine
 10
886.52418
 20
392.906331
 30
0.0
 11
886.52418
 21
412.906331
 31
0.0
  0
LINE
  5
8CF
330
70
100
AcDbEntity
  8
Visible
100
AcDbLine
 10
892.52418
 20
392.906331
 30
0.0
 11
886.52418
 21
392.906331
 31
0.0
  0
LINE
  5
8D0
330
70
100
AcDbEntity
  8
Visible
100
AcDbLine
 10
892.52418
 20
367.906331
 30
0.0
 11
892.52418
 21
392.906331
 31
0.0
  0
LINE
  5
8D1
330
70
100
AcDbEntity
  8
Visible
100
AcDbLine
 10
857.52418
 20
367.906331
 30
0.0
 11
892.52418
 21
367.906331
 31
0.0
  0
LINE
  5
8D2
330
70
100
AcDbEntity
  8
Visible
100
AcDbLine
 10
857.52418
 20
373.906331
 30
0.0
 11
857.52418
 21
367.906331
 31
0.0
  0
LINE
  5
8D3
330
70
100
AcDbEntity
  8
Visible
100
AcDbLine
 10
822.52418
 20
373.906331
 30
0.0
 11
857.52418
 21
373.906331
 31
0.0
  0
LINE
  5
8D4
330
70
100
AcDbEntity
  8
Visible
100
AcDbLine
 10
822.52418
 20
367.906331
 30
0.0
 11
822.52418
 21
373.906331
 31
0.0
  0
LINE
  5
8D5
330
70
100
AcDbEntity
  8
Visible
100
AcDbLine
 10
785.52418
 20
367.906331
 30
0.0
 11
822.52418
 21
367.906331
 31
0.0
  0
LINE
  5
8D6
330
70
100
AcDbEntity
  8
Visible
100
AcDbLine
 10
785.52418
 20
373.906331
 30
0.0
 11
785.52418
 21
367.906331
 31
0.0
  0
LINE
  5
8D7
330
70
100
AcDbEntity
  8
Visible
100
AcDbLine
 10
750.52418
 20
373.906331
 30
0.0
 11
785.52418
 21
373.906331
 31
0.0
  0
LINE
  5
8D8
330
70
100
AcDbEntity
  8
Visible
100
AcDbLine
 10
750.52418
 20
367.906331
 30
0.0
 11
750.52418
 21
373.906331
 31
0.0
  0
LINE
  5
8D9
330
70
100
AcDbEntity
  8
Visible
100
AcDbLine
 10
715.52418
 20
367.906331
 30
0.0
 11
750.52418
 21
367.906331
 31
0.0
  0
LINE
  5
8DA
330
70
100
AcDbEntity
  8
Visible
100
AcDbLine
 10
715.52418
 20
392.906331
 30
0.0
 11
715.52418
 21
367.906331
 31
0.0
  0
LINE
  5
8DB
330
70
100
AcDbEntity
  8
Visible
100
AcDbLine
 10
721.52418
 20
392.906331
 30
0.0
 11
715.52418
 21
392.906331
 31
0.0
  0
LINE
  5
8DC
330
70
100
AcDbEntity
  8
Visible
100
AcDbLine
 10
721.52418
 20
412.906331
 30
0.0
 11
721.52418
 21
392.906331
 31
0.0
  0
LINE
  5
8DD
330
70
100
AcDbEntity
  8
Visible
100
AcDbLine
 10
715.52418
 20
412.906331
 30
0.0
 11
721.52418
 21
412.906331
 31
0.0
  0
LINE
  5
8DE
330
70
100
AcDbEntity
  8
Visible
100
AcDbLine
 10
766.150332
 20
-104.4988
 30
0.0
 11
766.150332
 21
-110.4988
 31
0.0
  0
LINE
  5
8DF
330
70
100
AcDbEntity
  8
Visible
100
AcDbLine
 10
746.150332
 20
-104.4988
 30
0.0
 11
766.150332
 21
-104.4988
 31
0.0
  0
LINE
  5
8E0
330
70
100
AcDbEntity
  8
Visible
100
AcDbLine
 10
746.150332
 20
-110.4988
 30
0.0
 11
746.150332
 21
-104.4988
 31
0.0
  0
LINE
  5
8E1
330
70
100
AcDbEntity
  8
Visible
100
AcDbLine
 10
741.150332
 20
-110.4988
 30
0.0
 11
746.150332
 21
-110.4988
 31
0.0
  0
LINE
  5
8E2
330
70
100
AcDbEntity
  8
Visible
100
AcDbLine
 10
741.150332
 20
-120.9988
 30
0.0
 11
741.150332
 21
-110.4988
 31
0.0
  0
LINE
  5
8E3
330
70
100
AcDbEntity
  8
Visible
100
AcDbLine
 10
743.150332
 20
-120.9988
 30
0.0
 11
741.150332
 21
-120.9988
 31
0.0
  0
LINE
  5
8E4
330
70
100
AcDbEntity
  8
Visible
100
AcDbLine
 10
743.150332
 20
-132.9988
 30
0.0
 11
743.150332
 21
-120.9988
 31
0.0
  0
LINE
  5
8E5
330
70
100
AcDbEntity
  8
Visible
100
AcDbLine
 10
741.150332
 20
-132.9988
 30
0.0
 11
743.150332
 21
-132.9988
 31
0.0
  0
LINE
  5
8E6
330
70
100
AcDbEntity
  8
Visible
100
AcDbLine
 10
741.150332
 20
-153.9988
 30
0.0
 11
741.150332
 21
-132.9988
 31
0.0
  0
LINE
  5
8E7
330
70
100
AcDbEntity
  8
Visible
100
AcDbLine
 10
743.150332
 20
-153.9988
 30
0.0
 11
741.150332
 21
-153.9988
 31
0.0
  0
LINE
  5
8E8
330
70
100
AcDbEntity
  8
Visible
100
AcDbLine
 10
743.150332
 20
-165.9988
 30
0.0
 11
743.150332
 21
-153.9988
 31
0.0
  0
LINE
  5
8E9
330
70
100
AcDbEntity
  8
Visible
100
AcDbLine
 10
741.150332
 20
-165.9988
 30
0.0
 11
743.150332
 21
-165.9988
 31
0.0
  0
LINE
  5
8EA
330
70
100
AcDbEntity
  8
Visible
100
AcDbLine
 10
741.150332
 20
-186.9988
 30
0.0
 11
741.150332
 21
-165.9988
 31
0.0
  0
LINE
  5
8EB
330
70
100
AcDbEntity
  8
Visible
100
AcDbLine
 10
743.150332
 20
-186.9988
 30
0.0
 11
741.150332
 21
-186.9988
 31
0.0
  0
LINE
  5
8EC
330
70
100
AcDbEntity
  8
Visible
100
AcDbLine
 10
743.150332
 20
-198.9988
 30
0.0
 11
743.150332
 21
-186.9988
 31
0.0
  0
LINE
  5
8ED
330
70
100
AcDbEntity
  8
Visible
100
AcDbLine
 10
741.150332
 20
-198.9988
 30
0.0
 11
743.150332
 21
-198.9988
 31
0.0
  0
LINE
  5
8EE
330
70
100
AcDbEntity
  8
Visible
100
AcDbLine
 10
741.150332
 20
-219.9988
 30
0.0
 11
741.150332
 21
-198.9988
 31
0.0
  0
LINE
  5
8EF
330
70
100
AcDbEntity
  8
Visible
100
AcDbLine
 10
743.150332
 20
-219.9988
 30
0.0
 11
741.150332
 21
-219.9988
 31
0.0
  0
LINE
  5
8F0
330
70
100
AcDbEntity
  8
Visible
100
AcDbLine
 10
743.150332
 20
-231.9988
 30
0.0
 11
743.150332
 21
-219.9988
 31
0.0
  0
LINE
  5
8F1
330
70
100
AcDbEntity
  8
Visible
100
AcDbLine
 10
741.150332
 20
-231.9988
 30
0.0
 11
743.150332
 21
-231.9988
 31
0.0
  0
LINE
  5
8F2
330
70
100
AcDbEntity
  8
Visible
100
AcDbLine
 10
741.150332
 20
-252.9988
 30
0.0
 11
741.150332
 21
-231.9988
 31
0.0
  0
LINE
  5
8F3
330
70
100
AcDbEntity
  8
Visible
100
AcDbLine
 10
743.150332
 20
-252.9988
 30
0.0
 11
741.150332
 21
-252.9988
 31
0.0
  0
LINE
  5
8F4
330
70
100
AcDbEntity
  8
Visible
100
AcDbLine
 10
743.150332
 20
-264.9988
 30
0.0
 11
743.150332
 21
-252.9988
 31
0.0
  0
LINE
  5
8F5
330
70
100
AcDbEntity
  8
Visible
100
AcDbLine
 10
741.150332
 20
-264.9988
 30
0.0
 11
743.150332
 21
-264.9988
 31
0.0
  0
LINE
  5
8F6
330
70
100
AcDbEntity
  8
Visible
100
AcDbLine
 10
741.150332
 20
-275.4988
 30
0.0
 11
741.150332
 21
-264.9988
 31
0.0
  0
LINE
  5
8F7
330
70
100
AcDbEntity
  8
Visible
100
AcDbLine
 10
746.150332
 20
-275.4988
 30
0.0
 11
741.150332
 21
-275.4988
 31
0.0
  0
LINE
  5
8F8
330
70
100
AcDbEntity
  8
Visible
100
AcDbLine
 10
746.150332
 20
-281.4988
 30
0.0
 11
746.150332
 21
-275.4988
 31
0.0
  0
LINE
  5
8F9
330
70
100
AcDbEntity
  8
Visible
100
AcDbLine
 10
766.150332
 20
-281.4988
 30
0.0
 11
746.150332
 21
-281.4988
 31
0.0
  0
LINE
  5
8FA
330
70
100
AcDbEntity
  8
Visible
100
AcDbLine
 10
766.150332
 20
-275.4988
 30
0.0
 11
766.150332
 21
-281.4988
 31
0.0
  0
LINE
  5
8FB
330
70
100
AcDbEntity
  8
Visible
100
AcDbLine
 10
771.150332
 20
-275.4988
 30
0.0
 11
766.150332
 21
-275.4988
 31
0.0
  0
LINE
  5
8FC
330
70
100
AcDbEntity
  8
Visible
100
AcDbLine
 10
771.150332
 20
-243.9988
 30
0.0
 11
771.150332
 21
-275.4988
 31
0.0
  0
LINE
  5
8FD
330
70
100
AcDbEntity
  8
Visible
100
AcDbLine
 10
756.150332
 20
-243.9988
 30
0.0
 11
771.150332
 21
-243.9988
 31
0.0
  0
LINE
  5
8FE
330
70
100
AcDbEntity
  8
Visible
100
AcDbLine
 10
756.150332
 20
-240.9988
 30
0.0
 11
756.150332
 21
-243.9988
 31
0.0
  0
LINE
  5
8FF
330
70
100
AcDbEntity
  8
Visible
100
AcDbLine
 10
771.150332
 20
-240.9988
 30
0.0
 11
756.150332
 21
-240.9988
 31
0.0
  0
LINE
  5
900
330
70
100
AcDbEntity
  8
Visible
100
AcDbLine
 10
771.150332
 20
-210.9988
 30
0.0
 11
771.150332
 21
-240.9988
 31
0.0
  0
LINE
  5
901
330
70
100
AcDbEntity
  8
Visible
100
AcDbLine
 10
756.150332
 20
-210.9988
 30
0.0
 11
771.150332
 21
-210.9988
 31
0.0
  0
LINE
  5
902
330
70
100
AcDbEntity
  8
Visible
100
AcDbLine
 10
756.150332
 20
-207.9988
 30
0.0
 11
756.150332
 21
-210.9988
 31
0.0
  0
LINE
  5
903
330
70
100
AcDbEntity
  8
Visible
100
AcDbLine
 10
771.150332
 20
-207.9988
 30
0.0
 11
756.150332
 21
-207.9988
 31
0.0
  0
LINE
  5
904
330
70
100
AcDbEntity
  8
Visible
100
AcDbLine
 10
771.150332
 20
-177.9988
 30
0.0
 11
771.150332
 21
-207.9988
 31
0.0
  0
LINE
  5
905
330
70
100
AcDbEntity
  8
Visible
100
AcDbLine
 10
756.150332
 20
-177.9988
 30
0.0
 11
771.150332
 21
-177.9988
 31
0.0
  0
LINE
  5
906
330
70
100
AcDbEntity
  8
Visible
100
AcDbLine
 10
756.150332
 20
-174.9988
 30
0.0
 11
756.150332
 21
-177.9988
 31
0.0
  0
LINE
  5
907
330
70
100
AcDbEntity
  8
Visible
100
AcDbLine
 10
771.150332
 20
-174.9988
 30
0.0
 11
756.150332
 21
-174.9988
 31
0.0
  0
LINE
  5
908
330
70
100
AcDbEntity
  8
Visible
100
AcDbLine
 10
771.150332
 20
-144.9988
 30
0.0
 11
771.150332
 21
-174.9988
 31
0.0
  0
LINE
  5
909
330
70
100
AcDbEntity
  8
Visible
100
AcDbLine
 10
756.150332
 20
-144.9988
 30
0.0
 11
771.150332
 21
-144.9988
 31
0.0
  0
LINE
  5
90A
330
70
100
AcDbEntity
  8
Visible
100
AcDbLine
 10
756.150332
 20
-141.9988
 30
0.0
 11
756.150332
 21
-144.9988
 31
0.0
  0
LINE
  5
90B
330
70
100
AcDbEntity
  8
Visible
100
AcDbLine
 10
771.150332
 20
-141.9988
 30
0.0
 11
756.150332
 21
-141.9988
 31
0.0
  0
LINE
  5
90C
330
70
100
AcDbEntity
  8
Visible
100
AcDbLine
 10
771.150332
 20
-110.4988
 30
0.0
 11
771.150332
 21
-141.9988
 31
0.0
  0
LINE
  5
90D
330
70
100
AcDbEntity
  8
Visible
100
AcDbLine
 10
766.150332
 20
-110.4988
 30
0.0
 11
771.150332
 21
-110.4988
 31
0.0
  0
LINE
  5
90E
330
70
100
AcDbEntity
  8
Visible
100
AcDbLine
 10
824.696383
 20
-98.137137
 30
0.0
 11
824.696383
 21
-104.137137
 31
0.0
  0
LINE
  5
90F
330
70
100
AcDbEntity
  8
Visible
100
AcDbLine
 10
804.696383
 20
-98.137137
 30
0.0
 11
824.696383
 21
-98.137137
 31
0.0
  0
LINE
  5
910
330
70
100
AcDbEntity
  8
Visible
100
AcDbLine
 10
804.696383
 20
-104.137137
 30
0.0
 11
804.696383
 21
-98.137137
 31
0.0
  0
LINE
  5
911
330
70
100
AcDbEntity
  8
Visible
100
AcDbLine
 10
799.696383
 20
-104.137137
 30
0.0
 11
804.696383
 21
-104.137137
 31
0.0
  0
LINE
  5
912
330
70
100
AcDbEntity
  8
Visible
100
AcDbLine
 10
799.696383
 20
-269.137137
 30
0.0
 11
799.696383
 21
-104.137137
 31
0.0
  0
LINE
  5
913
330
70
100
AcDbEntity
  8
Visible
100
AcDbLine
 10
804.696383
 20
-269.137137
 30
0.0
 11
799.696383
 21
-269.137137
 31
0.0
  0
LINE
  5
914
330
70
100
AcDbEntity
  8
Visible
100
AcDbLine
 10
804.696383
 20
-275.137137
 30
0.0
 11
804.696383
 21
-269.137137
 31
0.0
  0
LINE
  5
915
330
70
100
AcDbEntity
  8
Visible
100
AcDbLine
 10
824.696383
 20
-275.137137
 30
0.0
 11
804.696383
 21
-275.137137
 31
0.0
  0
LINE
  5
916
330
70
100
AcDbEntity
  8
Visible
100
AcDbLine
 10
824.696383
 20
-269.137137
 30
0.0
 11
824.696383
 21
-275.137137
 31
0.0
  0
LINE
  5
917
330
70
100
AcDbEntity
  8
Visible
100
AcDbLine
 10
829.696383
 20
-269.137137
 30
0.0
 11
824.696383
 21
-269.137137
 31
0.0
  0
LINE
  5
918
330
70
100
AcDbEntity
  8
Visible
100
AcDbLine
 10
829.696383
 20
-237.637137
 30
0.0
 11
829.696383
 21
-269.137137
 31
0.0
  0
LINE
  5
919
330
70
100
AcDbEntity
  8
Visible
100
AcDbLine
 10
814.696383
 20
-237.637137
 30
0.0
 11
829.696383
 21
-237.637137
 31
0.0
  0
LINE
  5
91A
330
70
100
AcDbEntity
  8
Visible
100
AcDbLine
 10
814.696383
 20
-234.637137
 30
0.0
 11
814.696383
 21
-237.637137
 31
0.0
  0
LINE
  5
91B
330
70
100
AcDbEntity
  8
Visible
100
AcDbLine
 10
829.696383
 20
-234.637137
 30
0.0
 11
814.696383
 21
-234.637137
 31
0.0
  0
LINE
  5
91C
330
70
100
AcDbEntity
  8
Visible
100
AcDbLine
 10
829.696383
 20
-204.637137
 30
0.0
 11
829.696383
 21
-234.637137
 31
0.0
  0
LINE
  5
91D
330
70
100
AcDbEntity
  8
Visible
100
AcDbLine
 10
814.696383
 20
-204.637137
 30
0.0
 11
829.696383
 21
-204.637137
 31
0.0
  0
LINE
  5
91E
330
70
100
AcDbEntity
  8
Visible
100
AcDbLine
 10
814.696383
 20
-201.637137
 30
0.0
 11
814.696383
 21
-204.637137
 31
0.0
  0
LINE
  5
91F
330
70
100
AcDbEntity
  8
Visible
100
AcDbLine
 10
829.696383
 20
-201.637137
 30
0.0
 11
814.696383
 21
-201.637137
 31
0.0
  0
LINE
  5
920
330
70
100
AcDbEntity
  8
Visible
100
AcDbLine
 10
829.696383
 20
-171.637137
 30
0.0
 11
829.696383
 21
-201.637137
 31
0.0
  0
LINE
  5
921
330
70
100
AcDbEntity
  8
Visible
100
AcDbLine
 10
814.696383
 20
-171.637137
 30
0.0
 11
829.696383
 21
-171.637137
 31
0.0
  0
LINE
  5
922
330
70
100
AcDbEntity
  8
Visible
100
AcDbLine
 10
814.696383
 20
-168.637137
 30
0.0
 11
814.696383
 21
-171.637137
 31
0.0
  0
LINE
  5
923
330
70
100
AcDbEntity
  8
Visible
100
AcDbLine
 10
829.696383
 20
-168.637137
 30
0.0
 11
814.696383
 21
-168.637137
 31
0.0
  0
LINE
  5
924
330
70
100
AcDbEntity
  8
Visible
100
AcDbLine
 10
829.696383
 20
-138.637137
 30
0.0
 11
829.696383
 21
-168.637137
 31
0.0
  0
LINE
  5
925
330
70
100
AcDbEntity
  8
Visible
100
AcDbLine
 10
814.696383
 20
-138.637137
 30
0.0
 11
829.696383
 21
-138.637137
 31
0.0
  0
LINE
  5
926
330
70
100
AcDbEntity
  8
Visible
100
AcDbLine
 10
814.696383
 20
-135.637137
 30
0.0
 11
814.696383
 21
-138.637137
 31
0.0
  0
LINE
  5
927
330
70
100
AcDbEntity
  8
Visible
100
AcDbLine
 10
829.696383
 20
-135.637137
 30
0.0
 11
814.696383
 21
-135.637137
 31
0.0
  0
LINE
  5
928
330
70
100
AcDbEntity
  8
Visible
100
AcDbLine
 10
829.696383
 20
-104.137137
 30
0.0
 11
829.696383
 21
-135.637137
 31
0.0
  0
LINE
  5
929
330
70
100
AcDbEntity
  8
Visible
100
AcDbLine
 10
824.696383
 20
-104.137137
 30
0.0
 11
829.696383
 21
-104.137137
 31
0.0
  0
LINE
  5
92A
330
70
100
AcDbEntity
  8
Visible
100
AcDbLine
 10
815.76611
 20
-311.286944
 30
0.0
 11
815.76611
 21
-317.286944
 31
0.0
  0
LINE
  5
92B
330
70
100
AcDbEntity
  8
Visible
100
AcDbLine
 10
795.76611
 20
-311.286944
 30
0.0
 11
815.76611
 21
-311.286944
 31
0.0
  0
LINE
  5
92C
330
70
100
AcDbEntity
  8
Visible
100
AcDbLine
 10
795.76611
 20
-317.286944
 30
0.0
 11
795.76611
 21
-311.286944
 31
0.0
  0
LINE
  5
92D
330
70
100
AcDbEntity
  8
Visible
100
AcDbLine
 10
790.76611
 20
-317.286944
 30
0.0
 11
795.76611
 21
-317.286944
 31
0.0
  0
LINE
  5
92E
330
70
100
AcDbEntity
  8
Visible
100
AcDbLine
 10
790.76611
 20
-482.286944
 30
0.0
 11
790.76611
 21
-317.286944
 31
0.0
  0
LINE
  5
92F
330
70
100
AcDbEntity
  8
Visible
100
AcDbLine
 10
795.76611
 20
-482.286944
 30
0.0
 11
790.76611
 21
-482.286944
 31
0.0
  0
LINE
  5
930
330
70
100
AcDbEntity
  8
Visible
100
AcDbLine
 10
795.76611
 20
-488.286944
 30
0.0
 11
795.76611
 21
-482.286944
 31
0.0
  0
LINE
  5
931
330
70
100
AcDbEntity
  8
Visible
100
AcDbLine
 10
815.76611
 20
-488.286944
 30
0.0
 11
795.76611
 21
-488.286944
 31
0.0
  0
LINE
  5
932
330
70
100
AcDbEntity
  8
Visible
100
AcDbLine
 10
815.76611
 20
-482.286944
 30
0.0
 11
815.76611
 21
-488.286944
 31
0.0
  0
LINE
  5
933
330
70
100
AcDbEntity
  8
Visible
100
AcDbLine
 10
820.76611
 20
-482.286944
 30
0.0
 11
815.76611
 21
-482.286944
 31
0.0
  0
LINE
  5
934
330
70
100
AcDbEntity
  8
Visible
100
AcDbLine
 10
820.76611
 20
-450.786944
 30
0.0
 11
820.76611
 21
-482.286944
 31
0.0
  0
LINE
  5
935
330
70
100
AcDbEntity
  8
Visible
100
AcDbLine
 10
805.76611
 20
-450.786944
 30
0.0
 11
820.76611
 21
-450.786944
 31
0.0
  0
LINE
  5
936
330
70
100
AcDbEntity
  8
Visible
100
AcDbLine
 10
805.76611
 20
-447.786944
 30
0.0
 11
805.76611
 21
-450.786944
 31
0.0
  0
LINE
  5
937
330
70
100
AcDbEntity
  8
Visible
100
AcDbLine
 10
820.76611
 20
-447.786944
 30
0.0
 11
805.76611
 21
-447.786944
 31
0.0
  0
LINE
  5
938
330
70
100
AcDbEntity
  8
Visible
100
AcDbLine
 10
820.76611
 20
-417.786944
 30
0.0
 11
820.76611
 21
-447.786944
 31
0.0
  0
LINE
  5
939
330
70
100
AcDbEntity
  8
Visible
100
AcDbLine
 10
805.76611
 20
-417.786944
 30
0.0
 11
820.76611
 21
-417.786944
 31
0.0
  0
LINE
  5
93A
330
70
100
AcDbEntity
  8
Visible
100
AcDbLine
 10
805.76611
 20
-414.786944
 30
0.0
 11
805.76611
 21
-417.786944
 31
0.0
  0
LINE
  5
93B
330
70
100
AcDbEntity
  8
Visible
100
AcDbLine
 10
820.76611
 20
-414.786944
 30
0.0
 11
805.76611
 21
-414.786944
 31
0.0
  0
LINE
  5
93C
330
70
100
AcDbEntity
  8
Visible
100
AcDbLine
 10
820.76611
 20
-384.786944
 30
0.0
 11
820.76611
 21
-414.786944
 31
0.0
  0
LINE
  5
93D
330
70
100
AcDbEntity
  8
Visible
100
AcDbLine
 10
805.76611
 20
-384.786944
 30
0.0
 11
820.76611
 21
-384.786944
 31
0.0
  0
LINE
  5
93E
330
70
100
AcDbEntity
  8
Visible
100
AcDbLine
 10
805.76611
 20
-381.786944
 30
0.0
 11
805.76611
 21
-384.786944
 31
0.0
  0
LINE
  5
93F
330
70
100
AcDbEntity
  8
Visible
100
AcDbLine
 10
820.76611
 20
-381.786944
 30
0.0
 11
805.76611
 21
-381.786944
 31
0.0
  0
LINE
  5
940
330
70
100
AcDbEntity
  8
Visible
100
AcDbLine
 10
820.76611
 20
-351.786944
 30
0.0
 11
820.76611
 21
-381.786944
 31
0.0
  0
LINE
  5
941
330
70
100
AcDbEntity
  8
Visible
100
AcDbLine
 10
805.76611
 20
-351.786944
 30
0.0
 11
820.76611
 21
-351.786944
 31
0.0
  0
LINE
  5
942
330
70
100
AcDbEntity
  8
Visible
100
AcDbLine
 10
805.76611
 20
-348.786944
 30
0.0
 11
805.76611
 21
-351.786944
 31
0.0
  0
LINE
  5
943
330
70
100
AcDbEntity
  8
Visible
100
AcDbLine
 10
820.76611
 20
-348.786944
 30
0.0
 11
805.76611
 21
-348.786944
 31
0.0
  0
LINE
  5
944
330
70
100
AcDbEntity
  8
Visible
100
AcDbLine
 10
820.76611
 20
-317.286944
 30
0.0
 11
820.76611
 21
-348.786944
 31
0.0
  0
LINE
  5
945
330
70
100
AcDbEntity
  8
Visible
100
AcDbLine
 10
815.76611
 20
-317.286944
 30
0.0
 11
820.76611
 21
-317.286944
 31
0.0
  0
LINE
  5
946
330
70
100
AcDbEntity
  8
Visible
100
AcDbLine
 10
884.356161
 20
-98.815968
 30
0.0
 11
884.356161
 21
-104.815968
 31
0.0
  0
LINE
  5
947
330
70
100
AcDbEntity
  8
Visible
100
AcDbLine
 10
864.356161
 20
-98.815968
 30
0.0
 11
884.356161
 21
-98.815968
 31
0.0
  0
LINE
  5
948
330
70
100
AcDbEntity
  8
Visible
100
AcDbLine
 10
864.356161
 20
-104.815968
 30
0.0
 11
864.356161
 21
-98.815968
 31
0.0
  0
LINE
  5
949
330
70
100
AcDbEntity
  8
Visible
100
AcDbLine
 10
859.356161
 20
-104.815968
 30
0.0
 11
864.356161
 21
-104.815968
 31
0.0
  0
LINE
  5
94A
330
70
100
AcDbEntity
  8
Visible
100
AcDbLine
 10
859.356161
 20
-115.315968
 30
0.0
 11
859.356161
 21
-104.815968
 31
0.0
  0
LINE
  5
94B
330
70
100
AcDbEntity
  8
Visible
100
AcDbLine
 10
861.356161
 20
-115.315968
 30
0.0
 11
859.356161
 21
-115.315968
 31
0.0
  0
LINE
  5
94C
330
70
100
AcDbEntity
  8
Visible
100
AcDbLine
 10
861.356161
 20
-127.315968
 30
0.0
 11
861.356161
 21
-115.315968
 31
0.0
  0
LINE
  5
94D
330
70
100
AcDbEntity
  8
Visible
100
AcDbLine
 10
859.356161
 20
-127.315968
 30
0.0
 11
861.356161
 21
-127.315968
 31
0.0
  0
LINE
  5
94E
330
70
100
AcDbEntity
  8
Visible
100
AcDbLine
 10
859.356161
 20
-148.315968
 30
0.0
 11
859.356161
 21
-127.315968
 31
0.0
  0
LINE
  5
94F
330
70
100
AcDbEntity
  8
Visible
100
AcDbLine
 10
861.356161
 20
-148.315968
 30
0.0
 11
859.356161
 21
-148.315968
 31
0.0
  0
LINE
  5
950
330
70
100
AcDbEntity
  8
Visible
100
AcDbLine
 10
861.356161
 20
-160.315968
 30
0.0
 11
861.356161
 21
-148.315968
 31
0.0
  0
LINE
  5
951
330
70
100
AcDbEntity
  8
Visible
100
AcDbLine
 10
859.356161
 20
-160.315968
 30
0.0
 11
861.356161
 21
-160.315968
 31
0.0
  0
LINE
  5
952
330
70
100
AcDbEntity
  8
Visible
100
AcDbLine
 10
859.356161
 20
-181.315968
 30
0.0
 11
859.356161
 21
-160.315968
 31
0.0
  0
LINE
  5
953
330
70
100
AcDbEntity
  8
Visible
100
AcDbLine
 10
861.356161
 20
-181.315968
 30
0.0
 11
859.356161
 21
-181.315968
 31
0.0
  0
LINE
  5
954
330
70
100
AcDbEntity
  8
Visible
100
AcDbLine
 10
861.356161
 20
-193.315968
 30
0.0
 11
861.356161
 21
-181.315968
 31
0.0
  0
LINE
  5
955
330
70
100
AcDbEntity
  8
Visible
100
AcDbLine
 10
859.356161
 20
-193.315968
 30
0.0
 11
861.356161
 21
-193.315968
 31
0.0
  0
LINE
  5
956
330
70
100
AcDbEntity
  8
Visible
100
AcDbLine
 10
859.356161
 20
-214.315968
 30
0.0
 11
859.356161
 21
-193.315968
 31
0.0
  0
LINE
  5
957
330
70
100
AcDbEntity
  8
Visible
100
AcDbLine
 10
861.356161
 20
-214.315968
 30
0.0
 11
859.356161
 21
-214.315968
 31
0.0
  0
LINE
  5
958
330
70
100
AcDbEntity
  8
Visible
100
AcDbLine
 10
861.356161
 20
-226.315968
 30
0.0
 11
861.356161
 21
-214.315968
 31
0.0
  0
LINE
  5
959
330
70
100
AcDbEntity
  8
Visible
100
AcDbLine
 10
859.356161
 20
-226.315968
 30
0.0
 11
861.356161
 21
-226.315968
 31
0.0
  0
LINE
  5
95A
330
70
100
AcDbEntity
  8
Visible
100
AcDbLine
 10
859.356161
 20
-247.315968
 30
0.0
 11
859.356161
 21
-226.315968
 31
0.0
  0
LINE
  5
95B
330
70
100
AcDbEntity
  8
Visible
100
AcDbLine
 10
861.356161
 20
-247.315968
 30
0.0
 11
859.356161
 21
-247.315968
 31
0.0
  0
LINE
  5
95C
330
70
100
AcDbEntity
  8
Visible
100
AcDbLine
 10
861.356161
 20
-259.315968
 30
0.0
 11
861.356161
 21
-247.315968
 31
0.0
  0
LINE
  5
95D
330
70
100
AcDbEntity
  8
Visible
100
AcDbLine
 10
859.356161
 20
-259.315968
 30
0.0
 11
861.356161
 21
-259.315968
 31
0.0
  0
LINE
  5
95E
330
70
100
AcDbEntity
  8
Visible
100
AcDbLine
 10
859.356161
 20
-269.815968
 30
0.0
 11
859.356161
 21
-259.315968
 31
0.0
  0
LINE
  5
95F
330
70
100
AcDbEntity
  8
Visible
100
AcDbLine
 10
864.356161
 20
-269.815968
 30
0.0
 11
859.356161
 21
-269.815968
 31
0.0
  0
LINE
  5
960
330
70
100
AcDbEntity
  8
Visible
100
AcDbLine
 10
864.356161
 20
-275.815968
 30
0.0
 11
864.356161
 21
-269.815968
 31
0.0
  0
LINE
  5
961
330
70
100
AcDbEntity
  8
Visible
100
AcDbLine
 10
884.356161
 20
-275.815968
 30
0.0
 11
864.356161
 21
-275.815968
 31
0.0
  0
LINE
  5
962
330
70
100
AcDbEntity
  8
Visible
100
AcDbLine
 10
884.356161
 20
-269.815968
 30
0.0
 11
884.356161
 21
-275.815968
 31
0.0
  0
LINE
  5
963
330
70
100
AcDbEntity
  8
Visible
100
AcDbLine
 10
889.356161
 20
-269.815968
 30
0.0
 11
884.356161
 21
-269.815968
 31
0.0
  0
LINE
  5
964
330
70
100
AcDbEntity
  8
Visible
100
AcDbLine
 10
889.356161
 20
-238.315968
 30
0.0
 11
889.356161
 21
-269.815968
 31
0.0
  0
LINE
  5
965
330
70
100
AcDbEntity
  8
Visible
100
AcDbLine
 10
874.356161
 20
-238.315968
 30
0.0
 11
889.356161
 21
-238.315968
 31
0.0
  0
LINE
  5
966
330
70
100
AcDbEntity
  8
Visible
100
AcDbLine
 10
874.356161
 20
-235.315968
 30
0.0
 11
874.356161
 21
-238.315968
 31
0.0
  0
LINE
  5
967
330
70
100
AcDbEntity
  8
Visible
100
AcDbLine
 10
889.356161
 20
-235.315968
 30
0.0
 11
874.356161
 21
-235.315968
 31
0.0
  0
LINE
  5
968
330
70
100
AcDbEntity
  8
Visible
100
AcDbLine
 10
889.356161
 20
-205.315968
 30
0.0
 11
889.356161
 21
-235.315968
 31
0.0
  0
LINE
  5
969
330
70
100
AcDbEntity
  8
Visible
100
AcDbLine
 10
874.356161
 20
-205.315968
 30
0.0
 11
889.356161
 21
-205.315968
 31
0.0
  0
LINE
  5
96A
330
70
100
AcDbEntity
  8
Visible
100
AcDbLine
 10
874.356161
 20
-202.315968
 30
0.0
 11
874.356161
 21
-205.315968
 31
0.0
  0
LINE
  5
96B
330
70
100
AcDbEntity
  8
Visible
100
AcDbLine
 10
889.356161
 20
-202.315968
 30
0.0
 11
874.356161
 21
-202.315968
 31
0.0
  0
LINE
  5
96C
330
70
100
AcDbEntity
  8
Visible
100
AcDbLine
 10
889.356161
 20
-172.315968
 30
0.0
 11
889.356161
 21
-202.315968
 31
0.0
  0
LINE
  5
96D
330
70
100
AcDbEntity
  8
Visible
100
AcDbLine
 10
874.356161
 20
-172.315968
 30
0.0
 11
889.356161
 21
-172.315968
 31
0.0
  0
LINE
  5
96E
330
70
100
AcDbEntity
  8
Visible
100
AcDbLine
 10
874.356161
 20
-169.315968
 30
0.0
 11
874.356161
 21
-172.315968
 31
0.0
  0
LINE
  5
96F
330
70
100
AcDbEntity
  8
Visible
100
AcDbLine
 10
889.356161
 20
-169.315968
 30
0.0
 11
874.356161
 21
-169.315968
 31
0.0
  0
LINE
  5
970
330
70
100
AcDbEntity
  8
Visible
100
AcDbLine
 10
889.356161
 20
-139.315968
 30
0.0
 11
889.356161
 21
-169.315968
 31
0.0
  0
LINE
  5
971
330
70
100
AcDbEntity
  8
Visible
100
AcDbLine
 10
874.356161
 20
-139.315968
 30
0.0
 11
889.356161
 21
-139.315968
 31
0.0
  0
LINE
  5
972
330
70
100
AcDbEntity
  8
Visible
100
AcDbLine
 10
874.356161
 20
-136.315968
 30
0.0
 11
874.356161
 21
-139.315968
 31
0.0
  0
LINE
  5
973
330
70
100
AcDbEntity
  8
Visible
100
AcDbLine
 10
889.356161
 20
-136.315968
 30
0.0
 11
874.356161
 21
-136.315968
 31
0.0
  0
LINE
  5
974
330
70
100
AcDbEntity
  8
Visible
100
AcDbLine
 10
889.356161
 20
-104.815968
 30
0.0
 11
889.356161
 21
-136.315968
 31
0.0
  0
LINE
  5
975
330
70
100
AcDbEntity
  8
Visible
100
AcDbLine
 10
884.356161
 20
-104.815968
 30
0.0
 11
889.356161
 21
-104.815968
 31
0.0
  0
LINE
  5
976
330
70
100
AcDbEntity
  8
Visible
100
AcDbLine
 10
878.932648
 20
-302.536473
 30
0.0
 11
878.932648
 21
-308.536473
 31
0.0
  0
LINE
  5
977
330
70
100
AcDbEntity
  8
Visible
100
AcDbLine
 10
858.932648
 20
-302.536473
 30
0.0
 11
878.932648
 21
-302.536473
 31
0.0
  0
LINE
  5
978
330
70
100
AcDbEntity
  8
Visible
100
AcDbLine
 10
858.932648
 20
-308.536473
 30
0.0
 11
858.932648
 21
-302.536473
 31
0.0
  0
LINE
  5
979
330
70
100
AcDbEntity
  8
Visible
100
AcDbLine
 10
853.932648
 20
-308.536473
 30
0.0
 11
858.932648
 21
-308.536473
 31
0.0
  0
LINE
  5
97A
330
70
100
AcDbEntity
  8
Visible
100
AcDbLine
 10
853.932648
 20
-319.036473
 30
0.0
 11
853.932648
 21
-308.536473
 31
0.0
  0
LINE
  5
97B
330
70
100
AcDbEntity
  8
Visible
100
AcDbLine
 10
855.932648
 20
-319.036473
 30
0.0
 11
853.932648
 21
-319.036473
 31
0.0
  0
LINE
  5
97C
330
70
100
AcDbEntity
  8
Visible
100
AcDbLine
 10
855.932648
 20
-331.036473
 30
0.0
 11
855.932648
 21
-319.036473
 31
0.0
  0
LINE
  5
97D
330
70
100
AcDbEntity
  8
Visible
100
AcDbLine
 10
853.932648
 20
-331.036473
 30
0.0
 11
855.932648
 21
-331.036473
 31
0.0
  0
LINE
  5
97E
330
70
100
AcDbEntity
  8
Visible
100
AcDbLine
 10
853.932648
 20
-352.036473
 30
0.0
 11
853.932648
 21
-331.036473
 31
0.0
  0
LINE
  5
97F
330
70
100
AcDbEntity
  8
Visible
100
AcDbLine
 10
855.932648
 20
-352.036473
 30
0.0
 11
853.932648
 21
-352.036473
 31
0.0
  0
LINE
  5
980
330
70
100
AcDbEntity
  8
Visible
100
AcDbLine
 10
855.932648
 20
-364.036473
 30
0.0
 11
855.932648
 21
-352.036473
 31
0.0
  0
LINE
  5
981
330
70
100
AcDbEntity
  8
Visible
100
AcDbLine
 10
853.932648
 20
-364.036473
 30
0.0
 11
855.932648
 21
-364.036473
 31
0.0
  0
LINE
  5
982
330
70
100
AcDbEntity
  8
Visible
100
AcDbLine
 10
853.932648
 20
-385.036473
 30
0.0
 11
853.932648
 21
-364.036473
 31
0.0
  0
LINE
  5
983
330
70
100
AcDbEntity
  8
Visible
100
AcDbLine
 10
855.932648
 20
-385.036473
 30
0.0
 11
853.932648
 21
-385.036473
 31
0.0
  0
LINE
  5
984
330
70
100
AcDbEntity
  8
Visible
100
AcDbLine
 10
855.932648
 20
-397.036473
 30
0.0
 11
855.932648
 21
-385.036473
 31
0.0
  0
LINE
  5
985
330
70
100
AcDbEntity
  8
Visible
100
AcDbLine
 10
853.932648
 20
-397.036473
 30
0.0
 11
855.932648
 21
-397.036473
 31
0.0
  0
LINE
  5
986
330
70
100
AcDbEntity
  8
Visible
100
AcDbLine
 10
853.932648
 20
-418.036473
 30
0.0
 11
853.932648
 21
-397.036473
 31
0.0
  0
LINE
  5
987
330
70
100
AcDbEntity
  8
Visible
100
AcDbLine
 10
855.932648
 20
-418.036473
 30
0.0
 11
853.932648
 21
-418.036473
 31
0.0
  0
LINE
  5
988
330
70
100
AcDbEntity
  8
Visible
100
AcDbLine
 10
855.932648
 20
-430.036473
 30
0.0
 11
855.932648
 21
-418.036473
 31
0.0
  0
LINE
  5
989
330
70
100
AcDbEntity
  8
Visible
100
AcDbLine
 10
853.932648
 20
-430.036473
 30
0.0
 11
855.932648
 21
-430.036473
 31
0.0
  0
LINE
  5
98A
330
70
100
AcDbEntity
  8
Visible
100
AcDbLine
 10
853.932648
 20
-451.036473
 30
0.0
 11
853.932648
 21
-430.036473
 31
0.0
  0
LINE
  5
98B
330
70
100
AcDbEntity
  8
Visible
100
AcDbLine
 10
855.932648
 20
-451.036473
 30
0.0
 11
853.932648
 21
-451.036473
 31
0.0
  0
LINE
  5
98C
330
70
100
AcDbEntity
  8
Visible
100
AcDbLine
 10
855.932648
 20
-463.036473
 30
0.0
 11
855.932648
 21
-451.036473
 31
0.0
  0
LINE
  5
98D
330
70
100
AcDbEntity
  8
Visible
100
AcDbLine
 10
853.932648
 20
-463.036473
 30
0.0
 11
855.932648
 21
-463.036473
 31
0.0
  0
LINE
  5
98E
330
70
100
AcDbEntity
  8
Visible
100
AcDbLine
 10
853.932648
 20
-473.536473
 30
0.0
 11
853.932648
 21
-463.036473
 31
0.0
  0
LINE
  5
98F
330
70
100
AcDbEntity
  8
Visible
100
AcDbLine
 10
858.932648
 20
-473.536473
 30
0.0
 11
853.932648
 21
-473.536473
 31
0.0
  0
LINE
  5
990
330
70
100
AcDbEntity
  8
Visible
100
AcDbLine
 10
858.932648
 20
-479.536473
 30
0.0
 11
858.932648
 21
-473.536473
 31
0.0
  0
LINE
  5
991
330
70
100
AcDbEntity
  8
Visible
100
AcDbLine
 10
878.932648
 20
-479.536473
 30
0.0
 11
858.932648
 21
-479.536473
 31
0.0
  0
LINE
  5
992
330
70
100
AcDbEntity
  8
Visible
100
AcDbLine
 10
878.932648
 20
-473.536473
 30
0.0
 11
878.932648
 21
-479.536473
 31
0.0
  0
LINE
  5
993
330
70
100
AcDbEntity
  8
Visible
100
AcDbLine
 10
883.932648
 20
-473.536473
 30
0.0
 11
878.932648
 21
-473.536473
 31
0.0
  0
LINE
  5
994
330
70
100
AcDbEntity
  8
Visible
100
AcDbLine
 10
883.932648
 20
-442.036473
 30
0.0
 11
883.932648
 21
-473.536473
 31
0.0
  0
LINE
  5
995
330
70
100
AcDbEntity
  8
Visible
100
AcDbLine
 10
868.932648
 20
-442.036473
 30
0.0
 11
883.932648
 21
-442.036473
 31
0.0
  0
LINE
  5
996
330
70
100
AcDbEntity
  8
Visible
100
AcDbLine
 10
868.932648
 20
-439.036473
 30
0.0
 11
868.932648
 21
-442.036473
 31
0.0
  0
LINE
  5
997
330
70
100
AcDbEntity
  8
Visible
100
AcDbLine
 10
883.932648
 20
-439.036473
 30
0.0
 11
868.932648
 21
-439.036473
 31
0.0
  0
LINE
  5
998
330
70
100
AcDbEntity
  8
Visible
100
AcDbLine
 10
883.932648
 20
-409.036473
 30
0.0
 11
883.932648
 21
-439.036473
 31
0.0
  0
LINE
  5
999
330
70
100
AcDbEntity
  8
Visible
100
AcDbLine
 10
868.932648
 20
-409.036473
 30
0.0
 11
883.932648
 21
-409.036473
 31
0.0
  0
LINE
  5
99A
330
70
100
AcDbEntity
  8
Visible
100
AcDbLine
 10
868.932648
 20
-406.036473
 30
0.0
 11
868.932648
 21
-409.036473
 31
0.0
  0
LINE
  5
99B
330
70
100
AcDbEntity
  8
Visible
100
AcDbLine
 10
883.932648
 20
-406.036473
 30
0.0
 11
868.932648
 21
-406.036473
 31
0.0
  0
LINE
  5
99C
330
70
100
AcDbEntity
  8
Visible
100
AcDbLine
 10
883.932648
 20
-376.036473
 30
0.0
 11
883.932648
 21
-406.036473
 31
0.0
  0
LINE
  5
99D
330
70
100
AcDbEntity
  8
Visible
100
AcDbLine
 10
868.932648
 20
-376.036473
 30
0.0
 11
883.932648
 21
-376.036473
 31
0.0
  0
LINE
  5
99E
330
70
100
AcDbEntity
  8
Visible
100
AcDbLine
 10
868.932648
 20
-373.036473
 30
0.0
 11
868.932648
 21
-376.036473
 31
0.0
  0
LINE
  5
99F
330
70
100
AcDbEntity
  8
Visible
100
AcDbLine
 10
883.932648
 20
-373.036473
 30
0.0
 11
868.932648
 21
-373.036473
 31
0.0
  0
LINE
  5
9A0
330
70
100
AcDbEntity
  8
Visible
100
AcDbLine
 10
883.932648
 20
-343.036473
 30
0.0
 11
883.932648
 21
-373.036473
 31
0.0
  0
LINE
  5
9A1
330
70
100
AcDbEntity
  8
Visible
100
AcDbLine
 10
868.932648
 20
-343.036473
 30
0.0
 11
883.932648
 21
-343.036473
 31
0.0
  0
LINE
  5
9A2
330
70
100
AcDbEntity
  8
Visible
100
AcDbLine
 10
868.932648
 20
-340.036473
 30
0.0
 11
868.932648
 21
-343.036473
 31
0.0
  0
LINE
  5
9A3
330
70
100
AcDbEntity
  8
Visible
100
AcDbLine
 10
883.932648
 20
-340.036473
 30
0.0
 11
868.932648
 21
-340.036473
 31
0.0
  0
LINE
  5
9A4
330
70
100
AcDbEntity
  8
Visible
100
AcDbLine
 10
883.932648
 20
-308.536473
 30
0.0
 11
883.932648
 21
-340.036473
 31
0.0
  0
LINE
  5
9A5
330
70
100
AcDbEntity
  8
Visible
100
AcDbLine
 10
878.932648
 20
-308.536473
 30
0.0
 11
883.932648
 21
-308.536473
 31
0.0
  0
LINE
  5
9A6
330
70
100
AcDbEntity
  8
Visible
100
AcDbLine
 10
775.463897
 20
-288.978782
 30
0.0
 11
775.463897
 21
-294.978782
 31
0.0
  0
LINE
  5
9A7
330
70
100
AcDbEntity
  8
Visible
100
AcDbLine
 10
755.463897
 20
-288.978782
 30
0.0
 11
775.463897
 21
-288.978782
 31
0.0
  0
LINE
  5
9A8
330
70
100
AcDbEntity
  8
Visible
100
AcDbLine
 10
755.463897
 20
-294.978782
 30
0.0
 11
755.463897
 21
-288.978782
 31
0.0
  0
LINE
  5
9A9
330
70
100
AcDbEntity
  8
Visible
100
AcDbLine
 10
750.463897
 20
-294.978782
 30
0.0
 11
755.463897
 21
-294.978782
 31
0.0
  0
LINE
  5
9AA
330
70
100
AcDbEntity
  8
Visible
100
AcDbLine
 10
750.463897
 20
-305.478782
 30
0.0
 11
750.463897
 21
-294.978782
 31
0.0
  0
LINE
  5
9AB
330
70
100
AcDbEntity
  8
Visible
100
AcDbLine
 10
752.463897
 20
-305.478782
 30
0.0
 11
750.463897
 21
-305.478782
 31
0.0
  0
LINE
  5
9AC
330
70
100
AcDbEntity
  8
Visible
100
AcDbLine
 10
752.463897
 20
-317.478782
 30
0.0
 11
752.463897
 21
-305.478782
 31
0.0
  0
LINE
  5
9AD
330
70
100
AcDbEntity
  8
Visible
100
AcDbLine
 10
750.463897
 20
-317.478782
 30
0.0
 11
752.463897
 21
-317.478782
 31
0.0
  0
LINE
  5
9AE
330
70
100
AcDbEntity
  8
Visible
100
AcDbLine
 10
750.463897
 20
-338.478782
 30
0.0
 11
750.463897
 21
-317.478782
 31
0.0
  0
LINE
  5
9AF
330
70
100
AcDbEntity
  8
Visible
100
AcDbLine
 10
752.463897
 20
-338.478782
 30
0.0
 11
750.463897
 21
-338.478782
 31
0.0
  0
LINE
  5
9B0
330
70
100
AcDbEntity
  8
Visible
100
AcDbLine
 10
752.463897
 20
-350.478782
 30
0.0
 11
752.463897
 21
-338.478782
 31
0.0
  0
LINE
  5
9B1
330
70
100
AcDbEntity
  8
Visible
100
AcDbLine
 10
750.463897
 20
-350.478782
 30
0.0
 11
752.463897
 21
-350.478782
 31
0.0
  0
LINE
  5
9B2
330
70
100
AcDbEntity
  8
Visible
100
AcDbLine
 10
750.463897
 20
-371.478782
 30
0.0
 11
750.463897
 21
-350.478782
 31
0.0
  0
LINE
  5
9B3
330
70
100
AcDbEntity
  8
Visible
100
AcDbLine
 10
752.463897
 20
-371.478782
 30
0.0
 11
750.463897
 21
-371.478782
 31
0.0
  0
LINE
  5
9B4
330
70
100
AcDbEntity
  8
Visible
100
AcDbLine
 10
752.463897
 20
-383.478782
 30
0.0
 11
752.463897
 21
-371.478782
 31
0.0
  0
LINE
  5
9B5
330
70
100
AcDbEntity
  8
Visible
100
AcDbLine
 10
750.463897
 20
-383.478782
 30
0.0
 11
752.463897
 21
-383.478782
 31
0.0
  0
LINE
  5
9B6
330
70
100
AcDbEntity
  8
Visible
100
AcDbLine
 10
750.463897
 20
-404.478782
 30
0.0
 11
750.463897
 21
-383.478782
 31
0.0
  0
LINE
  5
9B7
330
70
100
AcDbEntity
  8
Visible
100
AcDbLine
 10
752.463897
 20
-404.478782
 30
0.0
 11
750.463897
 21
-404.478782
 31
0.0
  0
LINE
  5
9B8
330
70
100
AcDbEntity
  8
Visible
100
AcDbLine
 10
752.463897
 20
-416.478782
 30
0.0
 11
752.463897
 21
-404.478782
 31
0.0
  0
LINE
  5
9B9
330
70
100
AcDbEntity
  8
Visible
100
AcDbLine
 10
750.463897
 20
-416.478782
 30
0.0
 11
752.463897
 21
-416.478782
 31
0.0
  0
LINE
  5
9BA
330
70
100
AcDbEntity
  8
Visible
100
AcDbLine
 10
750.463897
 20
-437.478782
 30
0.0
 11
750.463897
 21
-416.478782
 31
0.0
  0
LINE
  5
9BB
330
70
100
AcDbEntity
  8
Visible
100
AcDbLine
 10
752.463897
 20
-437.478782
 30
0.0
 11
750.463897
 21
-437.478782
 31
0.0
  0
LINE
  5
9BC
330
70
100
AcDbEntity
  8
Visible
100
AcDbLine
 10
752.463897
 20
-449.478782
 30
0.0
 11
752.463897
 21
-437.478782
 31
0.0
  0
LINE
  5
9BD
330
70
100
AcDbEntity
  8
Visible
100
AcDbLine
 10
750.463897
 20
-449.478782
 30
0.0
 11
752.463897
 21
-449.478782
 31
0.0
  0
LINE
  5
9BE
330
70
100
AcDbEntity
  8
Visible
100
AcDbLine
 10
750.463897
 20
-459.978782
 30
0.0
 11
750.463897
 21
-449.478782
 31
0.0
  0
LINE
  5
9BF
330
70
100
AcDbEntity
  8
Visible
100
AcDbLine
 10
755.463897
 20
-459.978782
 30
0.0
 11
750.463897
 21
-459.978782
 31
0.0
  0
LINE
  5
9C0
330
70
100
AcDbEntity
  8
Visible
100
AcDbLine
 10
755.463897
 20
-465.978782
 30
0.0
 11
755.463897
 21
-459.978782
 31
0.0
  0
LINE
  5
9C1
330
70
100
AcDbEntity
  8
Visible
100
AcDbLine
 10
775.463897
 20
-465.978782
 30
0.0
 11
755.463897
 21
-465.978782
 31
0.0
  0
LINE
  5
9C2
330
70
100
AcDbEntity
  8
Visible
100
AcDbLine
 10
775.463897
 20
-459.978782
 30
0.0
 11
775.463897
 21
-465.978782
 31
0.0
  0
LINE
  5
9C3
330
70
100
AcDbEntity
  8
Visible
100
AcDbLine
 10
780.463897
 20
-459.978782
 30
0.0
 11
775.463897
 21
-459.978782
 31
0.0
  0
LINE
  5
9C4
330
70
100
AcDbEntity
  8
Visible
100
AcDbLine
 10
780.463897
 20
-428.478782
 30
0.0
 11
780.463897
 21
-459.978782
 31
0.0
  0
LINE
  5
9C5
330
70
100
AcDbEntity
  8
Visible
100
AcDbLine
 10
765.463897
 20
-428.478782
 30
0.0
 11
780.463897
 21
-428.478782
 31
0.0
  0
LINE
  5
9C6
330
70
100
AcDbEntity
  8
Visible
100
AcDbLine
 10
765.463897
 20
-425.478782
 30
0.0
 11
765.463897
 21
-428.478782
 31
0.0
  0
LINE
  5
9C7
330
70
100
AcDbEntity
  8
Visible
100
AcDbLine
 10
780.463897
 20
-425.478782
 30
0.0
 11
765.463897
 21
-425.478782
 31
0.0
  0
LINE
  5
9C8
330
70
100
AcDbEntity
  8
Visible
100
AcDbLine
 10
780.463897
 20
-395.478782
 30
0.0
 11
780.463897
 21
-425.478782
 31
0.0
  0
LINE
  5
9C9
330
70
100
AcDbEntity
  8
Visible
100
AcDbLine
 10
765.463897
 20
-395.478782
 30
0.0
 11
780.463897
 21
-395.478782
 31
0.0
  0
LINE
  5
9CA
330
70
100
AcDbEntity
  8
Visible
100
AcDbLine
 10
765.463897
 20
-392.478782
 30
0.0
 11
765.463897
 21
-395.478782
 31
0.0
  0
LINE
  5
9CB
330
70
100
AcDbEntity
  8
Visible
100
AcDbLine
 10
780.463897
 20
-392.478782
 30
0.0
 11
765.463897
 21
-392.478782
 31
0.0
  0
LINE
  5
9CC
330
70
100
AcDbEntity
  8
Visible
100
AcDbLine
 10
780.463897
 20
-362.478782
 30
0.0
 11
780.463897
 21
-392.478782
 31
0.0
  0
LINE
  5
9CD
330
70
100
AcDbEntity
  8
Visible
100
AcDbLine
 10
765.463897
 20
-362.478782
 30
0.0
 11
780.463897
 21
-362.478782
 31
0.0
  0
LINE
  5
9CE
330
70
100
AcDbEntity
  8
Visible
100
AcDbLine
 10
765.463897
 20
-359.478782
 30
0.0
 11
765.463897
 21
-362.478782
 31
0.0
  0
LINE
  5
9CF
330
70
100
AcDbEntity
  8
Visible
100
AcDbLine
 10
780.463897
 20
-359.478782
 30
0.0
 11
765.463897
 21
-359.478782
 31
0.0
  0
LINE
  5
9D0
330
70
100
AcDbEntity
  8
Visible
100
AcDbLine
 10
780.463897
 20
-329.478782
 30
0.0
 11
780.463897
 21
-359.478782
 31
0.0
  0
LINE
  5
9D1
330
70
100
AcDbEntity
  8
Visible
100
AcDbLine
 10
765.463897
 20
-329.478782
 30
0.0
 11
780.463897
 21
-329.478782
 31
0.0
  0
LINE
  5
9D2
330
70
100
AcDbEntity
  8
Visible
100
AcDbLine
 10
765.463897
 20
-326.478782
 30
0.0
 11
765.463897
 21
-329.478782
 31
0.0
  0
LINE
  5
9D3
330
70
100
AcDbEntity
  8
Visible
100
AcDbLine
 10
780.463897
 20
-326.478782
 30
0.0
 11
765.463897
 21
-326.478782
 31
0.0
  0
LINE
  5
9D4
330
70
100
AcDbEntity
  8
Visible
100
AcDbLine
 10
780.463897
 20
-294.978782
 30
0.0
 11
780.463897
 21
-326.478782
 31
0.0
  0
LINE
  5
9D5
330
70
100
AcDbEntity
  8
Visible
100
AcDbLine
 10
775.463897
 20
-294.978782
 30
0.0
 11
780.463897
 21
-294.978782
 31
0.0
  0
LINE
  5
9D6
330
70
100
AcDbEntity
  8
Visible
100
AcDbLine
 10
929.986044
 20
-94.844583
 30
0.0
 11
929.986044
 21
-100.844583
 31
0.0
  0
LINE
  5
9D7
330
70
100
AcDbEntity
  8
Visible
100
AcDbLine
 10
909.986044
 20
-94.844583
 30
0.0
 11
929.986044
 21
-94.844583
 31
0.0
  0
LINE
  5
9D8
330
70
100
AcDbEntity
  8
Visible
100
AcDbLine
 10
909.986044
 20
-100.844583
 30
0.0
 11
909.986044
 21
-94.844583
 31
0.0
  0
LINE
  5
9D9
330
70
100
AcDbEntity
  8
Visible
100
AcDbLine
 10
904.986044
 20
-100.844583
 30
0.0
 11
909.986044
 21
-100.844583
 31
0.0
  0
LINE
  5
9DA
330
70
100
AcDbEntity
  8
Visible
100
AcDbLine
 10
904.986044
 20
-265.844583
 30
0.0
 11
904.986044
 21
-100.844583
 31
0.0
  0
LINE
  5
9DB
330
70
100
AcDbEntity
  8
Visible
100
AcDbLine
 10
909.986044
 20
-265.844583
 30
0.0
 11
904.986044
 21
-265.844583
 31
0.0
  0
LINE
  5
9DC
330
70
100
AcDbEntity
  8
Visible
100
AcDbLine
 10
909.986044
 20
-271.844583
 30
0.0
 11
909.986044
 21
-265.844583
 31
0.0
  0
LINE
  5
9DD
330
70
100
AcDbEntity
  8
Visible
100
AcDbLine
 10
929.986044
 20
-271.844583
 30
0.0
 11
909.986044
 21
-271.844583
 31
0.0
  0
LINE
  5
9DE
330
70
100
AcDbEntity
  8
Visible
100
AcDbLine
 10
929.986044
 20
-265.844583
 30
0.0
 11
929.986044
 21
-271.844583
 31
0.0
  0
LINE
  5
9DF
330
70
100
AcDbEntity
  8
Visible
100
AcDbLine
 10
934.986044
 20
-265.844583
 30
0.0
 11
929.986044
 21
-265.844583
 31
0.0
  0
LINE
  5
9E0
330
70
100
AcDbEntity
  8
Visible
100
AcDbLine
 10
934.986044
 20
-234.344583
 30
0.0
 11
934.986044
 21
-265.844583
 31
0.0
  0
LINE
  5
9E1
330
70
100
AcDbEntity
  8
Visible
100
AcDbLine
 10
919.986044
 20
-234.344583
 30
0.0
 11
934.986044
 21
-234.344583
 31
0.0
  0
LINE
  5
9E2
330
70
100
AcDbEntity
  8
Visible
100
AcDbLine
 10
919.986044
 20
-231.344583
 30
0.0
 11
919.986044
 21
-234.344583
 31
0.0
  0
LINE
  5
9E3
330
70
100
AcDbEntity
  8
Visible
100
AcDbLine
 10
934.986044
 20
-231.344583
 30
0.0
 11
919.986044
 21
-231.344583
 31
0.0
  0
LINE
  5
9E4
330
70
100
AcDbEntity
  8
Visible
100
AcDbLine
 10
934.986044
 20
-201.344583
 30
0.0
 11
934.986044
 21
-231.344583
 31
0.0
  0
LINE
  5
9E5
330
70
100
AcDbEntity
  8
Visible
100
AcDbLine
 10
919.986044
 20
-201.344583
 30
0.0
 11
934.986044
 21
-201.344583
 31
0.0
  0
LINE
  5
9E6
330
70
100
AcDbEntity
  8
Visible
100
AcDbLine
 10
919.986044
 20
-198.344583
 30
0.0
 11
919.986044
 21
-201.344583
 31
0.0
  0
LINE
  5
9E7
330
70
100
AcDbEntity
  8
Visible
100
AcDbLine
 10
934.986044
 20
-198.344583
 30
0.0
 11
919.986044
 21
-198.344583
 31
0.0
  0
LINE
  5
9E8
330
70
100
AcDbEntity
  8
Visible
100
AcDbLine
 10
934.986044
 20
-168.344583
 30
0.0
 11
934.986044
 21
-198.344583
 31
0.0
  0
LINE
  5
9E9
330
70
100
AcDbEntity
  8
Visible
100
AcDbLine
 10
919.986044
 20
-168.344583
 30
0.0
 11
934.986044
 21
-168.344583
 31
0.0
  0
LINE
  5
9EA
330
70
100
AcDbEntity
  8
Visible
100
AcDbLine
 10
919.986044
 20
-165.344583
 30
0.0
 11
919.986044
 21
-168.344583
 31
0.0
  0
LINE
  5
9EB
330
70
100
AcDbEntity
  8
Visible
100
AcDbLine
 10
934.986044
 20
-165.344583
 30
0.0
 11
919.986044
 21
-165.344583
 31
0.0
  0
LINE
  5
9EC
330
70
100
AcDbEntity
  8
Visible
100
AcDbLine
 10
934.986044
 20
-135.344583
 30
0.0
 11
934.986044
 21
-165.344583
 31
0.0
  0
LINE
  5
9ED
330
70
100
AcDbEntity
  8
Visible
100
AcDbLine
 10
919.986044
 20
-135.344583
 30
0.0
 11
934.986044
 21
-135.344583
 31
0.0
  0
LINE
  5
9EE
330
70
100
AcDbEntity
  8
Visible
100
AcDbLine
 10
919.986044
 20
-132.344583
 30
0.0
 11
919.986044
 21
-135.344583
 31
0.0
  0
LINE
  5
9EF
330
70
100
AcDbEntity
  8
Visible
100
AcDbLine
 10
934.986044
 20
-132.344583
 30
0.0
 11
919.986044
 21
-132.344583
 31
0.0
  0
LINE
  5
9F0
330
70
100
AcDbEntity
  8
Visible
100
AcDbLine
 10
934.986044
 20
-100.844583
 30
0.0
 11
934.986044
 21
-132.344583
 31
0.0
  0
LINE
  5
9F1
330
70
100
AcDbEntity
  8
Visible
100
AcDbLine
 10
929.986044
 20
-100.844583
 30
0.0
 11
934.986044
 21
-100.844583
 31
0.0
  0
LINE
  5
9F2
330
70
100
AcDbEntity
  8
Visible
100
AcDbLine
 10
930.107939
 20
-297.908129
 30
0.0
 11
930.107939
 21
-303.908129
 31
0.0
  0
LINE
  5
9F3
330
70
100
AcDbEntity
  8
Visible
100
AcDbLine
 10
910.107939
 20
-297.908129
 30
0.0
 11
930.107939
 21
-297.908129
 31
0.0
  0
LINE
  5
9F4
330
70
100
AcDbEntity
  8
Visible
100
AcDbLine
 10
910.107939
 20
-303.908129
 30
0.0
 11
910.107939
 21
-297.908129
 31
0.0
  0
LINE
  5
9F5
330
70
100
AcDbEntity
  8
Visible
100
AcDbLine
 10
905.107939
 20
-303.908129
 30
0.0
 11
910.107939
 21
-303.908129
 31
0.0
  0
LINE
  5
9F6
330
70
100
AcDbEntity
  8
Visible
100
AcDbLine
 10
905.107939
 20
-468.908129
 30
0.0
 11
905.107939
 21
-303.908129
 31
0.0
  0
LINE
  5
9F7
330
70
100
AcDbEntity
  8
Visible
100
AcDbLine
 10
910.107939
 20
-468.908129
 30
0.0
 11
905.107939
 21
-468.908129
 31
0.0
  0
LINE
  5
9F8
330
70
100
AcDbEntity
  8
Visible
100
AcDbLine
 10
910.107939
 20
-474.908129
 30
0.0
 11
910.107939
 21
-468.908129
 31
0.0
  0
LINE
  5
9F9
330
70
100
AcDbEntity
  8
Visible
100
AcDbLine
 10
930.107939
 20
-474.908129
 30
0.0
 11
910.107939
 21
-474.908129
 31
0.0
  0
LINE
  5
9FA
330
70
100
AcDbEntity
  8
Visible
100
AcDbLine
 10
930.107939
 20
-468.908129
 30
0.0
 11
930.107939
 21
-474.908129
 31
0.0
  0
LINE
  5
9FB
330
70
100
AcDbEntity
  8
Visible
100
AcDbLine
 10
935.107939
 20
-468.908129
 30
0.0
 11
930.107939
 21
-468.908129
 31
0.0
  0
LINE
  5
9FC
330
70
100
AcDbEntity
  8
Visible
100
AcDbLine
 10
935.107939
 20
-437.408129
 30
0.0
 11
935.107939
 21
-468.908129
 31
0.0
  0
LINE
  5
9FD
330
70
100
AcDbEntity
  8
Visible
100
AcDbLine
 10
920.107939
 20
-437.408129
 30
0.0
 11
935.107939
 21
-437.408129
 31
0.0
  0
LINE
  5
9FE
330
70
100
AcDbEntity
  8
Visible
100
AcDbLine
 10
920.107939
 20
-434.408129
 30
0.0
 11
920.107939
 21
-437.408129
 31
0.0
  0
LINE
  5
9FF
330
70
100
AcDbEntity
  8
Visible
100
AcDbLine
 10
935.107939
 20
-434.408129
 30
0.0
 11
920.107939
 21
-434.408129
 31
0.0
  0
LINE
  5
A00
330
70
100
AcDbEntity
  8
Visible
100
AcDbLine
 10
935.107939
 20
-404.408129
 30
0.0
 11
935.107939
 21
-434.408129
 31
0.0
  0
LINE
  5
A01
330
70
100
AcDbEntity
  8
Visible
100
AcDbLine
 10
920.107939
 20
-404.408129
 30
0.0
 11
935.107939
 21
-404.408129
 31
0.0
  0
LINE
  5
A02
330
70
100
AcDbEntity
  8
Visible
100
AcDbLine
 10
920.107939
 20
-401.408129
 30
0.0
 11
920.107939
 21
-404.408129
 31
0.0
  0
LINE
  5
A03
330
70
100
AcDbEntity
  8
Visible
100
AcDbLine
 10
935.107939
 20
-401.408129
 30
0.0
 11
920.107939
 21
-401.408129
 31
0.0
  0
LINE
  5
A04
330
70
100
AcDbEntity
  8
Visible
100
AcDbLine
 10
935.107939
 20
-371.408129
 30
0.0
 11
935.107939
 21
-401.408129
 31
0.0
  0
LINE
  5
A05
330
70
100
AcDbEntity
  8
Visible
100
AcDbLine
 10
920.107939
 20
-371.408129
 30
0.0
 11
935.107939
 21
-371.408129
 31
0.0
  0
LINE
  5
A06
330
70
100
AcDbEntity
  8
Visible
100
AcDbLine
 10
920.107939
 20
-368.408129
 30
0.0
 11
920.107939
 21
-371.408129
 31
0.0
  0
LINE
  5
A07
330
70
100
AcDbEntity
  8
Visible
100
AcDbLine
 10
935.107939
 20
-368.408129
 30
0.0
 11
920.107939
 21
-368.408129
 31
0.0
  0
LINE
  5
A08
330
70
100
AcDbEntity
  8
Visible
100
AcDbLine
 10
935.107939
 20
-338.408129
 30
0.0
 11
935.107939
 21
-368.408129
 31
0.0
  0
LINE
  5
A09
330
70
100
AcDbEntity
  8
Visible
100
AcDbLine
 10
920.107939
 20
-338.408129
 30
0.0
 11
935.107939
 21
-338.408129
 31
0.0
  0
LINE
  5
A0A
330
70
100
AcDbEntity
  8
Visible
100
AcDbLine
 10
920.107939
 20
-335.408129
 30
0.0
 11
920.107939
 21
-338.408129
 31
0.0
  0
LINE
  5
A0B
330
70
100
AcDbEntity
  8
Visible
100
AcDbLine
 10
935.107939
 20
-335.408129
 30
0.0
 11
920.107939
 21
-335.408129
 31
0.0
  0
LINE
  5
A0C
330
70
100
AcDbEntity
  8
Visible
100
AcDbLine
 10
935.107939
 20
-303.908129
 30
0.0
 11
935.107939
 21
-335.408129
 31
0.0
  0
LINE
  5
A0D
330
70
100
AcDbEntity
  8
Visible
100
AcDbLine
 10
930.107939
 20
-303.908129
 30
0.0
 11
935.107939
 21
-303.908129
 31
0.0
  0
CIRCLE
  5
A0E
330
70
100
AcDbEntity
  8
Visible
100
AcDbCircle
 10
-1166.355089
 20
102.098334
 30
0.0
 40
10.0
210
0.0
220
0.0
230
-1.0
  0
LINE
  5
A0F
330
70
100
AcDbEntity
  8
Visible
100
AcDbLine
 10
1173.855089
 20
-346.401666
 30
0.0
 11
1153.855089
 21
-346.401666
 31
0.0
  0
LINE
  5
A10
330
70
100
AcDbEntity
  8
Visible
100
AcDbLine
 10
1173.855089
 20
-343.401666
 30
0.0
 11
1173.855089
 21
-346.401666
 31
0.0
  0
LINE
  5
A11
330
70
100
AcDbEntity
  8
Visible
100
AcDbLine
 10
1153.855089
 20
-343.401666
 30
0.0
 11
1173.855089
 21
-343.401666
 31
0.0
  0
LINE
  5
A12
330
70
100
AcDbEntity
  8
Visible
100
AcDbLine
 10
1153.855089
 20
-346.401666
 30
0.0
 11
1153.855089
 21
-343.401666
 31
0.0
  0
LINE
  5
A13
330
70
100
AcDbEntity
  8
Visible
100
AcDbLine
 10
1173.855089
 20
-13.401666
 30
0.0
 11
1173.855089
 21
-16.401666
 31
0.0
  0
LINE
  5
A14
330
70
100
AcDbEntity
  8
Visible
100
AcDbLine
 10
1153.855089
 20
-13.401666
 30
0.0
 11
1173.855089
 21
-13.401666
 31
0.0
  0
LINE
  5
A15
330
70
100
AcDbEntity
  8
Visible
100
AcDbLine
 10
1153.855089
 20
-16.401666
 30
0.0
 11
1153.855089
 21
-13.401666
 31
0.0
  0
LINE
  5
A16
330
70
100
AcDbEntity
  8
Visible
100
AcDbLine
 10
1173.855089
 20
-16.401666
 30
0.0
 11
1153.855089
 21
-16.401666
 31
0.0
  0
LINE
  5
A17
330
70
100
AcDbEntity
  8
Visible
100
AcDbLine
 10
1173.855089
 20
-181.401666
 30
0.0
 11
1153.855089
 21
-181.401666
 31
0.0
  0
LINE
  5
A18
330
70
100
AcDbEntity
  8
Visible
100
AcDbLine
 10
1173.855089
 20
-178.401666
 30
0.0
 11
1173.855089
 21
-181.401666
 31
0.0
  0
LINE
  5
A19
330
70
100
AcDbEntity
  8
Visible
100
AcDbLine
 10
1153.855089
 20
-178.401666
 30
0.0
 11
1173.855089
 21
-178.401666
 31
0.0
  0
LINE
  5
A1A
330
70
100
AcDbEntity
  8
Visible
100
AcDbLine
 10
1153.855089
 20
-181.401666
 30
0.0
 11
1153.855089
 21
-178.401666
 31
0.0
  0
LINE
  5
A1B
330
70
100
AcDbEntity
  8
Visible
100
AcDbLine
 10
1173.855089
 20
-376.401666
 30
0.0
 11
1173.855089
 21
-379.401666
 31
0.0
  0
LINE
  5
A1C
330
70
100
AcDbEntity
  8
Visible
100
AcDbLine
 10
1153.855089
 20
-376.401666
 30
0.0
 11
1173.855089
 21
-376.401666
 31
0.0
  0
LINE
  5
A1D
330
70
100
AcDbEntity
  8
Visible
100
AcDbLine
 10
1153.855089
 20
-379.401666
 30
0.0
 11
1153.855089
 21
-376.401666
 31
0.0
  0
LINE
  5
A1E
330
70
100
AcDbEntity
  8
Visible
100
AcDbLine
 10
1173.855089
 20
-379.401666
 30
0.0
 11
1153.855089
 21
-379.401666
 31
0.0
  0
LINE
  5
A1F
330
70
100
AcDbEntity
  8
Visible
100
AcDbLine
 10
1173.855089
 20
-280.401666
 30
0.0
 11
1153.855089
 21
-280.401666
 31
0.0
  0
LINE
  5
A20
330
70
100
AcDbEntity
  8
Visible
100
AcDbLine
 10
1173.855089
 20
-277.401666
 30
0.0
 11
1173.855089
 21
-280.401666
 31
0.0
  0
LINE
  5
A21
330
70
100
AcDbEntity
  8
Visible
100
AcDbLine
 10
1153.855089
 20
-277.401666
 30
0.0
 11
1173.855089
 21
-277.401666
 31
0.0
  0
LINE
  5
A22
330
70
100
AcDbEntity
  8
Visible
100
AcDbLine
 10
1153.855089
 20
-280.401666
 30
0.0
 11
1153.855089
 21
-277.401666
 31
0.0
  0
LINE
  5
A23
330
70
100
AcDbEntity
  8
Visible
100
AcDbLine
 10
1153.855089
 20
85.598334
 30
0.0
 11
1173.855089
 21
85.598334
 31
0.0
  0
LINE
  5
A24
330
70
100
AcDbEntity
  8
Visible
100
AcDbLine
 10
1153.855089
 20
82.598334
 30
0.0
 11
1153.855089
 21
85.598334
 31
0.0
  0
LINE
  5
A25
330
70
100
AcDbEntity
  8
Visible
100
AcDbLine
 10
1173.855089
 20
82.598334
 30
0.0
 11
1153.855089
 21
82.598334
 31
0.0
  0
LINE
  5
A26
330
70
100
AcDbEntity
  8
Visible
100
AcDbLine
 10
1173.855089
 20
85.598334
 30
0.0
 11
1173.855089
 21
82.598334
 31
0.0
  0
LINE
  5
A27
330
70
100
AcDbEntity
  8
Visible
100
AcDbLine
 10
1173.855089
 20
49.598334
 30
0.0
 11
1153.855089
 21
49.598334
 31
0.0
  0
LINE
  5
A28
330
70
100
AcDbEntity
  8
Visible
100
AcDbLine
 10
1173.855089
 20
52.598334
 30
0.0
 11
1173.855089
 21
49.598334
 31
0.0
  0
LINE
  5
A29
330
70
100
AcDbEntity
  8
Visible
100
AcDbLine
 10
1153.855089
 20
52.598334
 30
0.0
 11
1173.855089
 21
52.598334
 31
0.0
  0
LINE
  5
A2A
330
70
100
AcDbEntity
  8
Visible
100
AcDbLine
 10
1153.855089
 20
49.598334
 30
0.0
 11
1153.855089
 21
52.598334
 31
0.0
  0
LINE
  5
A2B
330
70
100
AcDbEntity
  8
Visible
100
AcDbLine
 10
1153.855089
 20
19.598334
 30
0.0
 11
1173.855089
 21
19.598334
 31
0.0
  0
LINE
  5
A2C
330
70
100
AcDbEntity
  8
Visible
100
AcDbLine
 10
1153.855089
 20
16.598334
 30
0.0
 11
1153.855089
 21
19.598334
 31
0.0
  0
LINE
  5
A2D
330
70
100
AcDbEntity
  8
Visible
100
AcDbLine
 10
1173.855089
 20
16.598334
 30
0.0
 11
1153.855089
 21
16.598334
 31
0.0
  0
LINE
  5
A2E
330
70
100
AcDbEntity
  8
Visible
100
AcDbLine
 10
1173.855089
 20
19.598334
 30
0.0
 11
1173.855089
 21
16.598334
 31
0.0
  0
LINE
  5
A2F
330
70
100
AcDbEntity
  8
Visible
100
AcDbLine
 10
1173.855089
 20
-211.401666
 30
0.0
 11
1173.855089
 21
-214.401666
 31
0.0
  0
LINE
  5
A30
330
70
100
AcDbEntity
  8
Visible
100
AcDbLine
 10
1153.855089
 20
-211.401666
 30
0.0
 11
1173.855089
 21
-211.401666
 31
0.0
  0
LINE
  5
A31
330
70
100
AcDbEntity
  8
Visible
100
AcDbLine
 10
1153.855089
 20
-214.401666
 30
0.0
 11
1153.855089
 21
-211.401666
 31
0.0
  0
LINE
  5
A32
330
70
100
AcDbEntity
  8
Visible
100
AcDbLine
 10
1173.855089
 20
-214.401666
 30
0.0
 11
1153.855089
 21
-214.401666
 31
0.0
  0
LINE
  5
A33
330
70
100
AcDbEntity
  8
Visible
100
AcDbLine
 10
1173.855089
 20
-412.401666
 30
0.0
 11
1153.855089
 21
-412.401666
 31
0.0
  0
LINE
  5
A34
330
70
100
AcDbEntity
  8
Visible
100
AcDbLine
 10
1173.855089
 20
-409.401666
 30
0.0
 11
1173.855089
 21
-412.401666
 31
0.0
  0
LINE
  5
A35
330
70
100
AcDbEntity
  8
Visible
100
AcDbLine
 10
1153.855089
 20
-409.401666
 30
0.0
 11
1173.855089
 21
-409.401666
 31
0.0
  0
LINE
  5
A36
330
70
100
AcDbEntity
  8
Visible
100
AcDbLine
 10
1153.855089
 20
-412.401666
 30
0.0
 11
1153.855089
 21
-409.401666
 31
0.0
  0
LINE
  5
A37
330
70
100
AcDbEntity
  8
Visible
100
AcDbLine
 10
1173.855089
 20
-313.401666
 30
0.0
 11
1153.855089
 21
-313.401666
 31
0.0
  0
LINE
  5
A38
330
70
100
AcDbEntity
  8
Visible
100
AcDbLine
 10
1173.855089
 20
-310.401666
 30
0.0
 11
1173.855089
 21
-313.401666
 31
0.0
  0
LINE
  5
A39
330
70
100
AcDbEntity
  8
Visible
100
AcDbLine
 10
1153.855089
 20
-310.401666
 30
0.0
 11
1173.855089
 21
-310.401666
 31
0.0
  0
LINE
  5
A3A
330
70
100
AcDbEntity
  8
Visible
100
AcDbLine
 10
1153.855089
 20
-313.401666
 30
0.0
 11
1153.855089
 21
-310.401666
 31
0.0
  0
LINE
  5
A3B
330
70
100
AcDbEntity
  8
Visible
100
AcDbLine
 10
1153.855089
 20
-112.401666
 30
0.0
 11
1173.855089
 21
-112.401666
 31
0.0
  0
LINE
  5
A3C
330
70
100
AcDbEntity
  8
Visible
100
AcDbLine
 10
1153.855089
 20
-115.401666
 30
0.0
 11
1153.855089
 21
-112.401666
 31
0.0
  0
LINE
  5
A3D
330
70
100
AcDbEntity
  8
Visible
100
AcDbLine
 10
1173.855089
 20
-115.401666
 30
0.0
 11
1153.855089
 21
-115.401666
 31
0.0
  0
LINE
  5
A3E
330
70
100
AcDbEntity
  8
Visible
100
AcDbLine
 10
1173.855089
 20
-112.401666
 30
0.0
 11
1173.855089
 21
-115.401666
 31
0.0
  0
LINE
  5
A3F
330
70
100
AcDbEntity
  8
Visible
100
AcDbLine
 10
1173.855089
 20
-442.401666
 30
0.0
 11
1173.855089
 21
-445.401666
 31
0.0
  0
LINE
  5
A40
330
70
100
AcDbEntity
  8
Visible
100
AcDbLine
 10
1153.855089
 20
-442.401666
 30
0.0
 11
1173.855089
 21
-442.401666
 31
0.0
  0
LINE
  5
A41
330
70
100
AcDbEntity
  8
Visible
100
AcDbLine
 10
1153.855089
 20
-445.401666
 30
0.0
 11
1153.855089
 21
-442.401666
 31
0.0
  0
LINE
  5
A42
330
70
100
AcDbEntity
  8
Visible
100
AcDbLine
 10
1173.855089
 20
-445.401666
 30
0.0
 11
1153.855089
 21
-445.401666
 31
0.0
  0
LINE
  5
A43
330
70
100
AcDbEntity
  8
Visible
100
AcDbLine
 10
1153.855089
 20
-49.401666
 30
0.0
 11
1153.855089
 21
-46.401666
 31
0.0
  0
LINE
  5
A44
330
70
100
AcDbEntity
  8
Visible
100
AcDbLine
 10
1173.855089
 20
-49.401666
 30
0.0
 11
1153.855089
 21
-49.401666
 31
0.0
  0
LINE
  5
A45
330
70
100
AcDbEntity
  8
Visible
100
AcDbLine
 10
1173.855089
 20
-46.401666
 30
0.0
 11
1173.855089
 21
-49.401666
 31
0.0
  0
LINE
  5
A46
330
70
100
AcDbEntity
  8
Visible
100
AcDbLine
 10
1153.855089
 20
-46.401666
 30
0.0
 11
1173.855089
 21
-46.401666
 31
0.0
  0
LINE
  5
A47
330
70
100
AcDbEntity
  8
Visible
100
AcDbLine
 10
1153.855089
 20
-82.401666
 30
0.0
 11
1153.855089
 21
-79.401666
 31
0.0
  0
LINE
  5
A48
330
70
100
AcDbEntity
  8
Visible
100
AcDbLine
 10
1173.855089
 20
-82.401666
 30
0.0
 11
1153.855089
 21
-82.401666
 31
0.0
  0
LINE
  5
A49
330
70
100
AcDbEntity
  8
Visible
100
AcDbLine
 10
1173.855089
 20
-79.401666
 30
0.0
 11
1173.855089
 21
-82.401666
 31
0.0
  0
LINE
  5
A4A
330
70
100
AcDbEntity
  8
Visible
100
AcDbLine
 10
1153.855089
 20
-79.401666
 30
0.0
 11
1173.855089
 21
-79.401666
 31
0.0
  0
LINE
  5
A4B
330
70
100
AcDbEntity
  8
Visible
100
AcDbLine
 10
1153.855089
 20
-244.401666
 30
0.0
 11
1173.855089
 21
-244.401666
 31
0.0
  0
LINE
  5
A4C
330
70
100
AcDbEntity
  8
Visible
100
AcDbLine
 10
1153.855089
 20
-247.401666
 30
0.0
 11
1153.855089
 21
-244.401666
 31
0.0
  0
LINE
  5
A4D
330
70
100
AcDbEntity
  8
Visible
100
AcDbLine
 10
1173.855089
 20
-247.401666
 30
0.0
 11
1153.855089
 21
-247.401666
 31
0.0
  0
LINE
  5
A4E
330
70
100
AcDbEntity
  8
Visible
100
AcDbLine
 10
1173.855089
 20
-244.401666
 30
0.0
 11
1173.855089
 21
-247.401666
 31
0.0
  0
LINE
  5
A4F
330
70
100
AcDbEntity
  8
Visible
100
AcDbLine
 10
1153.855089
 20
-475.401666
 30
0.0
 11
1173.855089
 21
-475.401666
 31
0.0
  0
LINE
  5
A50
330
70
100
AcDbEntity
  8
Visible
100
AcDbLine
 10
1153.855089
 20
-478.401666
 30
0.0
 11
1153.855089
 21
-475.401666
 31
0.0
  0
LINE
  5
A51
330
70
100
AcDbEntity
  8
Visible
100
AcDbLine
 10
1173.855089
 20
-478.401666
 30
0.0
 11
1153.855089
 21
-478.401666
 31
0.0
  0
LINE
  5
A52
330
70
100
AcDbEntity
  8
Visible
100
AcDbLine
 10
1173.855089
 20
-475.401666
 30
0.0
 11
1173.855089
 21
-478.401666
 31
0.0
  0
LINE
  5
A53
330
70
100
AcDbEntity
  8
Visible
100
AcDbLine
 10
1153.855089
 20
-508.401666
 30
0.0
 11
1173.855089
 21
-508.401666
 31
0.0
  0
LINE
  5
A54
330
70
100
AcDbEntity
  8
Visible
100
AcDbLine
 10
1153.855089
 20
-511.401666
 30
0.0
 11
1153.855089
 21
-508.401666
 31
0.0
  0
LINE
  5
A55
330
70
100
AcDbEntity
  8
Visible
100
AcDbLine
 10
1173.855089
 20
-511.401666
 30
0.0
 11
1153.855089
 21
-511.401666
 31
0.0
  0
LINE
  5
A56
330
70
100
AcDbEntity
  8
Visible
100
AcDbLine
 10
1173.855089
 20
-508.401666
 30
0.0
 11
1173.855089
 21
-511.401666
 31
0.0
  0
LINE
  5
A57
330
70
100
AcDbEntity
  8
Visible
100
AcDbLine
 10
1153.855089
 20
-145.401666
 30
0.0
 11
1173.855089
 21
-145.401666
 31
0.0
  0
LINE
  5
A58
330
70
100
AcDbEntity
  8
Visible
100
AcDbLine
 10
1153.855089
 20
-148.401666
 30
0.0
 11
1153.855089
 21
-145.401666
 31
0.0
  0
LINE
  5
A59
330
70
100
AcDbEntity
  8
Visible
100
AcDbLine
 10
1173.855089
 20
-148.401666
 30
0.0
 11
1153.855089
 21
-148.401666
 31
0.0
  0
LINE
  5
A5A
330
70
100
AcDbEntity
  8
Visible
100
AcDbLine
 10
1173.855089
 20
-145.401666
 30
0.0
 11
1173.855089
 21
-148.401666
 31
0.0
  0
LINE
  5
A5B
330
70
100
AcDbEntity
  8
Visible
100
AcDbLine
 10
1148.855089
 20
-422.901666
 30
0.0
 11
1148.855089
 21
-482.901666
 31
0.0
  0
LINE
  5
A5C
330
70
100
AcDbEntity
  8
Visible
100
AcDbLine
 10
1142.855089
 20
-422.901666
 30
0.0
 11
1148.855089
 21
-422.901666
 31
0.0
  0
LINE
  5
A5D
330
70
100
AcDbEntity
  8
Visible
100
AcDbLine
 10
1142.855089
 20
-417.901666
 30
0.0
 11
1142.855089
 21
-422.901666
 31
0.0
  0
LINE
  5
A5E
330
70
100
AcDbEntity
  8
Visible
100
AcDbLine
 10
1133.855089
 20
-417.901666
 30
0.0
 11
1142.855089
 21
-417.901666
 31
0.0
  0
LINE
  5
A5F
330
70
100
AcDbEntity
  8
Visible
100
AcDbLine
 10
1133.855089
 20
-367.901666
 30
0.0
 11
1133.855089
 21
-417.901666
 31
0.0
  0
LINE
  5
A60
330
70
100
AcDbEntity
  8
Visible
100
AcDbLine
 10
1142.855089
 20
-367.901666
 30
0.0
 11
1133.855089
 21
-367.901666
 31
0.0
  0
LINE
  5
A61
330
70
100
AcDbEntity
  8
Visible
100
AcDbLine
 10
1142.855089
 20
-362.901666
 30
0.0
 11
1142.855089
 21
-367.901666
 31
0.0
  0
LINE
  5
A62
330
70
100
AcDbEntity
  8
Visible
100
AcDbLine
 10
1148.855089
 20
-362.901666
 30
0.0
 11
1142.855089
 21
-362.901666
 31
0.0
  0
LINE
  5
A63
330
70
100
AcDbEntity
  8
Visible
100
AcDbLine
 10
1148.855089
 20
-302.901666
 30
0.0
 11
1148.855089
 21
-362.901666
 31
0.0
  0
LINE
  5
A64
330
70
100
AcDbEntity
  8
Visible
100
AcDbLine
 10
1142.855089
 20
-302.901666
 30
0.0
 11
1148.855089
 21
-302.901666
 31
0.0
  0
LINE
  5
A65
330
70
100
AcDbEntity
  8
Visible
100
AcDbLine
 10
1142.855089
 20
-297.901666
 30
0.0
 11
1142.855089
 21
-302.901666
 31
0.0
  0
LINE
  5
A66
330
70
100
AcDbEntity
  8
Visible
100
AcDbLine
 10
1133.855089
 20
-297.901666
 30
0.0
 11
1142.855089
 21
-297.901666
 31
0.0
  0
LINE
  5
A67
330
70
100
AcDbEntity
  8
Visible
100
AcDbLine
 10
1133.855089
 20
-247.901666
 30
0.0
 11
1133.855089
 21
-297.901666
 31
0.0
  0
LINE
  5
A68
330
70
100
AcDbEntity
  8
Visible
100
AcDbLine
 10
1142.855089
 20
-247.901666
 30
0.0
 11
1133.855089
 21
-247.901666
 31
0.0
  0
LINE
  5
A69
330
70
100
AcDbEntity
  8
Visible
100
AcDbLine
 10
1142.855089
 20
-242.901666
 30
0.0
 11
1142.855089
 21
-247.901666
 31
0.0
  0
LINE
  5
A6A
330
70
100
AcDbEntity
  8
Visible
100
AcDbLine
 10
1148.855089
 20
-242.901666
 30
0.0
 11
1142.855089
 21
-242.901666
 31
0.0
  0
LINE
  5
A6B
330
70
100
AcDbEntity
  8
Visible
100
AcDbLine
 10
1148.855089
 20
-182.901666
 30
0.0
 11
1148.855089
 21
-242.901666
 31
0.0
  0
LINE
  5
A6C
330
70
100
AcDbEntity
  8
Visible
100
AcDbLine
 10
1142.855089
 20
-182.901666
 30
0.0
 11
1148.855089
 21
-182.901666
 31
0.0
  0
LINE
  5
A6D
330
70
100
AcDbEntity
  8
Visible
100
AcDbLine
 10
1142.855089
 20
-177.901666
 30
0.0
 11
1142.855089
 21
-182.901666
 31
0.0
  0
LINE
  5
A6E
330
70
100
AcDbEntity
  8
Visible
100
AcDbLine
 10
1133.855089
 20
-177.901666
 30
0.0
 11
1142.855089
 21
-177.901666
 31
0.0
  0
LINE
  5
A6F
330
70
100
AcDbEntity
  8
Visible
100
AcDbLine
 10
1133.855089
 20
-127.901666
 30
0.0
 11
1133.855089
 21
-177.901666
 31
0.0
  0
LINE
  5
A70
330
70
100
AcDbEntity
  8
Visible
100
AcDbLine
 10
1142.855089
 20
-127.901666
 30
0.0
 11
1133.855089
 21
-127.901666
 31
0.0
  0
LINE
  5
A71
330
70
100
AcDbEntity
  8
Visible
100
AcDbLine
 10
1142.855089
 20
-122.901666
 30
0.0
 11
1142.855089
 21
-127.901666
 31
0.0
  0
LINE
  5
A72
330
70
100
AcDbEntity
  8
Visible
100
AcDbLine
 10
1148.855089
 20
-122.901666
 30
0.0
 11
1142.855089
 21
-122.901666
 31
0.0
  0
LINE
  5
A73
330
70
100
AcDbEntity
  8
Visible
100
AcDbLine
 10
1148.855089
 20
-62.901666
 30
0.0
 11
1148.855089
 21
-122.901666
 31
0.0
  0
LINE
  5
A74
330
70
100
AcDbEntity
  8
Visible
100
AcDbLine
 10
1142.855089
 20
-62.901666
 30
0.0
 11
1148.855089
 21
-62.901666
 31
0.0
  0
LINE
  5
A75
330
70
100
AcDbEntity
  8
Visible
100
AcDbLine
 10
1142.855089
 20
-57.901666
 30
0.0
 11
1142.855089
 21
-62.901666
 31
0.0
  0
LINE
  5
A76
330
70
100
AcDbEntity
  8
Visible
100
AcDbLine
 10
1133.855089
 20
-57.901666
 30
0.0
 11
1142.855089
 21
-57.901666
 31
0.0
  0
LINE
  5
A77
330
70
100
AcDbEntity
  8
Visible
100
AcDbLine
 10
1133.855089
 20
-7.901666
 30
0.0
 11
1133.855089
 21
-57.901666
 31
0.0
  0
LINE
  5
A78
330
70
100
AcDbEntity
  8
Visible
100
AcDbLine
 10
1142.855089
 20
-7.901666
 30
0.0
 11
1133.855089
 21
-7.901666
 31
0.0
  0
LINE
  5
A79
330
70
100
AcDbEntity
  8
Visible
100
AcDbLine
 10
1142.855089
 20
-2.901666
 30
0.0
 11
1142.855089
 21
-7.901666
 31
0.0
  0
LINE
  5
A7A
330
70
100
AcDbEntity
  8
Visible
100
AcDbLine
 10
1148.855089
 20
-2.901666
 30
0.0
 11
1142.855089
 21
-2.901666
 31
0.0
  0
LINE
  5
A7B
330
70
100
AcDbEntity
  8
Visible
100
AcDbLine
 10
1148.855089
 20
57.098334
 30
0.0
 11
1148.855089
 21
-2.901666
 31
0.0
  0
LINE
  5
A7C
330
70
100
AcDbEntity
  8
Visible
100
AcDbLine
 10
1142.855089
 20
57.098334
 30
0.0
 11
1148.855089
 21
57.098334
 31
0.0
  0
LINE
  5
A7D
330
70
100
AcDbEntity
  8
Visible
100
AcDbLine
 10
1142.855089
 20
62.098334
 30
0.0
 11
1142.855089
 21
57.098334
 31
0.0
  0
LINE
  5
A7E
330
70
100
AcDbEntity
  8
Visible
100
AcDbLine
 10
1133.855089
 20
62.098334
 30
0.0
 11
1142.855089
 21
62.098334
 31
0.0
  0
LINE
  5
A7F
330
70
100
AcDbEntity
  8
Visible
100
AcDbLine
 10
1133.855089
 20
112.098334
 30
0.0
 11
1133.855089
 21
62.098334
 31
0.0
  0
LINE
  5
A80
330
70
100
AcDbEntity
  8
Visible
100
AcDbLine
 10
1142.855089
 20
112.098334
 30
0.0
 11
1133.855089
 21
112.098334
 31
0.0
  0
LINE
  5
A81
330
70
100
AcDbEntity
  8
Visible
100
AcDbLine
 10
1142.855089
 20
117.098334
 30
0.0
 11
1142.855089
 21
112.098334
 31
0.0
  0
LINE
  5
A82
330
70
100
AcDbEntity
  8
Visible
100
AcDbLine
 10
1155.855089
 20
117.098334
 30
0.0
 11
1142.855089
 21
117.098334
 31
0.0
  0
LINE
  5
A83
330
70
100
AcDbEntity
  8
Visible
100
AcDbLine
 10
1155.855089
 20
123.098334
 30
0.0
 11
1155.855089
 21
117.098334
 31
0.0
  0
LINE
  5
A84
330
70
100
AcDbEntity
  8
Visible
100
AcDbLine
 10
1162.855089
 20
123.098334
 30
0.0
 11
1155.855089
 21
123.098334
 31
0.0
  0
LINE
  5
A85
330
70
100
AcDbEntity
  8
Visible
100
AcDbLine
 10
1162.855089
 20
117.098334
 30
0.0
 11
1162.855089
 21
123.098334
 31
0.0
  0
LINE
  5
A86
330
70
100
AcDbEntity
  8
Visible
100
AcDbLine
 10
1169.855089
 20
117.098334
 30
0.0
 11
1162.855089
 21
117.098334
 31
0.0
  0
LINE
  5
A87
330
70
100
AcDbEntity
  8
Visible
100
AcDbLine
 10
1169.855089
 20
123.098334
 30
0.0
 11
1169.855089
 21
117.098334
 31
0.0
  0
LINE
  5
A88
330
70
100
AcDbEntity
  8
Visible
100
AcDbLine
 10
1176.855089
 20
123.098334
 30
0.0
 11
1169.855089
 21
123.098334
 31
0.0
  0
LINE
  5
A89
330
70
100
AcDbEntity
  8
Visible
100
AcDbLine
 10
1176.855089
 20
117.098334
 30
0.0
 11
1176.855089
 21
123.098334
 31
0.0
  0
LINE
  5
A8A
330
70
100
AcDbEntity
  8
Visible
100
AcDbLine
 10
1183.855089
 20
117.098334
 30
0.0
 11
1176.855089
 21
117.098334
 31
0.0
  0
LINE
  5
A8B
330
70
100
AcDbEntity
  8
Visible
100
AcDbLine
 10
1183.855089
 20
-542.901666
 30
0.0
 11
1183.855089
 21
117.098334
 31
0.0
  0
LINE
  5
A8C
330
70
100
AcDbEntity
  8
Visible
100
AcDbLine
 10
1176.855089
 20
-542.901666
 30
0.0
 11
1183.855089
 21
-542.901666
 31
0.0
  0
LINE
  5
A8D
330
70
100
AcDbEntity
  8
Visible
100
AcDbLine
 10
1176.855089
 20
-548.901666
 30
0.0
 11
1176.855089
 21
-542.901666
 31
0.0
  0
LINE
  5
A8E
330
70
100
AcDbEntity
  8
Visible
100
AcDbLine
 10
1169.855089
 20
-548.901666
 30
0.0
 11
1176.855089
 21
-548.901666
 31
0.0
  0
LINE
  5
A8F
330
70
100
AcDbEntity
  8
Visible
100
AcDbLine
 10
1169.855089
 20
-542.901666
 30
0.0
 11
1169.855089
 21
-548.901666
 31
0.0
  0
LINE
  5
A90
330
70
100
AcDbEntity
  8
Visible
100
AcDbLine
 10
1162.855089
 20
-542.901666
 30
0.0
 11
1169.855089
 21
-542.901666
 31
0.0
  0
LINE
  5
A91
330
70
100
AcDbEntity
  8
Visible
100
AcDbLine
 10
1162.855089
 20
-548.901666
 30
0.0
 11
1162.855089
 21
-542.901666
 31
0.0
  0
LINE
  5
A92
330
70
100
AcDbEntity
  8
Visible
100
AcDbLine
 10
1155.855089
 20
-548.901666
 30
0.0
 11
1162.855089
 21
-548.901666
 31
0.0
  0
LINE
  5
A93
330
70
100
AcDbEntity
  8
Visible
100
AcDbLine
 10
1155.855089
 20
-542.901666
 30
0.0
 11
1155.855089
 21
-548.901666
 31
0.0
  0
LINE
  5
A94
330
70
100
AcDbEntity
  8
Visible
100
AcDbLine
 10
1142.855089
 20
-542.901666
 30
0.0
 11
1155.855089
 21
-542.901666
 31
0.0
  0
LINE
  5
A95
330
70
100
AcDbEntity
  8
Visible
100
AcDbLine
 10
1142.855089
 20
-537.901666
 30
0.0
 11
1142.855089
 21
-542.901666
 31
0.0
  0
LINE
  5
A96
330
70
100
AcDbEntity
  8
Visible
100
AcDbLine
 10
1133.855089
 20
-537.901666
 30
0.0
 11
1142.855089
 21
-537.901666
 31
0.0
  0
LINE
  5
A97
330
70
100
AcDbEntity
  8
Visible
100
AcDbLine
 10
1133.855089
 20
-487.901666
 30
0.0
 11
1133.855089
 21
-537.901666
 31
0.0
  0
LINE
  5
A98
330
70
100
AcDbEntity
  8
Visible
100
AcDbLine
 10
1142.855089
 20
-487.901666
 30
0.0
 11
1133.855089
 21
-487.901666
 31
0.0
  0
LINE
  5
A99
330
70
100
AcDbEntity
  8
Visible
100
AcDbLine
 10
1142.855089
 20
-482.901666
 30
0.0
 11
1142.855089
 21
-487.901666
 31
0.0
  0
LINE
  5
A9A
330
70
100
AcDbEntity
  8
Visible
100
AcDbLine
 10
1148.855089
 20
-482.901666
 30
0.0
 11
1142.855089
 21
-482.901666
 31
0.0
  0
CIRCLE
  5
A9B
330
70
100
AcDbEntity
  8
Visible
100
AcDbCircle
 10
-1463.032723
 20
-223.539354
 30
0.0
 40
8.87579729970497
210
0.0
220
0.0
230
-1.0
  0
LINE
  5
A9C
330
70
100
AcDbEntity
  8
Visible
100
AcDbLine
 10
1470.532723
 20
-372.039354
 30
0.0
 11
1470.532723
 21
-375.039354
 31
0.0
  0
LINE
  5
A9D
330
70
100
AcDbEntity
  8
Visible
100
AcDbLine
 10
1450.532723
 20
-372.039354
 30
0.0
 11
1470.532723
 21
-372.039354
 31
0.0
  0
LINE
  5
A9E
330
70
100
AcDbEntity
  8
Visible
100
AcDbLine
 10
1450.532723
 20
-375.039354
 30
0.0
 11
1450.532723
 21
-372.039354
 31
0.0
  0
LINE
  5
A9F
330
70
100
AcDbEntity
  8
Visible
100
AcDbLine
 10
1470.532723
 20
-375.039354
 30
0.0
 11
1450.532723
 21
-375.039354
 31
0.0
  0
LINE
  5
AA0
330
70
100
AcDbEntity
  8
Visible
100
AcDbLine
 10
1470.532723
 20
-441.039354
 30
0.0
 11
1450.532723
 21
-441.039354
 31
0.0
  0
LINE
  5
AA1
330
70
100
AcDbEntity
  8
Visible
100
AcDbLine
 10
1470.532723
 20
-438.039354
 30
0.0
 11
1470.532723
 21
-441.039354
 31
0.0
  0
LINE
  5
AA2
330
70
100
AcDbEntity
  8
Visible
100
AcDbLine
 10
1450.532723
 20
-438.039354
 30
0.0
 11
1470.532723
 21
-438.039354
 31
0.0
  0
LINE
  5
AA3
330
70
100
AcDbEntity
  8
Visible
100
AcDbLine
 10
1450.532723
 20
-441.039354
 30
0.0
 11
1450.532723
 21
-438.039354
 31
0.0
  0
LINE
  5
AA4
330
70
100
AcDbEntity
  8
Visible
100
AcDbLine
 10
1470.532723
 20
-507.039354
 30
0.0
 11
1450.532723
 21
-507.039354
 31
0.0
  0
LINE
  5
AA5
330
70
100
AcDbEntity
  8
Visible
100
AcDbLine
 10
1470.532723
 20
-504.039354
 30
0.0
 11
1470.532723
 21
-507.039354
 31
0.0
  0
LINE
  5
AA6
330
70
100
AcDbEntity
  8
Visible
100
AcDbLine
 10
1450.532723
 20
-504.039354
 30
0.0
 11
1470.532723
 21
-504.039354
 31
0.0
  0
LINE
  5
AA7
330
70
100
AcDbEntity
  8
Visible
100
AcDbLine
 10
1450.532723
 20
-507.039354
 30
0.0
 11
1450.532723
 21
-504.039354
 31
0.0
  0
LINE
  5
AA8
330
70
100
AcDbEntity
  8
Visible
100
AcDbLine
 10
1470.532723
 20
-408.039354
 30
0.0
 11
1450.532723
 21
-408.039354
 31
0.0
  0
LINE
  5
AA9
330
70
100
AcDbEntity
  8
Visible
100
AcDbLine
 10
1470.532723
 20
-405.039354
 30
0.0
 11
1470.532723
 21
-408.039354
 31
0.0
  0
LINE
  5
AAA
330
70
100
AcDbEntity
  8
Visible
100
AcDbLine
 10
1450.532723
 20
-405.039354
 30
0.0
 11
1470.532723
 21
-405.039354
 31
0.0
  0
LINE
  5
AAB
330
70
100
AcDbEntity
  8
Visible
100
AcDbLine
 10
1450.532723
 20
-408.039354
 30
0.0
 11
1450.532723
 21
-405.039354
 31
0.0
  0
LINE
  5
AAC
330
70
100
AcDbEntity
  8
Visible
100
AcDbLine
 10
1470.532723
 20
-276.039354
 30
0.0
 11
1450.532723
 21
-276.039354
 31
0.0
  0
LINE
  5
AAD
330
70
100
AcDbEntity
  8
Visible
100
AcDbLine
 10
1470.532723
 20
-273.039354
 30
0.0
 11
1470.532723
 21
-276.039354
 31
0.0
  0
LINE
  5
AAE
330
70
100
AcDbEntity
  8
Visible
100
AcDbLine
 10
1450.532723
 20
-273.039354
 30
0.0
 11
1470.532723
 21
-273.039354
 31
0.0
  0
LINE
  5
AAF
330
70
100
AcDbEntity
  8
Visible
100
AcDbLine
 10
1450.532723
 20
-276.039354
 30
0.0
 11
1450.532723
 21
-273.039354
 31
0.0
  0
LINE
  5
AB0
330
70
100
AcDbEntity
  8
Visible
100
AcDbLine
 10
1470.532723
 20
-243.039354
 30
0.0
 11
1450.532723
 21
-243.039354
 31
0.0
  0
LINE
  5
AB1
330
70
100
AcDbEntity
  8
Visible
100
AcDbLine
 10
1470.532723
 20
-240.039354
 30
0.0
 11
1470.532723
 21
-243.039354
 31
0.0
  0
LINE
  5
AB2
330
70
100
AcDbEntity
  8
Visible
100
AcDbLine
 10
1450.532723
 20
-240.039354
 30
0.0
 11
1470.532723
 21
-240.039354
 31
0.0
  0
LINE
  5
AB3
330
70
100
AcDbEntity
  8
Visible
100
AcDbLine
 10
1450.532723
 20
-243.039354
 30
0.0
 11
1450.532723
 21
-240.039354
 31
0.0
  0
LINE
  5
AB4
330
70
100
AcDbEntity
  8
Visible
100
AcDbLine
 10
1450.532723
 20
-471.039354
 30
0.0
 11
1470.532723
 21
-471.039354
 31
0.0
  0
LINE
  5
AB5
330
70
100
AcDbEntity
  8
Visible
100
AcDbLine
 10
1450.532723
 20
-474.039354
 30
0.0
 11
1450.532723
 21
-471.039354
 31
0.0
  0
LINE
  5
AB6
330
70
100
AcDbEntity
  8
Visible
100
AcDbLine
 10
1470.532723
 20
-474.039354
 30
0.0
 11
1450.532723
 21
-474.039354
 31
0.0
  0
LINE
  5
AB7
330
70
100
AcDbEntity
  8
Visible
100
AcDbLine
 10
1470.532723
 20
-471.039354
 30
0.0
 11
1470.532723
 21
-474.039354
 31
0.0
  0
LINE
  5
AB8
330
70
100
AcDbEntity
  8
Visible
100
AcDbLine
 10
1470.532723
 20
-306.039354
 30
0.0
 11
1470.532723
 21
-309.039354
 31
0.0
  0
LINE
  5
AB9
330
70
100
AcDbEntity
  8
Visible
100
AcDbLine
 10
1450.532723
 20
-306.039354
 30
0.0
 11
1470.532723
 21
-306.039354
 31
0.0
  0
LINE
  5
ABA
330
70
100
AcDbEntity
  8
Visible
100
AcDbLine
 10
1450.532723
 20
-309.039354
 30
0.0
 11
1450.532723
 21
-306.039354
 31
0.0
  0
LINE
  5
ABB
330
70
100
AcDbEntity
  8
Visible
100
AcDbLine
 10
1470.532723
 20
-309.039354
 30
0.0
 11
1450.532723
 21
-309.039354
 31
0.0
  0
LINE
  5
ABC
330
70
100
AcDbEntity
  8
Visible
100
AcDbLine
 10
1450.532723
 20
-339.039354
 30
0.0
 11
1470.532723
 21
-339.039354
 31
0.0
  0
LINE
  5
ABD
330
70
100
AcDbEntity
  8
Visible
100
AcDbLine
 10
1450.532723
 20
-342.039354
 30
0.0
 11
1450.532723
 21
-339.039354
 31
0.0
  0
LINE
  5
ABE
330
70
100
AcDbEntity
  8
Visible
100
AcDbLine
 10
1470.532723
 20
-342.039354
 30
0.0
 11
1450.532723
 21
-342.039354
 31
0.0
  0
LINE
  5
ABF
330
70
100
AcDbEntity
  8
Visible
100
AcDbLine
 10
1470.532723
 20
-339.039354
 30
0.0
 11
1470.532723
 21
-342.039354
 31
0.0
  0
LINE
  5
AC0
330
70
100
AcDbEntity
  8
Visible
100
AcDbLine
 10
1445.532723
 20
-202.539354
 30
0.0
 11
1445.532723
 21
-208.539354
 31
0.0
  0
LINE
  5
AC1
330
70
100
AcDbEntity
  8
Visible
100
AcDbLine
 10
1452.532723
 20
-202.539354
 30
0.0
 11
1445.532723
 21
-202.539354
 31
0.0
  0
LINE
  5
AC2
330
70
100
AcDbEntity
  8
Visible
100
AcDbLine
 10
1452.532723
 20
-208.539354
 30
0.0
 11
1452.532723
 21
-202.539354
 31
0.0
  0
LINE
  5
AC3
330
70
100
AcDbEntity
  8
Visible
100
AcDbLine
 10
1459.532723
 20
-208.539354
 30
0.0
 11
1452.532723
 21
-208.539354
 31
0.0
  0
LINE
  5
AC4
330
70
100
AcDbEntity
  8
Visible
100
AcDbLine
 10
1459.532723
 20
-202.539354
 30
0.0
 11
1459.532723
 21
-208.539354
 31
0.0
  0
LINE
  5
AC5
330
70
100
AcDbEntity
  8
Visible
100
AcDbLine
 10
1466.532723
 20
-202.539354
 30
0.0
 11
1459.532723
 21
-202.539354
 31
0.0
  0
LINE
  5
AC6
330
70
100
AcDbEntity
  8
Visible
100
AcDbLine
 10
1466.532723
 20
-208.539354
 30
0.0
 11
1466.532723
 21
-202.539354
 31
0.0
  0
LINE
  5
AC7
330
70
100
AcDbEntity
  8
Visible
100
AcDbLine
 10
1473.532723
 20
-208.539354
 30
0.0
 11
1466.532723
 21
-208.539354
 31
0.0
  0
LINE
  5
AC8
330
70
100
AcDbEntity
  8
Visible
100
AcDbLine
 10
1473.532723
 20
-202.539354
 30
0.0
 11
1473.532723
 21
-208.539354
 31
0.0
  0
LINE
  5
AC9
330
70
100
AcDbEntity
  8
Visible
100
AcDbLine
 10
1480.532723
 20
-202.539354
 30
0.0
 11
1473.532723
 21
-202.539354
 31
0.0
  0
LINE
  5
ACA
330
70
100
AcDbEntity
  8
Visible
100
AcDbLine
 10
1480.532723
 20
-544.539354
 30
0.0
 11
1480.532723
 21
-202.539354
 31
0.0
  0
LINE
  5
ACB
330
70
100
AcDbEntity
  8
Visible
100
AcDbLine
 10
1473.532723
 20
-544.539354
 30
0.0
 11
1480.532723
 21
-544.539354
 31
0.0
  0
LINE
  5
ACC
330
70
100
AcDbEntity
  8
Visible
100
AcDbLine
 10
1473.532723
 20
-538.539354
 30
0.0
 11
1473.532723
 21
-544.539354
 31
0.0
  0
LINE
  5
ACD
330
70
100
AcDbEntity
  8
Visible
100
AcDbLine
 10
1466.532723
 20
-538.539354
 30
0.0
 11
1473.532723
 21
-538.539354
 31
0.0
  0
LINE
  5
ACE
330
70
100
AcDbEntity
  8
Visible
100
AcDbLine
 10
1466.532723
 20
-544.539354
 30
0.0
 11
1466.532723
 21
-538.539354
 31
0.0
  0
LINE
  5
ACF
330
70
100
AcDbEntity
  8
Visible
100
AcDbLine
 10
1459.532723
 20
-544.539354
 30
0.0
 11
1466.532723
 21
-544.539354
 31
0.0
  0
LINE
  5
AD0
330
70
100
AcDbEntity
  8
Visible
100
AcDbLine
 10
1459.532723
 20
-538.539354
 30
0.0
 11
1459.532723
 21
-544.539354
 31
0.0
  0
LINE
  5
AD1
330
70
100
AcDbEntity
  8
Visible
100
AcDbLine
 10
1452.532723
 20
-538.539354
 30
0.0
 11
1459.532723
 21
-538.539354
 31
0.0
  0
LINE
  5
AD2
330
70
100
AcDbEntity
  8
Visible
100
AcDbLine
 10
1452.532723
 20
-544.539354
 30
0.0
 11
1452.532723
 21
-538.539354
 31
0.0
  0
LINE
  5
AD3
330
70
100
AcDbEntity
  8
Visible
100
AcDbLine
 10
1445.532723
 20
-544.539354
 30
0.0
 11
1452.532723
 21
-544.539354
 31
0.0
  0
LINE
  5
AD4
330
70
100
AcDbEntity
  8
Visible
100
AcDbLine
 10
1445.532723
 20
-538.539354
 30
0.0
 11
1445.532723
 21
-544.539354
 31
0.0
  0
LINE
  5
AD5
330
70
100
AcDbEntity
  8
Visible
100
AcDbLine
 10
1439.532723
 20
-538.539354
 30
0.0
 11
1445.532723
 21
-538.539354
 31
0.0
  0
LINE
  5
AD6
330
70
100
AcDbEntity
  8
Visible
100
AcDbLine
 10
1439.532723
 20
-533.539354
 30
0.0
 11
1439.532723
 21
-538.539354
 31
0.0
  0
LINE
  5
AD7
330
70
100
AcDbEntity
  8
Visible
100
AcDbLine
 10
1430.532723
 20
-533.539354
 30
0.0
 11
1439.532723
 21
-533.539354
 31
0.0
  0
LINE
  5
AD8
330
70
100
AcDbEntity
  8
Visible
100
AcDbLine
 10
1430.532723
 20
-513.539354
 30
0.0
 11
1430.532723
 21
-533.539354
 31
0.0
  0
LINE
  5
AD9
330
70
100
AcDbEntity
  8
Visible
100
AcDbLine
 10
1439.532723
 20
-513.539354
 30
0.0
 11
1430.532723
 21
-513.539354
 31
0.0
  0
LINE
  5
ADA
330
70
100
AcDbEntity
  8
Visible
100
AcDbLine
 10
1439.532723
 20
-508.539354
 30
0.0
 11
1439.532723
 21
-513.539354
 31
0.0
  0
LINE
  5
ADB
330
70
100
AcDbEntity
  8
Visible
100
AcDbLine
 10
1445.532723
 20
-508.539354
 30
0.0
 11
1439.532723
 21
-508.539354
 31
0.0
  0
LINE
  5
ADC
330
70
100
AcDbEntity
  8
Visible
100
AcDbLine
 10
1445.532723
 20
-478.539354
 30
0.0
 11
1445.532723
 21
-508.539354
 31
0.0
  0
LINE
  5
ADD
330
70
100
AcDbEntity
  8
Visible
100
AcDbLine
 10
1439.532723
 20
-478.539354
 30
0.0
 11
1445.532723
 21
-478.539354
 31
0.0
  0
LINE
  5
ADE
330
70
100
AcDbEntity
  8
Visible
100
AcDbLine
 10
1439.532723
 20
-473.539354
 30
0.0
 11
1439.532723
 21
-478.539354
 31
0.0
  0
LINE
  5
ADF
330
70
100
AcDbEntity
  8
Visible
100
AcDbLine
 10
1430.532723
 20
-473.539354
 30
0.0
 11
1439.532723
 21
-473.539354
 31
0.0
  0
LINE
  5
AE0
330
70
100
AcDbEntity
  8
Visible
100
AcDbLine
 10
1430.532723
 20
-453.539354
 30
0.0
 11
1430.532723
 21
-473.539354
 31
0.0
  0
LINE
  5
AE1
330
70
100
AcDbEntity
  8
Visible
100
AcDbLine
 10
1439.532723
 20
-453.539354
 30
0.0
 11
1430.532723
 21
-453.539354
 31
0.0
  0
LINE
  5
AE2
330
70
100
AcDbEntity
  8
Visible
100
AcDbLine
 10
1439.532723
 20
-448.539354
 30
0.0
 11
1439.532723
 21
-453.539354
 31
0.0
  0
LINE
  5
AE3
330
70
100
AcDbEntity
  8
Visible
100
AcDbLine
 10
1445.532723
 20
-448.539354
 30
0.0
 11
1439.532723
 21
-448.539354
 31
0.0
  0
LINE
  5
AE4
330
70
100
AcDbEntity
  8
Visible
100
AcDbLine
 10
1445.532723
 20
-418.539354
 30
0.0
 11
1445.532723
 21
-448.539354
 31
0.0
  0
LINE
  5
AE5
330
70
100
AcDbEntity
  8
Visible
100
AcDbLine
 10
1439.532723
 20
-418.539354
 30
0.0
 11
1445.532723
 21
-418.539354
 31
0.0
  0
LINE
  5
AE6
330
70
100
AcDbEntity
  8
Visible
100
AcDbLine
 10
1439.532723
 20
-413.539354
 30
0.0
 11
1439.532723
 21
-418.539354
 31
0.0
  0
LINE
  5
AE7
330
70
100
AcDbEntity
  8
Visible
100
AcDbLine
 10
1430.532723
 20
-413.539354
 30
0.0
 11
1439.532723
 21
-413.539354
 31
0.0
  0
LINE
  5
AE8
330
70
100
AcDbEntity
  8
Visible
100
AcDbLine
 10
1430.532723
 20
-393.539354
 30
0.0
 11
1430.532723
 21
-413.539354
 31
0.0
  0
LINE
  5
AE9
330
70
100
AcDbEntity
  8
Visible
100
AcDbLine
 10
1439.532723
 20
-393.539354
 30
0.0
 11
1430.532723
 21
-393.539354
 31
0.0
  0
LINE
  5
AEA
330
70
100
AcDbEntity
  8
Visible
100
AcDbLine
 10
1439.532723
 20
-388.539354
 30
0.0
 11
1439.532723
 21
-393.539354
 31
0.0
  0
LINE
  5
AEB
330
70
100
AcDbEntity
  8
Visible
100
AcDbLine
 10
1445.532723
 20
-388.539354
 30
0.0
 11
1439.532723
 21
-388.539354
 31
0.0
  0
LINE
  5
AEC
330
70
100
AcDbEntity
  8
Visible
100
AcDbLine
 10
1445.532723
 20
-358.539354
 30
0.0
 11
1445.532723
 21
-388.539354
 31
0.0
  0
LINE
  5
AED
330
70
100
AcDbEntity
  8
Visible
100
AcDbLine
 10
1439.532723
 20
-358.539354
 30
0.0
 11
1445.532723
 21
-358.539354
 31
0.0
  0
LINE
  5
AEE
330
70
100
AcDbEntity
  8
Visible
100
AcDbLine
 10
1439.532723
 20
-353.539354
 30
0.0
 11
1439.532723
 21
-358.539354
 31
0.0
  0
LINE
  5
AEF
330
70
100
AcDbEntity
  8
Visible
100
AcDbLine
 10
1430.532723
 20
-353.539354
 30
0.0
 11
1439.532723
 21
-353.539354
 31
0.0
  0
LINE
  5
AF0
330
70
100
AcDbEntity
  8
Visible
100
AcDbLine
 10
1430.532723
 20
-333.539354
 30
0.0
 11
1430.532723
 21
-353.539354
 31
0.0
  0
LINE
  5
AF1
330
70
100
AcDbEntity
  8
Visible
100
AcDbLine
 10
1439.532723
 20
-333.539354
 30
0.0
 11
1430.532723
 21
-333.539354
 31
0.0
  0
LINE
  5
AF2
330
70
100
AcDbEntity
  8
Visible
100
AcDbLine
 10
1439.532723
 20
-328.539354
 30
0.0
 11
1439.532723
 21
-333.539354
 31
0.0
  0
LINE
  5
AF3
330
70
100
AcDbEntity
  8
Visible
100
AcDbLine
 10
1445.532723
 20
-328.539354
 30
0.0
 11
1439.532723
 21
-328.539354
 31
0.0
  0
LINE
  5
AF4
330
70
100
AcDbEntity
  8
Visible
100
AcDbLine
 10
1445.532723
 20
-298.539354
 30
0.0
 11
1445.532723
 21
-328.539354
 31
0.0
  0
LINE
  5
AF5
330
70
100
AcDbEntity
  8
Visible
100
AcDbLine
 10
1439.532723
 20
-298.539354
 30
0.0
 11
1445.532723
 21
-298.539354
 31
0.0
  0
LINE
  5
AF6
330
70
100
AcDbEntity
  8
Visible
100
AcDbLine
 10
1439.532723
 20
-293.539354
 30
0.0
 11
1439.532723
 21
-298.539354
 31
0.0
  0
LINE
  5
AF7
330
70
100
AcDbEntity
  8
Visible
100
AcDbLine
 10
1430.532723
 20
-293.539354
 30
0.0
 11
1439.532723
 21
-293.539354
 31
0.0
  0
LINE
  5
AF8
330
70
100
AcDbEntity
  8
Visible
100
AcDbLine
 10
1430.532723
 20
-273.539354
 30
0.0
 11
1430.532723
 21
-293.539354
 31
0.0
  0
LINE
  5
AF9
330
70
100
AcDbEntity
  8
Visible
100
AcDbLine
 10
1439.532723
 20
-273.539354
 30
0.0
 11
1430.532723
 21
-273.539354
 31
0.0
  0
LINE
  5
AFA
330
70
100
AcDbEntity
  8
Visible
100
AcDbLine
 10
1439.532723
 20
-268.539354
 30
0.0
 11
1439.532723
 21
-273.539354
 31
0.0
  0
LINE
  5
AFB
330
70
100
AcDbEntity
  8
Visible
100
AcDbLine
 10
1445.532723
 20
-268.539354
 30
0.0
 11
1439.532723
 21
-268.539354
 31
0.0
  0
LINE
  5
AFC
330
70
100
AcDbEntity
  8
Visible
100
AcDbLine
 10
1445.532723
 20
-238.539354
 30
0.0
 11
1445.532723
 21
-268.539354
 31
0.0
  0
LINE
  5
AFD
330
70
100
AcDbEntity
  8
Visible
100
AcDbLine
 10
1439.532723
 20
-238.539354
 30
0.0
 11
1445.532723
 21
-238.539354
 31
0.0
  0
LINE
  5
AFE
330
70
100
AcDbEntity
  8
Visible
100
AcDbLine
 10
1439.532723
 20
-233.539354
 30
0.0
 11
1439.532723
 21
-238.539354
 31
0.0
  0
LINE
  5
AFF
330
70
100
AcDbEntity
  8
Visible
100
AcDbLine
 10
1430.532723
 20
-233.539354
 30
0.0
 11
1439.532723
 21
-233.539354
 31
0.0
  0
LINE
  5
B00
330
70
100
AcDbEntity
  8
Visible
100
AcDbLine
 10
1430.532723
 20
-213.539354
 30
0.0
 11
1430.532723
 21
-233.539354
 31
0.0
  0
LINE
  5
B01
330
70
100
AcDbEntity
  8
Visible
100
AcDbLine
 10
1439.532723
 20
-213.539354
 30
0.0
 11
1430.532723
 21
-213.539354
 31
0.0
  0
LINE
  5
B02
330
70
100
AcDbEntity
  8
Visible
100
AcDbLine
 10
1439.532723
 20
-208.539354
 30
0.0
 11
1439.532723
 21
-213.539354
 31
0.0
  0
LINE
  5
B03
330
70
100
AcDbEntity
  8
Visible
100
AcDbLine
 10
1445.532723
 20
-208.539354
 30
0.0
 11
1439.532723
 21
-208.539354
 31
0.0
  0
LINE
  5
B04
330
70
100
AcDbEntity
  8
Visible
100
AcDbLine
 10
1343.042711
 20
-1.664645
 30
0.0
 11
1363.042711
 21
-1.664645
 31
0.0
  0
LINE
  5
B05
330
70
100
AcDbEntity
  8
Visible
100
AcDbLine
 10
1343.042711
 20
-4.664645
 30
0.0
 11
1343.042711
 21
-1.664645
 31
0.0
  0
LINE
  5
B06
330
70
100
AcDbEntity
  8
Visible
100
AcDbLine
 10
1363.042711
 20
-4.664645
 30
0.0
 11
1343.042711
 21
-4.664645
 31
0.0
  0
LINE
  5
B07
330
70
100
AcDbEntity
  8
Visible
100
AcDbLine
 10
1363.042711
 20
-1.664645
 30
0.0
 11
1363.042711
 21
-4.664645
 31
0.0
  0
LINE
  5
B08
330
70
100
AcDbEntity
  8
Visible
100
AcDbLine
 10
1343.042711
 20
-136.664645
 30
0.0
 11
1343.042711
 21
-133.664645
 31
0.0
  0
LINE
  5
B09
330
70
100
AcDbEntity
  8
Visible
100
AcDbLine
 10
1363.042711
 20
-136.664645
 30
0.0
 11
1343.042711
 21
-136.664645
 31
0.0
  0
LINE
  5
B0A
330
70
100
AcDbEntity
  8
Visible
100
AcDbLine
 10
1363.042711
 20
-133.664645
 30
0.0
 11
1363.042711
 21
-136.664645
 31
0.0
  0
LINE
  5
B0B
330
70
100
AcDbEntity
  8
Visible
100
AcDbLine
 10
1343.042711
 20
-133.664645
 30
0.0
 11
1363.042711
 21
-133.664645
 31
0.0
  0
LINE
  5
B0C
330
70
100
AcDbEntity
  8
Visible
100
AcDbLine
 10
1363.042711
 20
-100.664645
 30
0.0
 11
1363.042711
 21
-103.664645
 31
0.0
  0
LINE
  5
B0D
330
70
100
AcDbEntity
  8
Visible
100
AcDbLine
 10
1343.042711
 20
-100.664645
 30
0.0
 11
1363.042711
 21
-100.664645
 31
0.0
  0
LINE
  5
B0E
330
70
100
AcDbEntity
  8
Visible
100
AcDbLine
 10
1343.042711
 20
-103.664645
 30
0.0
 11
1343.042711
 21
-100.664645
 31
0.0
  0
LINE
  5
B0F
330
70
100
AcDbEntity
  8
Visible
100
AcDbLine
 10
1363.042711
 20
-103.664645
 30
0.0
 11
1343.042711
 21
-103.664645
 31
0.0
  0
LINE
  5
B10
330
70
100
AcDbEntity
  8
Visible
100
AcDbLine
 10
1343.042711
 20
-463.664645
 30
0.0
 11
1363.042711
 21
-463.664645
 31
0.0
  0
LINE
  5
B11
330
70
100
AcDbEntity
  8
Visible
100
AcDbLine
 10
1343.042711
 20
-466.664645
 30
0.0
 11
1343.042711
 21
-463.664645
 31
0.0
  0
LINE
  5
B12
330
70
100
AcDbEntity
  8
Visible
100
AcDbLine
 10
1363.042711
 20
-466.664645
 30
0.0
 11
1343.042711
 21
-466.664645
 31
0.0
  0
LINE
  5
B13
330
70
100
AcDbEntity
  8
Visible
100
AcDbLine
 10
1363.042711
 20
-463.664645
 30
0.0
 11
1363.042711
 21
-466.664645
 31
0.0
  0
LINE
  5
B14
330
70
100
AcDbEntity
  8
Visible
100
AcDbLine
 10
1363.042711
 20
-169.664645
 30
0.0
 11
1343.042711
 21
-169.664645
 31
0.0
  0
LINE
  5
B15
330
70
100
AcDbEntity
  8
Visible
100
AcDbLine
 10
1363.042711
 20
-166.664645
 30
0.0
 11
1363.042711
 21
-169.664645
 31
0.0
  0
LINE
  5
B16
330
70
100
AcDbEntity
  8
Visible
100
AcDbLine
 10
1343.042711
 20
-166.664645
 30
0.0
 11
1363.042711
 21
-166.664645
 31
0.0
  0
LINE
  5
B17
330
70
100
AcDbEntity
  8
Visible
100
AcDbLine
 10
1343.042711
 20
-169.664645
 30
0.0
 11
1343.042711
 21
-166.664645
 31
0.0
  0
LINE
  5
B18
330
70
100
AcDbEntity
  8
Visible
100
AcDbLine
 10
1343.042711
 20
94.335355
 30
0.0
 11
1343.042711
 21
97.335355
 31
0.0
  0
LINE
  5
B19
330
70
100
AcDbEntity
  8
Visible
100
AcDbLine
 10
1363.042711
 20
94.335355
 30
0.0
 11
1343.042711
 21
94.335355
 31
0.0
  0
LINE
  5
B1A
330
70
100
AcDbEntity
  8
Visible
100
AcDbLine
 10
1363.042711
 20
97.335355
 30
0.0
 11
1363.042711
 21
94.335355
 31
0.0
  0
LINE
  5
B1B
330
70
100
AcDbEntity
  8
Visible
100
AcDbLine
 10
1343.042711
 20
97.335355
 30
0.0
 11
1363.042711
 21
97.335355
 31
0.0
  0
LINE
  5
B1C
330
70
100
AcDbEntity
  8
Visible
100
AcDbLine
 10
1343.042711
 20
-202.664645
 30
0.0
 11
1343.042711
 21
-199.664645
 31
0.0
  0
LINE
  5
B1D
330
70
100
AcDbEntity
  8
Visible
100
AcDbLine
 10
1363.042711
 20
-202.664645
 30
0.0
 11
1343.042711
 21
-202.664645
 31
0.0
  0
LINE
  5
B1E
330
70
100
AcDbEntity
  8
Visible
100
AcDbLine
 10
1363.042711
 20
-199.664645
 30
0.0
 11
1363.042711
 21
-202.664645
 31
0.0
  0
LINE
  5
B1F
330
70
100
AcDbEntity
  8
Visible
100
AcDbLine
 10
1343.042711
 20
-199.664645
 30
0.0
 11
1363.042711
 21
-199.664645
 31
0.0
  0
LINE
  5
B20
330
70
100
AcDbEntity
  8
Visible
100
AcDbLine
 10
1343.042711
 20
-400.664645
 30
0.0
 11
1343.042711
 21
-397.664645
 31
0.0
  0
LINE
  5
B21
330
70
100
AcDbEntity
  8
Visible
100
AcDbLine
 10
1363.042711
 20
-400.664645
 30
0.0
 11
1343.042711
 21
-400.664645
 31
0.0
  0
LINE
  5
B22
330
70
100
AcDbEntity
  8
Visible
100
AcDbLine
 10
1363.042711
 20
-397.664645
 30
0.0
 11
1363.042711
 21
-400.664645
 31
0.0
  0
LINE
  5
B23
330
70
100
AcDbEntity
  8
Visible
100
AcDbLine
 10
1343.042711
 20
-397.664645
 30
0.0
 11
1363.042711
 21
-397.664645
 31
0.0
  0
LINE
  5
B24
330
70
100
AcDbEntity
  8
Visible
100
AcDbLine
 10
1363.042711
 20
-367.664645
 30
0.0
 11
1343.042711
 21
-367.664645
 31
0.0
  0
LINE
  5
B25
330
70
100
AcDbEntity
  8
Visible
100
AcDbLine
 10
1363.042711
 20
-364.664645
 30
0.0
 11
1363.042711
 21
-367.664645
 31
0.0
  0
LINE
  5
B26
330
70
100
AcDbEntity
  8
Visible
100
AcDbLine
 10
1343.042711
 20
-364.664645
 30
0.0
 11
1363.042711
 21
-364.664645
 31
0.0
  0
LINE
  5
B27
330
70
100
AcDbEntity
  8
Visible
100
AcDbLine
 10
1343.042711
 20
-367.664645
 30
0.0
 11
1343.042711
 21
-364.664645
 31
0.0
  0
LINE
  5
B28
330
70
100
AcDbEntity
  8
Visible
100
AcDbLine
 10
1363.042711
 20
-70.664645
 30
0.0
 11
1343.042711
 21
-70.664645
 31
0.0
  0
LINE
  5
B29
330
70
100
AcDbEntity
  8
Visible
100
AcDbLine
 10
1363.042711
 20
-67.664645
 30
0.0
 11
1363.042711
 21
-70.664645
 31
0.0
  0
LINE
  5
B2A
330
70
100
AcDbEntity
  8
Visible
100
AcDbLine
 10
1343.042711
 20
-67.664645
 30
0.0
 11
1363.042711
 21
-67.664645
 31
0.0
  0
LINE
  5
B2B
330
70
100
AcDbEntity
  8
Visible
100
AcDbLine
 10
1343.042711
 20
-70.664645
 30
0.0
 11
1343.042711
 21
-67.664645
 31
0.0
  0
LINE
  5
B2C
330
70
100
AcDbEntity
  8
Visible
100
AcDbLine
 10
1363.042711
 20
-235.664645
 30
0.0
 11
1343.042711
 21
-235.664645
 31
0.0
  0
LINE
  5
B2D
330
70
100
AcDbEntity
  8
Visible
100
AcDbLine
 10
1363.042711
 20
-232.664645
 30
0.0
 11
1363.042711
 21
-235.664645
 31
0.0
  0
LINE
  5
B2E
330
70
100
AcDbEntity
  8
Visible
100
AcDbLine
 10
1343.042711
 20
-232.664645
 30
0.0
 11
1363.042711
 21
-232.664645
 31
0.0
  0
LINE
  5
B2F
330
70
100
AcDbEntity
  8
Visible
100
AcDbLine
 10
1343.042711
 20
-235.664645
 30
0.0
 11
1343.042711
 21
-232.664645
 31
0.0
  0
LINE
  5
B30
330
70
100
AcDbEntity
  8
Visible
100
AcDbLine
 10
1343.042711
 20
61.335355
 30
0.0
 11
1343.042711
 21
64.335355
 31
0.0
  0
LINE
  5
B31
330
70
100
AcDbEntity
  8
Visible
100
AcDbLine
 10
1363.042711
 20
61.335355
 30
0.0
 11
1343.042711
 21
61.335355
 31
0.0
  0
LINE
  5
B32
330
70
100
AcDbEntity
  8
Visible
100
AcDbLine
 10
1363.042711
 20
64.335355
 30
0.0
 11
1363.042711
 21
61.335355
 31
0.0
  0
LINE
  5
B33
330
70
100
AcDbEntity
  8
Visible
100
AcDbLine
 10
1343.042711
 20
64.335355
 30
0.0
 11
1363.042711
 21
64.335355
 31
0.0
  0
LINE
  5
B34
330
70
100
AcDbEntity
  8
Visible
100
AcDbLine
 10
1363.042711
 20
-298.664645
 30
0.0
 11
1363.042711
 21
-301.664645
 31
0.0
  0
LINE
  5
B35
330
70
100
AcDbEntity
  8
Visible
100
AcDbLine
 10
1343.042711
 20
-298.664645
 30
0.0
 11
1363.042711
 21
-298.664645
 31
0.0
  0
LINE
  5
B36
330
70
100
AcDbEntity
  8
Visible
100
AcDbLine
 10
1343.042711
 20
-301.664645
 30
0.0
 11
1343.042711
 21
-298.664645
 31
0.0
  0
LINE
  5
B37
330
70
100
AcDbEntity
  8
Visible
100
AcDbLine
 10
1363.042711
 20
-301.664645
 30
0.0
 11
1343.042711
 21
-301.664645
 31
0.0
  0
LINE
  5
B38
330
70
100
AcDbEntity
  8
Visible
100
AcDbLine
 10
1363.042711
 20
28.335355
 30
0.0
 11
1343.042711
 21
28.335355
 31
0.0
  0
LINE
  5
B39
330
70
100
AcDbEntity
  8
Visible
100
AcDbLine
 10
1363.042711
 20
31.335355
 30
0.0
 11
1363.042711
 21
28.335355
 31
0.0
  0
LINE
  5
B3A
330
70
100
AcDbEntity
  8
Visible
100
AcDbLine
 10
1343.042711
 20
31.335355
 30
0.0
 11
1363.042711
 21
31.335355
 31
0.0
  0
LINE
  5
B3B
330
70
100
AcDbEntity
  8
Visible
100
AcDbLine
 10
1343.042711
 20
28.335355
 30
0.0
 11
1343.042711
 21
31.335355
 31
0.0
  0
LINE
  5
B3C
330
70
100
AcDbEntity
  8
Visible
100
AcDbLine
 10
1363.042711
 20
-265.664645
 30
0.0
 11
1363.042711
 21
-268.664645
 31
0.0
  0
LINE
  5
B3D
330
70
100
AcDbEntity
  8
Visible
100
AcDbLine
 10
1343.042711
 20
-265.664645
 30
0.0
 11
1363.042711
 21
-265.664645
 31
0.0
  0
LINE
  5
B3E
330
70
100
AcDbEntity
  8
Visible
100
AcDbLine
 10
1343.042711
 20
-268.664645
 30
0.0
 11
1343.042711
 21
-265.664645
 31
0.0
  0
LINE
  5
B3F
330
70
100
AcDbEntity
  8
Visible
100
AcDbLine
 10
1363.042711
 20
-268.664645
 30
0.0
 11
1343.042711
 21
-268.664645
 31
0.0
  0
LINE
  5
B40
330
70
100
AcDbEntity
  8
Visible
100
AcDbLine
 10
1363.042711
 20
-37.664645
 30
0.0
 11
1343.042711
 21
-37.664645
 31
0.0
  0
LINE
  5
B41
330
70
100
AcDbEntity
  8
Visible
100
AcDbLine
 10
1363.042711
 20
-34.664645
 30
0.0
 11
1363.042711
 21
-37.664645
 31
0.0
  0
LINE
  5
B42
330
70
100
AcDbEntity
  8
Visible
100
AcDbLine
 10
1343.042711
 20
-34.664645
 30
0.0
 11
1363.042711
 21
-34.664645
 31
0.0
  0
LINE
  5
B43
330
70
100
AcDbEntity
  8
Visible
100
AcDbLine
 10
1343.042711
 20
-37.664645
 30
0.0
 11
1343.042711
 21
-34.664645
 31
0.0
  0
LINE
  5
B44
330
70
100
AcDbEntity
  8
Visible
100
AcDbLine
 10
1363.042711
 20
-499.664645
 30
0.0
 11
1343.042711
 21
-499.664645
 31
0.0
  0
LINE
  5
B45
330
70
100
AcDbEntity
  8
Visible
100
AcDbLine
 10
1363.042711
 20
-496.664645
 30
0.0
 11
1363.042711
 21
-499.664645
 31
0.0
  0
LINE
  5
B46
330
70
100
AcDbEntity
  8
Visible
100
AcDbLine
 10
1343.042711
 20
-496.664645
 30
0.0
 11
1363.042711
 21
-496.664645
 31
0.0
  0
LINE
  5
B47
330
70
100
AcDbEntity
  8
Visible
100
AcDbLine
 10
1343.042711
 20
-499.664645
 30
0.0
 11
1343.042711
 21
-496.664645
 31
0.0
  0
LINE
  5
B48
330
70
100
AcDbEntity
  8
Visible
100
AcDbLine
 10
1343.042711
 20
-331.664645
 30
0.0
 11
1363.042711
 21
-331.664645
 31
0.0
  0
LINE
  5
B49
330
70
100
AcDbEntity
  8
Visible
100
AcDbLine
 10
1343.042711
 20
-334.664645
 30
0.0
 11
1343.042711
 21
-331.664645
 31
0.0
  0
LINE
  5
B4A
330
70
100
AcDbEntity
  8
Visible
100
AcDbLine
 10
1363.042711
 20
-334.664645
 30
0.0
 11
1343.042711
 21
-334.664645
 31
0.0
  0
LINE
  5
B4B
330
70
100
AcDbEntity
  8
Visible
100
AcDbLine
 10
1363.042711
 20
-331.664645
 30
0.0
 11
1363.042711
 21
-334.664645
 31
0.0
  0
LINE
  5
B4C
330
70
100
AcDbEntity
  8
Visible
100
AcDbLine
 10
1343.042711
 20
-433.664645
 30
0.0
 11
1343.042711
 21
-430.664645
 31
0.0
  0
LINE
  5
B4D
330
70
100
AcDbEntity
  8
Visible
100
AcDbLine
 10
1363.042711
 20
-433.664645
 30
0.0
 11
1343.042711
 21
-433.664645
 31
0.0
  0
LINE
  5
B4E
330
70
100
AcDbEntity
  8
Visible
100
AcDbLine
 10
1363.042711
 20
-430.664645
 30
0.0
 11
1363.042711
 21
-433.664645
 31
0.0
  0
LINE
  5
B4F
330
70
100
AcDbEntity
  8
Visible
100
AcDbLine
 10
1343.042711
 20
-430.664645
 30
0.0
 11
1363.042711
 21
-430.664645
 31
0.0
  0
LINE
  5
B50
330
70
100
AcDbEntity
  8
Visible
100
AcDbLine
 10
1338.042711
 20
-291.164645
 30
0.0
 11
1338.042711
 21
-351.164645
 31
0.0
  0
LINE
  5
B51
330
70
100
AcDbEntity
  8
Visible
100
AcDbLine
 10
1332.042711
 20
-291.164645
 30
0.0
 11
1338.042711
 21
-291.164645
 31
0.0
  0
LINE
  5
B52
330
70
100
AcDbEntity
  8
Visible
100
AcDbLine
 10
1332.042711
 20
-286.164645
 30
0.0
 11
1332.042711
 21
-291.164645
 31
0.0
  0
LINE
  5
B53
330
70
100
AcDbEntity
  8
Visible
100
AcDbLine
 10
1323.042711
 20
-286.164645
 30
0.0
 11
1332.042711
 21
-286.164645
 31
0.0
  0
LINE
  5
B54
330
70
100
AcDbEntity
  8
Visible
100
AcDbLine
 10
1323.042711
 20
-236.164645
 30
0.0
 11
1323.042711
 21
-286.164645
 31
0.0
  0
LINE
  5
B55
330
70
100
AcDbEntity
  8
Visible
100
AcDbLine
 10
1332.042711
 20
-236.164645
 30
0.0
 11
1323.042711
 21
-236.164645
 31
0.0
  0
LINE
  5
B56
330
70
100
AcDbEntity
  8
Visible
100
AcDbLine
 10
1332.042711
 20
-231.164645
 30
0.0
 11
1332.042711
 21
-236.164645
 31
0.0
  0
LINE
  5
B57
330
70
100
AcDbEntity
  8
Visible
100
AcDbLine
 10
1338.042711
 20
-231.164645
 30
0.0
 11
1332.042711
 21
-231.164645
 31
0.0
  0
LINE
  5
B58
330
70
100
AcDbEntity
  8
Visible
100
AcDbLine
 10
1338.042711
 20
-171.164645
 30
0.0
 11
1338.042711
 21
-231.164645
 31
0.0
  0
LINE
  5
B59
330
70
100
AcDbEntity
  8
Visible
100
AcDbLine
 10
1332.042711
 20
-171.164645
 30
0.0
 11
1338.042711
 21
-171.164645
 31
0.0
  0
LINE
  5
B5A
330
70
100
AcDbEntity
  8
Visible
100
AcDbLine
 10
1332.042711
 20
-166.164645
 30
0.0
 11
1332.042711
 21
-171.164645
 31
0.0
  0
LINE
  5
B5B
330
70
100
AcDbEntity
  8
Visible
100
AcDbLine
 10
1323.042711
 20
-166.164645
 30
0.0
 11
1332.042711
 21
-166.164645
 31
0.0
  0
LINE
  5
B5C
330
70
100
AcDbEntity
  8
Visible
100
AcDbLine
 10
1323.042711
 20
-116.164645
 30
0.0
 11
1323.042711
 21
-166.164645
 31
0.0
  0
LINE
  5
B5D
330
70
100
AcDbEntity
  8
Visible
100
AcDbLine
 10
1332.042711
 20
-116.164645
 30
0.0
 11
1323.042711
 21
-116.164645
 31
0.0
  0
LINE
  5
B5E
330
70
100
AcDbEntity
  8
Visible
100
AcDbLine
 10
1332.042711
 20
-111.164645
 30
0.0
 11
1332.042711
 21
-116.164645
 31
0.0
  0
LINE
  5
B5F
330
70
100
AcDbEntity
  8
Visible
100
AcDbLine
 10
1338.042711
 20
-111.164645
 30
0.0
 11
1332.042711
 21
-111.164645
 31
0.0
  0
LINE
  5
B60
330
70
100
AcDbEntity
  8
Visible
100
AcDbLine
 10
1338.042711
 20
-51.164645
 30
0.0
 11
1338.042711
 21
-111.164645
 31
0.0
  0
LINE
  5
B61
330
70
100
AcDbEntity
  8
Visible
100
AcDbLine
 10
1332.042711
 20
-51.164645
 30
0.0
 11
1338.042711
 21
-51.164645
 31
0.0
  0
LINE
  5
B62
330
70
100
AcDbEntity
  8
Visible
100
AcDbLine
 10
1332.042711
 20
-46.164645
 30
0.0
 11
1332.042711
 21
-51.164645
 31
0.0
  0
LINE
  5
B63
330
70
100
AcDbEntity
  8
Visible
100
AcDbLine
 10
1323.042711
 20
-46.164645
 30
0.0
 11
1332.042711
 21
-46.164645
 31
0.0
  0
LINE
  5
B64
330
70
100
AcDbEntity
  8
Visible
100
AcDbLine
 10
1323.042711
 20
3.835355
 30
0.0
 11
1323.042711
 21
-46.164645
 31
0.0
  0
LINE
  5
B65
330
70
100
AcDbEntity
  8
Visible
100
AcDbLine
 10
1332.042711
 20
3.835355
 30
0.0
 11
1323.042711
 21
3.835355
 31
0.0
  0
LINE
  5
B66
330
70
100
AcDbEntity
  8
Visible
100
AcDbLine
 10
1332.042711
 20
8.835355
 30
0.0
 11
1332.042711
 21
3.835355
 31
0.0
  0
LINE
  5
B67
330
70
100
AcDbEntity
  8
Visible
100
AcDbLine
 10
1338.042711
 20
8.835355
 30
0.0
 11
1332.042711
 21
8.835355
 31
0.0
  0
LINE
  5
B68
330
70
100
AcDbEntity
  8
Visible
100
AcDbLine
 10
1338.042711
 20
68.835355
 30
0.0
 11
1338.042711
 21
8.835355
 31
0.0
  0
LINE
  5
B69
330
70
100
AcDbEntity
  8
Visible
100
AcDbLine
 10
1332.042711
 20
68.835355
 30
0.0
 11
1338.042711
 21
68.835355
 31
0.0
  0
LINE
  5
B6A
330
70
100
AcDbEntity
  8
Visible
100
AcDbLine
 10
1332.042711
 20
73.835355
 30
0.0
 11
1332.042711
 21
68.835355
 31
0.0
  0
LINE
  5
B6B
330
70
100
AcDbEntity
  8
Visible
100
AcDbLine
 10
1323.042711
 20
73.835355
 30
0.0
 11
1332.042711
 21
73.835355
 31
0.0
  0
LINE
  5
B6C
330
70
100
AcDbEntity
  8
Visible
100
AcDbLine
 10
1323.042711
 20
123.835355
 30
0.0
 11
1323.042711
 21
73.835355
 31
0.0
  0
LINE
  5
B6D
330
70
100
AcDbEntity
  8
Visible
100
AcDbLine
 10
1332.042711
 20
123.835355
 30
0.0
 11
1323.042711
 21
123.835355
 31
0.0
  0
LINE
  5
B6E
330
70
100
AcDbEntity
  8
Visible
100
AcDbLine
 10
1332.042711
 20
128.835355
 30
0.0
 11
1332.042711
 21
123.835355
 31
0.0
  0
LINE
  5
B6F
330
70
100
AcDbEntity
  8
Visible
100
AcDbLine
 10
1345.042711
 20
128.835355
 30
0.0
 11
1332.042711
 21
128.835355
 31
0.0
  0
LINE
  5
B70
330
70
100
AcDbEntity
  8
Visible
100
AcDbLine
 10
1345.042711
 20
134.835355
 30
0.0
 11
1345.042711
 21
128.835355
 31
0.0
  0
LINE
  5
B71
330
70
100
AcDbEntity
  8
Visible
100
AcDbLine
 10
1352.042711
 20
134.835355
 30
0.0
 11
1345.042711
 21
134.835355
 31
0.0
  0
LINE
  5
B72
330
70
100
AcDbEntity
  8
Visible
100
AcDbLine
 10
1352.042711
 20
128.835355
 30
0.0
 11
1352.042711
 21
134.835355
 31
0.0
  0
LINE
  5
B73
330
70
100
AcDbEntity
  8
Visible
100
AcDbLine
 10
1359.042711
 20
128.835355
 30
0.0
 11
1352.042711
 21
128.835355
 31
0.0
  0
LINE
  5
B74
330
70
100
AcDbEntity
  8
Visible
100
AcDbLine
 10
1359.042711
 20
134.835355
 30
0.0
 11
1359.042711
 21
128.835355
 31
0.0
  0
LINE
  5
B75
330
70
100
AcDbEntity
  8
Visible
100
AcDbLine
 10
1366.042711
 20
134.835355
 30
0.0
 11
1359.042711
 21
134.835355
 31
0.0
  0
LINE
  5
B76
330
70
100
AcDbEntity
  8
Visible
100
AcDbLine
 10
1366.042711
 20
128.835355
 30
0.0
 11
1366.042711
 21
134.835355
 31
0.0
  0
LINE
  5
B77
330
70
100
AcDbEntity
  8
Visible
100
AcDbLine
 10
1373.042711
 20
128.835355
 30
0.0
 11
1366.042711
 21
128.835355
 31
0.0
  0
LINE
  5
B78
330
70
100
AcDbEntity
  8
Visible
100
AcDbLine
 10
1373.042711
 20
-531.164645
 30
0.0
 11
1373.042711
 21
128.835355
 31
0.0
  0
LINE
  5
B79
330
70
100
AcDbEntity
  8
Visible
100
AcDbLine
 10
1366.042711
 20
-531.164645
 30
0.0
 11
1373.042711
 21
-531.164645
 31
0.0
  0
LINE
  5
B7A
330
70
100
AcDbEntity
  8
Visible
100
AcDbLine
 10
1366.042711
 20
-537.164645
 30
0.0
 11
1366.042711
 21
-531.164645
 31
0.0
  0
LINE
  5
B7B
330
70
100
AcDbEntity
  8
Visible
100
AcDbLine
 10
1359.042711
 20
-537.164645
 30
0.0
 11
1366.042711
 21
-537.164645
 31
0.0
  0
LINE
  5
B7C
330
70
100
AcDbEntity
  8
Visible
100
AcDbLine
 10
1359.042711
 20
-531.164645
 30
0.0
 11
1359.042711
 21
-537.164645
 31
0.0
  0
LINE
  5
B7D
330
70
100
AcDbEntity
  8
Visible
100
AcDbLine
 10
1352.042711
 20
-531.164645
 30
0.0
 11
1359.042711
 21
-531.164645
 31
0.0
  0
LINE
  5
B7E
330
70
100
AcDbEntity
  8
Visible
100
AcDbLine
 10
1352.042711
 20
-537.164645
 30
0.0
 11
1352.042711
 21
-531.164645
 31
0.0
  0
LINE
  5
B7F
330
70
100
AcDbEntity
  8
Visible
100
AcDbLine
 10
1345.042711
 20
-537.164645
 30
0.0
 11
1352.042711
 21
-537.164645
 31
0.0
  0
LINE
  5
B80
330
70
100
AcDbEntity
  8
Visible
100
AcDbLine
 10
1345.042711
 20
-531.164645
 30
0.0
 11
1345.042711
 21
-537.164645
 31
0.0
  0
LINE
  5
B81
330
70
100
AcDbEntity
  8
Visible
100
AcDbLine
 10
1332.042711
 20
-531.164645
 30
0.0
 11
1345.042711
 21
-531.164645
 31
0.0
  0
LINE
  5
B82
330
70
100
AcDbEntity
  8
Visible
100
AcDbLine
 10
1332.042711
 20
-526.164645
 30
0.0
 11
1332.042711
 21
-531.164645
 31
0.0
  0
LINE
  5
B83
330
70
100
AcDbEntity
  8
Visible
100
AcDbLine
 10
1323.042711
 20
-526.164645
 30
0.0
 11
1332.042711
 21
-526.164645
 31
0.0
  0
LINE
  5
B84
330
70
100
AcDbEntity
  8
Visible
100
AcDbLine
 10
1323.042711
 20
-476.164645
 30
0.0
 11
1323.042711
 21
-526.164645
 31
0.0
  0
LINE
  5
B85
330
70
100
AcDbEntity
  8
Visible
100
AcDbLine
 10
1332.042711
 20
-476.164645
 30
0.0
 11
1323.042711
 21
-476.164645
 31
0.0
  0
LINE
  5
B86
330
70
100
AcDbEntity
  8
Visible
100
AcDbLine
 10
1332.042711
 20
-471.164645
 30
0.0
 11
1332.042711
 21
-476.164645
 31
0.0
  0
LINE
  5
B87
330
70
100
AcDbEntity
  8
Visible
100
AcDbLine
 10
1338.042711
 20
-471.164645
 30
0.0
 11
1332.042711
 21
-471.164645
 31
0.0
  0
LINE
  5
B88
330
70
100
AcDbEntity
  8
Visible
100
AcDbLine
 10
1338.042711
 20
-411.164645
 30
0.0
 11
1338.042711
 21
-471.164645
 31
0.0
  0
LINE
  5
B89
330
70
100
AcDbEntity
  8
Visible
100
AcDbLine
 10
1332.042711
 20
-411.164645
 30
0.0
 11
1338.042711
 21
-411.164645
 31
0.0
  0
LINE
  5
B8A
330
70
100
AcDbEntity
  8
Visible
100
AcDbLine
 10
1332.042711
 20
-406.164645
 30
0.0
 11
1332.042711
 21
-411.164645
 31
0.0
  0
LINE
  5
B8B
330
70
100
AcDbEntity
  8
Visible
100
AcDbLine
 10
1323.042711
 20
-406.164645
 30
0.0
 11
1332.042711
 21
-406.164645
 31
0.0
  0
LINE
  5
B8C
330
70
100
AcDbEntity
  8
Visible
100
AcDbLine
 10
1323.042711
 20
-356.164645
 30
0.0
 11
1323.042711
 21
-406.164645
 31
0.0
  0
LINE
  5
B8D
330
70
100
AcDbEntity
  8
Visible
100
AcDbLine
 10
1332.042711
 20
-356.164645
 30
0.0
 11
1323.042711
 21
-356.164645
 31
0.0
  0
LINE
  5
B8E
330
70
100
AcDbEntity
  8
Visible
100
AcDbLine
 10
1332.042711
 20
-351.164645
 30
0.0
 11
1332.042711
 21
-356.164645
 31
0.0
  0
LINE
  5
B8F
330
70
100
AcDbEntity
  8
Visible
100
AcDbLine
 10
1338.042711
 20
-351.164645
 30
0.0
 11
1332.042711
 21
-351.164645
 31
0.0
  0
LINE
  5
B90
330
70
100
AcDbEntity
  8
Visible
100
AcDbLine
 10
1263.447154
 20
-436.228316
 30
0.0
 11
1243.447154
 21
-436.228316
 31
0.0
  0
LINE
  5
B91
330
70
100
AcDbEntity
  8
Visible
100
AcDbLine
 10
1263.447154
 20
-433.228316
 30
0.0
 11
1263.447154
 21
-436.228316
 31
0.0
  0
LINE
  5
B92
330
70
100
AcDbEntity
  8
Visible
100
AcDbLine
 10
1243.447154
 20
-433.228316
 30
0.0
 11
1263.447154
 21
-433.228316
 31
0.0
  0
LINE
  5
B93
330
70
100
AcDbEntity
  8
Visible
100
AcDbLine
 10
1243.447154
 20
-436.228316
 30
0.0
 11
1243.447154
 21
-433.228316
 31
0.0
  0
LINE
  5
B94
330
70
100
AcDbEntity
  8
Visible
100
AcDbLine
 10
1263.447154
 20
-466.228316
 30
0.0
 11
1263.447154
 21
-469.228316
 31
0.0
  0
LINE
  5
B95
330
70
100
AcDbEntity
  8
Visible
100
AcDbLine
 10
1243.447154
 20
-466.228316
 30
0.0
 11
1263.447154
 21
-466.228316
 31
0.0
  0
LINE
  5
B96
330
70
100
AcDbEntity
  8
Visible
100
AcDbLine
 10
1243.447154
 20
-469.228316
 30
0.0
 11
1243.447154
 21
-466.228316
 31
0.0
  0
LINE
  5
B97
330
70
100
AcDbEntity
  8
Visible
100
AcDbLine
 10
1263.447154
 20
-469.228316
 30
0.0
 11
1243.447154
 21
-469.228316
 31
0.0
  0
LINE
  5
B98
330
70
100
AcDbEntity
  8
Visible
100
AcDbLine
 10
1263.447154
 20
-403.228316
 30
0.0
 11
1243.447154
 21
-403.228316
 31
0.0
  0
LINE
  5
B99
330
70
100
AcDbEntity
  8
Visible
100
AcDbLine
 10
1263.447154
 20
-400.228316
 30
0.0
 11
1263.447154
 21
-403.228316
 31
0.0
  0
LINE
  5
B9A
330
70
100
AcDbEntity
  8
Visible
100
AcDbLine
 10
1243.447154
 20
-400.228316
 30
0.0
 11
1263.447154
 21
-400.228316
 31
0.0
  0
LINE
  5
B9B
330
70
100
AcDbEntity
  8
Visible
100
AcDbLine
 10
1243.447154
 20
-403.228316
 30
0.0
 11
1243.447154
 21
-400.228316
 31
0.0
  0
LINE
  5
B9C
330
70
100
AcDbEntity
  8
Visible
100
AcDbLine
 10
1263.447154
 20
-502.228316
 30
0.0
 11
1243.447154
 21
-502.228316
 31
0.0
  0
LINE
  5
B9D
330
70
100
AcDbEntity
  8
Visible
100
AcDbLine
 10
1263.447154
 20
-499.228316
 30
0.0
 11
1263.447154
 21
-502.228316
 31
0.0
  0
LINE
  5
B9E
330
70
100
AcDbEntity
  8
Visible
100
AcDbLine
 10
1243.447154
 20
-499.228316
 30
0.0
 11
1263.447154
 21
-499.228316
 31
0.0
  0
LINE
  5
B9F
330
70
100
AcDbEntity
  8
Visible
100
AcDbLine
 10
1243.447154
 20
-502.228316
 30
0.0
 11
1243.447154
 21
-499.228316
 31
0.0
  0
LINE
  5
BA0
330
70
100
AcDbEntity
  8
Visible
100
AcDbLine
 10
1243.447154
 20
-235.228316
 30
0.0
 11
1263.447154
 21
-235.228316
 31
0.0
  0
LINE
  5
BA1
330
70
100
AcDbEntity
  8
Visible
100
AcDbLine
 10
1243.447154
 20
-238.228316
 30
0.0
 11
1243.447154
 21
-235.228316
 31
0.0
  0
LINE
  5
BA2
330
70
100
AcDbEntity
  8
Visible
100
AcDbLine
 10
1263.447154
 20
-238.228316
 30
0.0
 11
1243.447154
 21
-238.228316
 31
0.0
  0
LINE
  5
BA3
330
70
100
AcDbEntity
  8
Visible
100
AcDbLine
 10
1263.447154
 20
-235.228316
 30
0.0
 11
1263.447154
 21
-238.228316
 31
0.0
  0
LINE
  5
BA4
330
70
100
AcDbEntity
  8
Visible
100
AcDbLine
 10
1243.447154
 20
-268.228316
 30
0.0
 11
1263.447154
 21
-268.228316
 31
0.0
  0
LINE
  5
BA5
330
70
100
AcDbEntity
  8
Visible
100
AcDbLine
 10
1243.447154
 20
-271.228316
 30
0.0
 11
1243.447154
 21
-268.228316
 31
0.0
  0
LINE
  5
BA6
330
70
100
AcDbEntity
  8
Visible
100
AcDbLine
 10
1263.447154
 20
-271.228316
 30
0.0
 11
1243.447154
 21
-271.228316
 31
0.0
  0
LINE
  5
BA7
330
70
100
AcDbEntity
  8
Visible
100
AcDbLine
 10
1263.447154
 20
-268.228316
 30
0.0
 11
1263.447154
 21
-271.228316
 31
0.0
  0
LINE
  5
BA8
330
70
100
AcDbEntity
  8
Visible
100
AcDbLine
 10
1263.447154
 20
-334.228316
 30
0.0
 11
1263.447154
 21
-337.228316
 31
0.0
  0
LINE
  5
BA9
330
70
100
AcDbEntity
  8
Visible
100
AcDbLine
 10
1243.447154
 20
-334.228316
 30
0.0
 11
1263.447154
 21
-334.228316
 31
0.0
  0
LINE
  5
BAA
330
70
100
AcDbEntity
  8
Visible
100
AcDbLine
 10
1243.447154
 20
-337.228316
 30
0.0
 11
1243.447154
 21
-334.228316
 31
0.0
  0
LINE
  5
BAB
330
70
100
AcDbEntity
  8
Visible
100
AcDbLine
 10
1263.447154
 20
-337.228316
 30
0.0
 11
1243.447154
 21
-337.228316
 31
0.0
  0
LINE
  5
BAC
330
70
100
AcDbEntity
  8
Visible
100
AcDbLine
 10
1243.447154
 20
-304.228316
 30
0.0
 11
1243.447154
 21
-301.228316
 31
0.0
  0
LINE
  5
BAD
330
70
100
AcDbEntity
  8
Visible
100
AcDbLine
 10
1263.447154
 20
-304.228316
 30
0.0
 11
1243.447154
 21
-304.228316
 31
0.0
  0
LINE
  5
BAE
330
70
100
AcDbEntity
  8
Visible
100
AcDbLine
 10
1263.447154
 20
-301.228316
 30
0.0
 11
1263.447154
 21
-304.228316
 31
0.0
  0
LINE
  5
BAF
330
70
100
AcDbEntity
  8
Visible
100
AcDbLine
 10
1243.447154
 20
-301.228316
 30
0.0
 11
1263.447154
 21
-301.228316
 31
0.0
  0
LINE
  5
BB0
330
70
100
AcDbEntity
  8
Visible
100
AcDbLine
 10
1263.447154
 20
-367.228316
 30
0.0
 11
1263.447154
 21
-370.228316
 31
0.0
  0
LINE
  5
BB1
330
70
100
AcDbEntity
  8
Visible
100
AcDbLine
 10
1243.447154
 20
-367.228316
 30
0.0
 11
1263.447154
 21
-367.228316
 31
0.0
  0
LINE
  5
BB2
330
70
100
AcDbEntity
  8
Visible
100
AcDbLine
 10
1243.447154
 20
-370.228316
 30
0.0
 11
1243.447154
 21
-367.228316
 31
0.0
  0
LINE
  5
BB3
330
70
100
AcDbEntity
  8
Visible
100
AcDbLine
 10
1263.447154
 20
-370.228316
 30
0.0
 11
1243.447154
 21
-370.228316
 31
0.0
  0
LINE
  5
BB4
330
70
100
AcDbEntity
  8
Visible
100
AcDbLine
 10
1238.447154
 20
-197.728316
 30
0.0
 11
1238.447154
 21
-203.728316
 31
0.0
  0
LINE
  5
BB5
330
70
100
AcDbEntity
  8
Visible
100
AcDbLine
 10
1245.447154
 20
-197.728316
 30
0.0
 11
1238.447154
 21
-197.728316
 31
0.0
  0
LINE
  5
BB6
330
70
100
AcDbEntity
  8
Visible
100
AcDbLine
 10
1245.447154
 20
-203.728316
 30
0.0
 11
1245.447154
 21
-197.728316
 31
0.0
  0
LINE
  5
BB7
330
70
100
AcDbEntity
  8
Visible
100
AcDbLine
 10
1252.447154
 20
-203.728316
 30
0.0
 11
1245.447154
 21
-203.728316
 31
0.0
  0
LINE
  5
BB8
330
70
100
AcDbEntity
  8
Visible
100
AcDbLine
 10
1252.447154
 20
-197.728316
 30
0.0
 11
1252.447154
 21
-203.728316
 31
0.0
  0
LINE
  5
BB9
330
70
100
AcDbEntity
  8
Visible
100
AcDbLine
 10
1259.447154
 20
-197.728316
 30
0.0
 11
1252.447154
 21
-197.728316
 31
0.0
  0
LINE
  5
BBA
330
70
100
AcDbEntity
  8
Visible
100
AcDbLine
 10
1259.447154
 20
-203.728316
 30
0.0
 11
1259.447154
 21
-197.728316
 31
0.0
  0
LINE
  5
BBB
330
70
100
AcDbEntity
  8
Visible
100
AcDbLine
 10
1266.447154
 20
-203.728316
 30
0.0
 11
1259.447154
 21
-203.728316
 31
0.0
  0
LINE
  5
BBC
330
70
100
AcDbEntity
  8
Visible
100
AcDbLine
 10
1266.447154
 20
-197.728316
 30
0.0
 11
1266.447154
 21
-203.728316
 31
0.0
  0
LINE
  5
BBD
330
70
100
AcDbEntity
  8
Visible
100
AcDbLine
 10
1273.447154
 20
-197.728316
 30
0.0
 11
1266.447154
 21
-197.728316
 31
0.0
  0
LINE
  5
BBE
330
70
100
AcDbEntity
  8
Visible
100
AcDbLine
 10
1273.447154
 20
-539.728316
 30
0.0
 11
1273.447154
 21
-197.728316
 31
0.0
  0
LINE
  5
BBF
330
70
100
AcDbEntity
  8
Visible
100
AcDbLine
 10
1266.447154
 20
-539.728316
 30
0.0
 11
1273.447154
 21
-539.728316
 31
0.0
  0
LINE
  5
BC0
330
70
100
AcDbEntity
  8
Visible
100
AcDbLine
 10
1266.447154
 20
-533.728316
 30
0.0
 11
1266.447154
 21
-539.728316
 31
0.0
  0
LINE
  5
BC1
330
70
100
AcDbEntity
  8
Visible
100
AcDbLine
 10
1259.447154
 20
-533.728316
 30
0.0
 11
1266.447154
 21
-533.728316
 31
0.0
  0
LINE
  5
BC2
330
70
100
AcDbEntity
  8
Visible
100
AcDbLine
 10
1259.447154
 20
-539.728316
 30
0.0
 11
1259.447154
 21
-533.728316
 31
0.0
  0
LINE
  5
BC3
330
70
100
AcDbEntity
  8
Visible
100
AcDbLine
 10
1252.447154
 20
-539.728316
 30
0.0
 11
1259.447154
 21
-539.728316
 31
0.0
  0
LINE
  5
BC4
330
70
100
AcDbEntity
  8
Visible
100
AcDbLine
 10
1252.447154
 20
-533.728316
 30
0.0
 11
1252.447154
 21
-539.728316
 31
0.0
  0
LINE
  5
BC5
330
70
100
AcDbEntity
  8
Visible
100
AcDbLine
 10
1245.447154
 20
-533.728316
 30
0.0
 11
1252.447154
 21
-533.728316
 31
0.0
  0
LINE
  5
BC6
330
70
100
AcDbEntity
  8
Visible
100
AcDbLine
 10
1245.447154
 20
-539.728316
 30
0.0
 11
1245.447154
 21
-533.728316
 31
0.0
  0
LINE
  5
BC7
330
70
100
AcDbEntity
  8
Visible
100
AcDbLine
 10
1238.447154
 20
-539.728316
 30
0.0
 11
1245.447154
 21
-539.728316
 31
0.0
  0
LINE
  5
BC8
330
70
100
AcDbEntity
  8
Visible
100
AcDbLine
 10
1238.447154
 20
-533.728316
 30
0.0
 11
1238.447154
 21
-539.728316
 31
0.0
  0
LINE
  5
BC9
330
70
100
AcDbEntity
  8
Visible
100
AcDbLine
 10
1232.447154
 20
-533.728316
 30
0.0
 11
1238.447154
 21
-533.728316
 31
0.0
  0
LINE
  5
BCA
330
70
100
AcDbEntity
  8
Visible
100
AcDbLine
 10
1232.447154
 20
-528.728316
 30
0.0
 11
1232.447154
 21
-533.728316
 31
0.0
  0
LINE
  5
BCB
330
70
100
AcDbEntity
  8
Visible
100
AcDbLine
 10
1223.447154
 20
-528.728316
 30
0.0
 11
1232.447154
 21
-528.728316
 31
0.0
  0
LINE
  5
BCC
330
70
100
AcDbEntity
  8
Visible
100
AcDbLine
 10
1223.447154
 20
-508.728316
 30
0.0
 11
1223.447154
 21
-528.728316
 31
0.0
  0
LINE
  5
BCD
330
70
100
AcDbEntity
  8
Visible
100
AcDbLine
 10
1232.447154
 20
-508.728316
 30
0.0
 11
1223.447154
 21
-508.728316
 31
0.0
  0
LINE
  5
BCE
330
70
100
AcDbEntity
  8
Visible
100
AcDbLine
 10
1232.447154
 20
-503.728316
 30
0.0
 11
1232.447154
 21
-508.728316
 31
0.0
  0
LINE
  5
BCF
330
70
100
AcDbEntity
  8
Visible
100
AcDbLine
 10
1238.447154
 20
-503.728316
 30
0.0
 11
1232.447154
 21
-503.728316
 31
0.0
  0
LINE
  5
BD0
330
70
100
AcDbEntity
  8
Visible
100
AcDbLine
 10
1238.447154
 20
-473.728316
 30
0.0
 11
1238.447154
 21
-503.728316
 31
0.0
  0
LINE
  5
BD1
330
70
100
AcDbEntity
  8
Visible
100
AcDbLine
 10
1232.447154
 20
-473.728316
 30
0.0
 11
1238.447154
 21
-473.728316
 31
0.0
  0
LINE
  5
BD2
330
70
100
AcDbEntity
  8
Visible
100
AcDbLine
 10
1232.447154
 20
-468.728316
 30
0.0
 11
1232.447154
 21
-473.728316
 31
0.0
  0
LINE
  5
BD3
330
70
100
AcDbEntity
  8
Visible
100
AcDbLine
 10
1223.447154
 20
-468.728316
 30
0.0
 11
1232.447154
 21
-468.728316
 31
0.0
  0
LINE
  5
BD4
330
70
100
AcDbEntity
  8
Visible
100
AcDbLine
 10
1223.447154
 20
-448.728316
 30
0.0
 11
1223.447154
 21
-468.728316
 31
0.0
  0
LINE
  5
BD5
330
70
100
AcDbEntity
  8
Visible
100
AcDbLine
 10
1232.447154
 20
-448.728316
 30
0.0
 11
1223.447154
 21
-448.728316
 31
0.0
  0
LINE
  5
BD6
330
70
100
AcDbEntity
  8
Visible
100
AcDbLine
 10
1232.447154
 20
-443.728316
 30
0.0
 11
1232.447154
 21
-448.728316
 31
0.0
  0
LINE
  5
BD7
330
70
100
AcDbEntity
  8
Visible
100
AcDbLine
 10
1238.447154
 20
-443.728316
 30
0.0
 11
1232.447154
 21
-443.728316
 31
0.0
  0
LINE
  5
BD8
330
70
100
AcDbEntity
  8
Visible
100
AcDbLine
 10
1238.447154
 20
-413.728316
 30
0.0
 11
1238.447154
 21
-443.728316
 31
0.0
  0
LINE
  5
BD9
330
70
100
AcDbEntity
  8
Visible
100
AcDbLine
 10
1232.447154
 20
-413.728316
 30
0.0
 11
1238.447154
 21
-413.728316
 31
0.0
  0
LINE
  5
BDA
330
70
100
AcDbEntity
  8
Visible
100
AcDbLine
 10
1232.447154
 20
-408.728316
 30
0.0
 11
1232.447154
 21
-413.728316
 31
0.0
  0
LINE
  5
BDB
330
70
100
AcDbEntity
  8
Visible
100
AcDbLine
 10
1223.447154
 20
-408.728316
 30
0.0
 11
1232.447154
 21
-408.728316
 31
0.0
  0
LINE
  5
BDC
330
70
100
AcDbEntity
  8
Visible
100
AcDbLine
 10
1223.447154
 20
-388.728316
 30
0.0
 11
1223.447154
 21
-408.728316
 31
0.0
  0
LINE
  5
BDD
330
70
100
AcDbEntity
  8
Visible
100
AcDbLine
 10
1232.447154
 20
-388.728316
 30
0.0
 11
1223.447154
 21
-388.728316
 31
0.0
  0
LINE
  5
BDE
330
70
100
AcDbEntity
  8
Visible
100
AcDbLine
 10
1232.447154
 20
-383.728316
 30
0.0
 11
1232.447154
 21
-388.728316
 31
0.0
  0
LINE
  5
BDF
330
70
100
AcDbEntity
  8
Visible
100
AcDbLine
 10
1238.447154
 20
-383.728316
 30
0.0
 11
1232.447154
 21
-383.728316
 31
0.0
  0
LINE
  5
BE0
330
70
100
AcDbEntity
  8
Visible
100
AcDbLine
 10
1238.447154
 20
-353.728316
 30
0.0
 11
1238.447154
 21
-383.728316
 31
0.0
  0
LINE
  5
BE1
330
70
100
AcDbEntity
  8
Visible
100
AcDbLine
 10
1232.447154
 20
-353.728316
 30
0.0
 11
1238.447154
 21
-353.728316
 31
0.0
  0
LINE
  5
BE2
330
70
100
AcDbEntity
  8
Visible
100
AcDbLine
 10
1232.447154
 20
-348.728316
 30
0.0
 11
1232.447154
 21
-353.728316
 31
0.0
  0
LINE
  5
BE3
330
70
100
AcDbEntity
  8
Visible
100
AcDbLine
 10
1223.447154
 20
-348.728316
 30
0.0
 11
1232.447154
 21
-348.728316
 31
0.0
  0
LINE
  5
BE4
330
70
100
AcDbEntity
  8
Visible
100
AcDbLine
 10
1223.447154
 20
-328.728316
 30
0.0
 11
1223.447154
 21
-348.728316
 31
0.0
  0
LINE
  5
BE5
330
70
100
AcDbEntity
  8
Visible
100
AcDbLine
 10
1232.447154
 20
-328.728316
 30
0.0
 11
1223.447154
 21
-328.728316
 31
0.0
  0
LINE
  5
BE6
330
70
100
AcDbEntity
  8
Visible
100
AcDbLine
 10
1232.447154
 20
-323.728316
 30
0.0
 11
1232.447154
 21
-328.728316
 31
0.0
  0
LINE
  5
BE7
330
70
100
AcDbEntity
  8
Visible
100
AcDbLine
 10
1238.447154
 20
-323.728316
 30
0.0
 11
1232.447154
 21
-323.728316
 31
0.0
  0
LINE
  5
BE8
330
70
100
AcDbEntity
  8
Visible
100
AcDbLine
 10
1238.447154
 20
-293.728316
 30
0.0
 11
1238.447154
 21
-323.728316
 31
0.0
  0
LINE
  5
BE9
330
70
100
AcDbEntity
  8
Visible
100
AcDbLine
 10
1232.447154
 20
-293.728316
 30
0.0
 11
1238.447154
 21
-293.728316
 31
0.0
  0
LINE
  5
BEA
330
70
100
AcDbEntity
  8
Visible
100
AcDbLine
 10
1232.447154
 20
-288.728316
 30
0.0
 11
1232.447154
 21
-293.728316
 31
0.0
  0
LINE
  5
BEB
330
70
100
AcDbEntity
  8
Visible
100
AcDbLine
 10
1223.447154
 20
-288.728316
 30
0.0
 11
1232.447154
 21
-288.728316
 31
0.0
  0
LINE
  5
BEC
330
70
100
AcDbEntity
  8
Visible
100
AcDbLine
 10
1223.447154
 20
-268.728316
 30
0.0
 11
1223.447154
 21
-288.728316
 31
0.0
  0
LINE
  5
BED
330
70
100
AcDbEntity
  8
Visible
100
AcDbLine
 10
1232.447154
 20
-268.728316
 30
0.0
 11
1223.447154
 21
-268.728316
 31
0.0
  0
LINE
  5
BEE
330
70
100
AcDbEntity
  8
Visible
100
AcDbLine
 10
1232.447154
 20
-263.728316
 30
0.0
 11
1232.447154
 21
-268.728316
 31
0.0
  0
LINE
  5
BEF
330
70
100
AcDbEntity
  8
Visible
100
AcDbLine
 10
1238.447154
 20
-263.728316
 30
0.0
 11
1232.447154
 21
-263.728316
 31
0.0
  0
LINE
  5
BF0
330
70
100
AcDbEntity
  8
Visible
100
AcDbLine
 10
1238.447154
 20
-233.728316
 30
0.0
 11
1238.447154
 21
-263.728316
 31
0.0
  0
LINE
  5
BF1
330
70
100
AcDbEntity
  8
Visible
100
AcDbLine
 10
1232.447154
 20
-233.728316
 30
0.0
 11
1238.447154
 21
-233.728316
 31
0.0
  0
LINE
  5
BF2
330
70
100
AcDbEntity
  8
Visible
100
AcDbLine
 10
1232.447154
 20
-228.728316
 30
0.0
 11
1232.447154
 21
-233.728316
 31
0.0
  0
LINE
  5
BF3
330
70
100
AcDbEntity
  8
Visible
100
AcDbLine
 10
1223.447154
 20
-228.728316
 30
0.0
 11
1232.447154
 21
-228.728316
 31
0.0
  0
LINE
  5
BF4
330
70
100
AcDbEntity
  8
Visible
100
AcDbLine
 10
1223.447154
 20
-208.728316
 30
0.0
 11
1223.447154
 21
-228.728316
 31
0.0
  0
LINE
  5
BF5
330
70
100
AcDbEntity
  8
Visible
100
AcDbLine
 10
1232.447154
 20
-208.728316
 30
0.0
 11
1223.447154
 21
-208.728316
 31
0.0
  0
LINE
  5
BF6
330
70
100
AcDbEntity
  8
Visible
100
AcDbLine
 10
1232.447154
 20
-203.728316
 30
0.0
 11
1232.447154
 21
-208.728316
 31
0.0
  0
LINE
  5
BF7
330
70
100
AcDbEntity
  8
Visible
100
AcDbLine
 10
1238.447154
 20
-203.728316
 30
0.0
 11
1232.447154
 21
-203.728316
 31
0.0
  0
LINE
  5
BF8
330
70
100
AcDbEntity
  8
Visible
100
AcDbLine
 10
431.720439
 20
401.492006
 30
0.0
 11
425.720439
 21
401.492006
 31
0.0
  0
LINE
  5
BF9
330
70
100
AcDbEntity
  8
Visible
100
AcDbLine
 10
431.720439
 20
411.492006
 30
0.0
 11
431.720439
 21
401.492006
 31
0.0
  0
LINE
  5
BFA
330
70
100
AcDbEntity
  8
Visible
100
AcDbLine
 10
425.720439
 20
411.492006
 30
0.0
 11
431.720439
 21
411.492006
 31
0.0
  0
LINE
  5
BFB
330
70
100
AcDbEntity
  8
Visible
100
AcDbLine
 10
425.720439
 20
430.492006
 30
0.0
 11
425.720439
 21
411.492006
 31
0.0
  0
LINE
  5
BFC
330
70
100
AcDbEntity
  8
Visible
100
AcDbLine
 10
419.720439
 20
430.492006
 30
0.0
 11
425.720439
 21
430.492006
 31
0.0
  0
LINE
  5
BFD
330
70
100
AcDbEntity
  8
Visible
100
AcDbLine
 10
419.720439
 20
380.492006
 30
0.0
 11
419.720439
 21
430.492006
 31
0.0
  0
LINE
  5
BFE
330
70
100
AcDbEntity
  8
Visible
100
AcDbLine
 10
425.720439
 20
380.492006
 30
0.0
 11
419.720439
 21
380.492006
 31
0.0
  0
LINE
  5
BFF
330
70
100
AcDbEntity
  8
Visible
100
AcDbLine
 10
425.720439
 20
401.492006
 30
0.0
 11
425.720439
 21
380.492006
 31
0.0
  0
LINE
  5
C00
330
70
100
AcDbEntity
  8
Visible
100
AcDbLine
 10
354.720439
 20
-425.278433
 30
0.0
 11
154.720439
 21
-425.278433
 31
0.0
  0
LINE
  5
C01
330
70
100
AcDbEntity
  8
Visible
100
AcDbLine
 10
354.720439
 20
-272.715751
 30
0.0
 11
354.720439
 21
-425.278433
 31
0.0
  0
LINE
  5
C02
330
70
100
AcDbEntity
  8
Visible
100
AcDbLine
 10
154.720439
 20
-272.715751
 30
0.0
 11
354.720439
 21
-272.715751
 31
0.0
  0
LINE
  5
C03
330
70
100
AcDbEntity
  8
Visible
100
AcDbLine
 10
154.720439
 20
-425.278433
 30
0.0
 11
154.720439
 21
-272.715751
 31
0.0
  0
LINE
  5
C04
330
70
100
AcDbEntity
  8
Visible
100
AcDbLine
 10
425.720439
 20
238.492006
 30
0.0
 11
425.720439
 21
260.492006
 31
0.0
  0
LINE
  5
C05
330
70
100
AcDbEntity
  8
Visible
100
AcDbLine
 10
431.720439
 20
238.492006
 30
0.0
 11
425.720439
 21
238.492006
 31
0.0
  0
LINE
  5
C06
330
70
100
AcDbEntity
  8
Visible
100
AcDbLine
 10
431.720439
 20
261.492006
 30
0.0
 11
431.720439
 21
238.492006
 31
0.0
  0
LINE
  5
C07
330
70
100
AcDbEntity
  8
Visible
100
AcDbLine
 10
425.720439
 20
261.492006
 30
0.0
 11
431.720439
 21
261.492006
 31
0.0
  0
LINE
  5
C08
330
70
100
AcDbEntity
  8
Visible
100
AcDbLine
 10
425.720439
 20
304.454745
 30
0.0
 11
425.720439
 21
261.492006
 31
0.0
  0
LINE
  5
C09
330
70
100
AcDbEntity
  8
Visible
100
AcDbLine
 10
431.720439
 20
304.492006
 30
0.0
 11
425.720439
 21
304.454745
 31
0.0
  0
LINE
  5
C0A
330
70
100
AcDbEntity
  8
Visible
100
AcDbLine
 10
431.720439
 20
327.492006
 30
0.0
 11
431.720439
 21
304.492006
 31
0.0
  0
LINE
  5
C0B
330
70
100
AcDbEntity
  8
Visible
100
AcDbLine
 10
425.720439
 20
327.492006
 30
0.0
 11
431.720439
 21
327.492006
 31
0.0
  0
LINE
  5
C0C
330
70
100
AcDbEntity
  8
Visible
100
AcDbLine
 10
425.720439
 20
310.492006
 30
0.0
 11
425.720439
 21
327.492006
 31
0.0
  0
LINE
  5
C0D
330
70
100
AcDbEntity
  8
Visible
100
AcDbLine
 10
419.720439
 20
310.492006
 30
0.0
 11
425.720439
 21
310.492006
 31
0.0
  0
LINE
  5
C0E
330
70
100
AcDbEntity
  8
Visible
100
AcDbLine
 10
419.720439
 20
260.492006
 30
0.0
 11
419.720439
 21
310.492006
 31
0.0
  0
LINE
  5
C0F
330
70
100
AcDbEntity
  8
Visible
100
AcDbLine
 10
425.720439
 20
260.492006
 30
0.0
 11
419.720439
 21
260.492006
 31
0.0
  0
LINE
  5
C10
330
70
100
AcDbEntity
  8
Visible
100
AcDbLine
 10
414.720439
 20
435.492006
 30
0.0
 11
394.720439
 21
435.492006
 31
0.0
  0
LINE
  5
C11
330
70
100
AcDbEntity
  8
Visible
100
AcDbLine
 10
414.720439
 20
441.492006
 30
0.0
 11
414.720439
 21
435.492006
 31
0.0
  0
LINE
  5
C12
330
70
100
AcDbEntity
  8
Visible
100
AcDbLine
 10
469.720439
 20
441.492006
 30
0.0
 11
414.720439
 21
441.492006
 31
0.0
  0
LINE
  5
C13
330
70
100
AcDbEntity
  8
Visible
100
AcDbLine
 10
469.720439
 20
435.492006
 30
0.0
 11
469.720439
 21
441.492006
 31
0.0
  0
LINE
  5
C14
330
70
100
AcDbEntity
  8
Visible
100
AcDbLine
 10
492.720439
 20
435.492006
 30
0.0
 11
469.720439
 21
435.492006
 31
0.0
  0
LINE
  5
C15
330
70
100
AcDbEntity
  8
Visible
100
AcDbLine
 10
492.720439
 20
441.492006
 30
0.0
 11
492.720439
 21
435.492006
 31
0.0
  0
LINE
  5
C16
330
70
100
AcDbEntity
  8
Visible
100
AcDbLine
 10
535.720439
 20
441.492006
 30
0.0
 11
492.720439
 21
441.492006
 31
0.0
  0
LINE
  5
C17
330
70
100
AcDbEntity
  8
Visible
100
AcDbLine
 10
535.720439
 20
435.492006
 30
0.0
 11
535.720439
 21
441.492006
 31
0.0
  0
LINE
  5
C18
330
70
100
AcDbEntity
  8
Visible
100
AcDbLine
 10
558.720439
 20
435.492006
 30
0.0
 11
535.720439
 21
435.492006
 31
0.0
  0
LINE
  5
C19
330
70
100
AcDbEntity
  8
Visible
100
AcDbLine
 10
558.720439
 20
441.492006
 30
0.0
 11
558.720439
 21
435.492006
 31
0.0
  0
LINE
  5
C1A
330
70
100
AcDbEntity
  8
Visible
100
AcDbLine
 10
602.720439
 20
441.492006
 30
0.0
 11
558.720439
 21
441.492006
 31
0.0
  0
LINE
  5
C1B
330
70
100
AcDbEntity
  8
Visible
100
AcDbLine
 10
602.720439
 20
411.492006
 30
0.0
 11
602.720439
 21
441.492006
 31
0.0
  0
LINE
  5
C1C
330
70
100
AcDbEntity
  8
Visible
100
AcDbLine
 10
596.720439
 20
411.492006
 30
0.0
 11
602.720439
 21
411.492006
 31
0.0
  0
LINE
  5
C1D
330
70
100
AcDbEntity
  8
Visible
100
AcDbLine
 10
596.720439
 20
401.492006
 30
0.0
 11
596.720439
 21
411.492006
 31
0.0
  0
LINE
  5
C1E
330
70
100
AcDbEntity
  8
Visible
100
AcDbLine
 10
602.720439
 20
401.492006
 30
0.0
 11
596.720439
 21
401.492006
 31
0.0
  0
LINE
  5
C1F
330
70
100
AcDbEntity
  8
Visible
100
AcDbLine
 10
602.720439
 20
327.492006
 30
0.0
 11
602.720439
 21
401.492006
 31
0.0
  0
LINE
  5
C20
330
70
100
AcDbEntity
  8
Visible
100
AcDbLine
 10
596.720439
 20
327.492006
 30
0.0
 11
602.720439
 21
327.492006
 31
0.0
  0
LINE
  5
C21
330
70
100
AcDbEntity
  8
Visible
100
AcDbLine
 10
596.720439
 20
304.492006
 30
0.0
 11
596.720439
 21
327.492006
 31
0.0
  0
LINE
  5
C22
330
70
100
AcDbEntity
  8
Visible
100
AcDbLine
 10
602.720439
 20
304.492006
 30
0.0
 11
596.720439
 21
304.492006
 31
0.0
  0
LINE
  5
C23
330
70
100
AcDbEntity
  8
Visible
100
AcDbLine
 10
602.720439
 20
261.492006
 30
0.0
 11
602.720439
 21
304.492006
 31
0.0
  0
LINE
  5
C24
330
70
100
AcDbEntity
  8
Visible
100
AcDbLine
 10
596.720439
 20
261.492006
 30
0.0
 11
602.720439
 21
261.492006
 31
0.0
  0
LINE
  5
C25
330
70
100
AcDbEntity
  8
Visible
100
AcDbLine
 10
596.720439
 20
238.492006
 30
0.0
 11
596.720439
 21
261.492006
 31
0.0
  0
LINE
  5
C26
330
70
100
AcDbEntity
  8
Visible
100
AcDbLine
 10
602.720439
 20
238.492006
 30
0.0
 11
596.720439
 21
238.492006
 31
0.0
  0
LINE
  5
C27
330
70
100
AcDbEntity
  8
Visible
100
AcDbLine
 10
602.720439
 20
194.492006
 30
0.0
 11
602.720439
 21
238.492006
 31
0.0
  0
LINE
  5
C28
330
70
100
AcDbEntity
  8
Visible
100
AcDbLine
 10
558.720439
 20
194.492006
 30
0.0
 11
602.720439
 21
194.492006
 31
0.0
  0
LINE
  5
C29
330
70
100
AcDbEntity
  8
Visible
100
AcDbLine
 10
558.720439
 20
200.492006
 30
0.0
 11
558.720439
 21
194.492006
 31
0.0
  0
LINE
  5
C2A
330
70
100
AcDbEntity
  8
Visible
100
AcDbLine
 10
535.720439
 20
200.492006
 30
0.0
 11
558.720439
 21
200.492006
 31
0.0
  0
LINE
  5
C2B
330
70
100
AcDbEntity
  8
Visible
100
AcDbLine
 10
535.720439
 20
194.492006
 30
0.0
 11
535.720439
 21
200.492006
 31
0.0
  0
LINE
  5
C2C
330
70
100
AcDbEntity
  8
Visible
100
AcDbLine
 10
492.720439
 20
194.492006
 30
0.0
 11
535.720439
 21
194.492006
 31
0.0
  0
LINE
  5
C2D
330
70
100
AcDbEntity
  8
Visible
100
AcDbLine
 10
492.720439
 20
200.492006
 30
0.0
 11
492.720439
 21
194.492006
 31
0.0
  0
LINE
  5
C2E
330
70
100
AcDbEntity
  8
Visible
100
AcDbLine
 10
469.720439
 20
200.492006
 30
0.0
 11
492.720439
 21
200.492006
 31
0.0
  0
LINE
  5
C2F
330
70
100
AcDbEntity
  8
Visible
100
AcDbLine
 10
469.720439
 20
194.492006
 30
0.0
 11
469.720439
 21
200.492006
 31
0.0
  0
LINE
  5
C30
330
70
100
AcDbEntity
  8
Visible
100
AcDbLine
 10
425.720439
 20
194.492006
 30
0.0
 11
469.720439
 21
194.492006
 31
0.0
  0
LINE
  5
C31
330
70
100
AcDbEntity
  8
Visible
100
AcDbLine
 10
425.720439
 20
190.492006
 30
0.0
 11
425.720439
 21
194.492006
 31
0.0
  0
LINE
  5
C32
330
70
100
AcDbEntity
  8
Visible
100
AcDbLine
 10
419.720439
 20
190.492006
 30
0.0
 11
425.720439
 21
190.492006
 31
0.0
  0
LINE
  5
C33
330
70
100
AcDbEntity
  8
Visible
100
AcDbLine
 10
419.720439
 20
140.492006
 30
0.0
 11
419.720439
 21
190.492006
 31
0.0
  0
LINE
  5
C34
330
70
100
AcDbEntity
  8
Visible
100
AcDbLine
 10
425.720439
 20
140.492006
 30
0.0
 11
419.720439
 21
140.492006
 31
0.0
  0
LINE
  5
C35
330
70
100
AcDbEntity
  8
Visible
100
AcDbLine
 10
425.720439
 20
70.492006
 30
0.0
 11
425.720439
 21
140.492006
 31
0.0
  0
LINE
  5
C36
330
70
100
AcDbEntity
  8
Visible
100
AcDbLine
 10
419.720439
 20
70.492006
 30
0.0
 11
425.720439
 21
70.492006
 31
0.0
  0
LINE
  5
C37
330
70
100
AcDbEntity
  8
Visible
100
AcDbLine
 10
419.720439
 20
20.492006
 30
0.0
 11
419.720439
 21
70.492006
 31
0.0
  0
LINE
  5
C38
330
70
100
AcDbEntity
  8
Visible
100
AcDbLine
 10
425.720439
 20
20.492006
 30
0.0
 11
419.720439
 21
20.492006
 31
0.0
  0
LINE
  5
C39
330
70
100
AcDbEntity
  8
Visible
100
AcDbLine
 10
425.720439
 20
-49.507994
 30
0.0
 11
425.720439
 21
20.492006
 31
0.0
  0
LINE
  5
C3A
330
70
100
AcDbEntity
  8
Visible
100
AcDbLine
 10
419.720439
 20
-49.507994
 30
0.0
 11
425.720439
 21
-49.507994
 31
0.0
  0
LINE
  5
C3B
330
70
100
AcDbEntity
  8
Visible
100
AcDbLine
 10
419.720439
 20
-99.507994
 30
0.0
 11
419.720439
 21
-49.507994
 31
0.0
  0
LINE
  5
C3C
330
70
100
AcDbEntity
  8
Visible
100
AcDbLine
 10
425.720439
 20
-99.507994
 30
0.0
 11
419.720439
 21
-99.507994
 31
0.0
  0
LINE
  5
C3D
330
70
100
AcDbEntity
  8
Visible
100
AcDbLine
 10
425.720439
 20
-169.507994
 30
0.0
 11
425.720439
 21
-99.507994
 31
0.0
  0
LINE
  5
C3E
330
70
100
AcDbEntity
  8
Visible
100
AcDbLine
 10
419.720439
 20
-169.507994
 30
0.0
 11
425.720439
 21
-169.507994
 31
0.0
  0
LINE
  5
C3F
330
70
100
AcDbEntity
  8
Visible
100
AcDbLine
 10
419.720439
 20
-219.507994
 30
0.0
 11
419.720439
 21
-169.507994
 31
0.0
  0
LINE
  5
C40
330
70
100
AcDbEntity
  8
Visible
100
AcDbLine
 10
425.720439
 20
-219.507994
 30
0.0
 11
419.720439
 21
-219.507994
 31
0.0
  0
LINE
  5
C41
330
70
100
AcDbEntity
  8
Visible
100
AcDbLine
 10
425.720439
 20
-542.507994
 30
0.0
 11
425.720439
 21
-219.507994
 31
0.0
  0
LINE
  5
C42
330
70
100
AcDbEntity
  8
Visible
100
AcDbLine
 10
419.720439
 20
-542.507994
 30
0.0
 11
425.720439
 21
-542.507994
 31
0.0
  0
LINE
  5
C43
330
70
100
AcDbEntity
  8
Visible
100
AcDbLine
 10
419.720439
 20
-536.507994
 30
0.0
 11
419.720439
 21
-542.507994
 31
0.0
  0
LINE
  5
C44
330
70
100
AcDbEntity
  8
Visible
100
AcDbLine
 10
389.720439
 20
-536.507994
 30
0.0
 11
419.720439
 21
-536.507994
 31
0.0
  0
LINE
  5
C45
330
70
100
AcDbEntity
  8
Visible
100
AcDbLine
 10
389.720439
 20
-542.507994
 30
0.0
 11
389.720439
 21
-536.507994
 31
0.0
  0
LINE
  5
C46
330
70
100
AcDbEntity
  8
Visible
100
AcDbLine
 10
359.720439
 20
-542.507994
 30
0.0
 11
389.720439
 21
-542.507994
 31
0.0
  0
LINE
  5
C47
330
70
100
AcDbEntity
  8
Visible
100
AcDbLine
 10
359.720439
 20
-536.507994
 30
0.0
 11
359.720439
 21
-542.507994
 31
0.0
  0
LINE
  5
C48
330
70
100
AcDbEntity
  8
Visible
100
AcDbLine
 10
329.720439
 20
-536.507994
 30
0.0
 11
359.720439
 21
-536.507994
 31
0.0
  0
LINE
  5
C49
330
70
100
AcDbEntity
  8
Visible
100
AcDbLine
 10
329.720439
 20
-542.507994
 30
0.0
 11
329.720439
 21
-536.507994
 31
0.0
  0
LINE
  5
C4A
330
70
100
AcDbEntity
  8
Visible
100
AcDbLine
 10
299.720439
 20
-542.507994
 30
0.0
 11
329.720439
 21
-542.507994
 31
0.0
  0
LINE
  5
C4B
330
70
100
AcDbEntity
  8
Visible
100
AcDbLine
 10
299.720439
 20
-536.507994
 30
0.0
 11
299.720439
 21
-542.507994
 31
0.0
  0
LINE
  5
C4C
330
70
100
AcDbEntity
  8
Visible
100
AcDbLine
 10
269.720439
 20
-536.507994
 30
0.0
 11
299.720439
 21
-536.507994
 31
0.0
  0
LINE
  5
C4D
330
70
100
AcDbEntity
  8
Visible
100
AcDbLine
 10
269.720439
 20
-542.507994
 30
0.0
 11
269.720439
 21
-536.507994
 31
0.0
  0
LINE
  5
C4E
330
70
100
AcDbEntity
  8
Visible
100
AcDbLine
 10
239.720439
 20
-542.507994
 30
0.0
 11
269.720439
 21
-542.507994
 31
0.0
  0
LINE
  5
C4F
330
70
100
AcDbEntity
  8
Visible
100
AcDbLine
 10
239.720439
 20
-536.507994
 30
0.0
 11
239.720439
 21
-542.507994
 31
0.0
  0
LINE
  5
C50
330
70
100
AcDbEntity
  8
Visible
100
AcDbLine
 10
209.720439
 20
-536.507994
 30
0.0
 11
239.720439
 21
-536.507994
 31
0.0
  0
LINE
  5
C51
330
70
100
AcDbEntity
  8
Visible
100
AcDbLine
 10
209.720439
 20
-542.507994
 30
0.0
 11
209.720439
 21
-536.507994
 31
0.0
  0
LINE
  5
C52
330
70
100
AcDbEntity
  8
Visible
100
AcDbLine
 10
179.720439
 20
-542.507994
 30
0.0
 11
209.720439
 21
-542.507994
 31
0.0
  0
LINE
  5
C53
330
70
100
AcDbEntity
  8
Visible
100
AcDbLine
 10
179.720439
 20
-536.507994
 30
0.0
 11
179.720439
 21
-542.507994
 31
0.0
  0
LINE
  5
C54
330
70
100
AcDbEntity
  8
Visible
100
AcDbLine
 10
149.720439
 20
-536.507994
 30
0.0
 11
179.720439
 21
-536.507994
 31
0.0
  0
LINE
  5
C55
330
70
100
AcDbEntity
  8
Visible
100
AcDbLine
 10
149.720439
 20
-542.507994
 30
0.0
 11
149.720439
 21
-536.507994
 31
0.0
  0
LINE
  5
C56
330
70
100
AcDbEntity
  8
Visible
100
AcDbLine
 10
119.720439
 20
-542.507994
 30
0.0
 11
149.720439
 21
-542.507994
 31
0.0
  0
LINE
  5
C57
330
70
100
AcDbEntity
  8
Visible
100
AcDbLine
 10
119.720439
 20
-536.507994
 30
0.0
 11
119.720439
 21
-542.507994
 31
0.0
  0
LINE
  5
C58
330
70
100
AcDbEntity
  8
Visible
100
AcDbLine
 10
89.720439
 20
-536.507994
 30
0.0
 11
119.720439
 21
-536.507994
 31
0.0
  0
LINE
  5
C59
330
70
100
AcDbEntity
  8
Visible
100
AcDbLine
 10
89.720439
 20
-542.507994
 30
0.0
 11
89.720439
 21
-536.507994
 31
0.0
  0
LINE
  5
C5A
330
70
100
AcDbEntity
  8
Visible
100
AcDbLine
 10
83.720439
 20
-542.507994
 30
0.0
 11
89.720439
 21
-542.507994
 31
0.0
  0
LINE
  5
C5B
330
70
100
AcDbEntity
  8
Visible
100
AcDbLine
 10
83.720439
 20
-219.507994
 30
0.0
 11
83.720439
 21
-542.507994
 31
0.0
  0
LINE
  5
C5C
330
70
100
AcDbEntity
  8
Visible
100
AcDbLine
 10
89.720439
 20
-219.507994
 30
0.0
 11
83.720439
 21
-219.507994
 31
0.0
  0
LINE
  5
C5D
330
70
100
AcDbEntity
  8
Visible
100
AcDbLine
 10
89.720439
 20
-169.507994
 30
0.0
 11
89.720439
 21
-219.507994
 31
0.0
  0
LINE
  5
C5E
330
70
100
AcDbEntity
  8
Visible
100
AcDbLine
 10
83.720439
 20
-169.507994
 30
0.0
 11
89.720439
 21
-169.507994
 31
0.0
  0
LINE
  5
C5F
330
70
100
AcDbEntity
  8
Visible
100
AcDbLine
 10
83.720439
 20
-99.507994
 30
0.0
 11
83.720439
 21
-169.507994
 31
0.0
  0
LINE
  5
C60
330
70
100
AcDbEntity
  8
Visible
100
AcDbLine
 10
89.720439
 20
-99.507994
 30
0.0
 11
83.720439
 21
-99.507994
 31
0.0
  0
LINE
  5
C61
330
70
100
AcDbEntity
  8
Visible
100
AcDbLine
 10
89.720439
 20
-49.507994
 30
0.0
 11
89.720439
 21
-99.507994
 31
0.0
  0
LINE
  5
C62
330
70
100
AcDbEntity
  8
Visible
100
AcDbLine
 10
83.720439
 20
-49.507994
 30
0.0
 11
89.720439
 21
-49.507994
 31
0.0
  0
LINE
  5
C63
330
70
100
AcDbEntity
  8
Visible
100
AcDbLine
 10
83.720439
 20
20.492006
 30
0.0
 11
83.720439
 21
-49.507994
 31
0.0
  0
LINE
  5
C64
330
70
100
AcDbEntity
  8
Visible
100
AcDbLine
 10
89.720439
 20
20.492006
 30
0.0
 11
83.720439
 21
20.492006
 31
0.0
  0
LINE
  5
C65
330
70
100
AcDbEntity
  8
Visible
100
AcDbLine
 10
89.720439
 20
70.492006
 30
0.0
 11
89.720439
 21
20.492006
 31
0.0
  0
LINE
  5
C66
330
70
100
AcDbEntity
  8
Visible
100
AcDbLine
 10
83.720439
 20
70.492006
 30
0.0
 11
89.720439
 21
70.492006
 31
0.0
  0
LINE
  5
C67
330
70
100
AcDbEntity
  8
Visible
100
AcDbLine
 10
83.720439
 20
140.492006
 30
0.0
 11
83.720439
 21
70.492006
 31
0.0
  0
LINE
  5
C68
330
70
100
AcDbEntity
  8
Visible
100
AcDbLine
 10
89.720439
 20
140.492006
 30
0.0
 11
83.720439
 21
140.492006
 31
0.0
  0
LINE
  5
C69
330
70
100
AcDbEntity
  8
Visible
100
AcDbLine
 10
89.720439
 20
190.492006
 30
0.0
 11
89.720439
 21
140.492006
 31
0.0
  0
LINE
  5
C6A
330
70
100
AcDbEntity
  8
Visible
100
AcDbLine
 10
83.720439
 20
190.492006
 30
0.0
 11
89.720439
 21
190.492006
 31
0.0
  0
LINE
  5
C6B
330
70
100
AcDbEntity
  8
Visible
100
AcDbLine
 10
83.720439
 20
260.492006
 30
0.0
 11
83.720439
 21
190.492006
 31
0.0
  0
LINE
  5
C6C
330
70
100
AcDbEntity
  8
Visible
100
AcDbLine
 10
89.720439
 20
260.492006
 30
0.0
 11
83.720439
 21
260.492006
 31
0.0
  0
LINE
  5
C6D
330
70
100
AcDbEntity
  8
Visible
100
AcDbLine
 10
89.720439
 20
310.492006
 30
0.0
 11
89.720439
 21
260.492006
 31
0.0
  0
LINE
  5
C6E
330
70
100
AcDbEntity
  8
Visible
100
AcDbLine
 10
83.720439
 20
310.492006
 30
0.0
 11
89.720439
 21
310.492006
 31
0.0
  0
LINE
  5
C6F
330
70
100
AcDbEntity
  8
Visible
100
AcDbLine
 10
83.720439
 20
380.492006
 30
0.0
 11
83.720439
 21
310.492006
 31
0.0
  0
LINE
  5
C70
330
70
100
AcDbEntity
  8
Visible
100
AcDbLine
 10
89.720439
 20
380.492006
 30
0.0
 11
83.720439
 21
380.492006
 31
0.0
  0
LINE
  5
C71
330
70
100
AcDbEntity
  8
Visible
100
AcDbLine
 10
89.720439
 20
430.492006
 30
0.0
 11
89.720439
 21
380.492006
 31
0.0
  0
LINE
  5
C72
330
70
100
AcDbEntity
  8
Visible
100
AcDbLine
 10
83.720439
 20
430.492006
 30
0.0
 11
89.720439
 21
430.492006
 31
0.0
  0
LINE
  5
C73
330
70
100
AcDbEntity
  8
Visible
100
AcDbLine
 10
83.720439
 20
441.492006
 30
0.0
 11
83.720439
 21
430.492006
 31
0.0
  0
LINE
  5
C74
330
70
100
AcDbEntity
  8
Visible
100
AcDbLine
 10
94.720439
 20
441.492006
 30
0.0
 11
83.720439
 21
441.492006
 31
0.0
  0
LINE
  5
C75
330
70
100
AcDbEntity
  8
Visible
100
AcDbLine
 10
94.720439
 20
435.492006
 30
0.0
 11
94.720439
 21
441.492006
 31
0.0
  0
LINE
  5
C76
330
70
100
AcDbEntity
  8
Visible
100
AcDbLine
 10
114.720439
 20
435.492006
 30
0.0
 11
94.720439
 21
435.492006
 31
0.0
  0
LINE
  5
C77
330
70
100
AcDbEntity
  8
Visible
100
AcDbLine
 10
114.720439
 20
441.492006
 30
0.0
 11
114.720439
 21
435.492006
 31
0.0
  0
LINE
  5
C78
330
70
100
AcDbEntity
  8
Visible
100
AcDbLine
 10
154.720439
 20
441.492006
 30
0.0
 11
114.720439
 21
441.492006
 31
0.0
  0
LINE
  5
C79
330
70
100
AcDbEntity
  8
Visible
100
AcDbLine
 10
154.720439
 20
435.492006
 30
0.0
 11
154.720439
 21
441.492006
 31
0.0
  0
LINE
  5
C7A
330
70
100
AcDbEntity
  8
Visible
100
AcDbLine
 10
174.720439
 20
435.492006
 30
0.0
 11
154.720439
 21
435.492006
 31
0.0
  0
LINE
  5
C7B
330
70
100
AcDbEntity
  8
Visible
100
AcDbLine
 10
174.720439
 20
441.492006
 30
0.0
 11
174.720439
 21
435.492006
 31
0.0
  0
LINE
  5
C7C
330
70
100
AcDbEntity
  8
Visible
100
AcDbLine
 10
214.720439
 20
441.492006
 30
0.0
 11
174.720439
 21
441.492006
 31
0.0
  0
LINE
  5
C7D
330
70
100
AcDbEntity
  8
Visible
100
AcDbLine
 10
214.720439
 20
435.492006
 30
0.0
 11
214.720439
 21
441.492006
 31
0.0
  0
LINE
  5
C7E
330
70
100
AcDbEntity
  8
Visible
100
AcDbLine
 10
234.720439
 20
435.492006
 30
0.0
 11
214.720439
 21
435.492006
 31
0.0
  0
LINE
  5
C7F
330
70
100
AcDbEntity
  8
Visible
100
AcDbLine
 10
234.720439
 20
441.492006
 30
0.0
 11
234.720439
 21
435.492006
 31
0.0
  0
LINE
  5
C80
330
70
100
AcDbEntity
  8
Visible
100
AcDbLine
 10
274.720439
 20
441.492006
 30
0.0
 11
234.720439
 21
441.492006
 31
0.0
  0
LINE
  5
C81
330
70
100
AcDbEntity
  8
Visible
100
AcDbLine
 10
274.720439
 20
435.492006
 30
0.0
 11
274.720439
 21
441.492006
 31
0.0
  0
LINE
  5
C82
330
70
100
AcDbEntity
  8
Visible
100
AcDbLine
 10
294.720439
 20
435.492006
 30
0.0
 11
274.720439
 21
435.492006
 31
0.0
  0
LINE
  5
C83
330
70
100
AcDbEntity
  8
Visible
100
AcDbLine
 10
294.720439
 20
441.492006
 30
0.0
 11
294.720439
 21
435.492006
 31
0.0
  0
LINE
  5
C84
330
70
100
AcDbEntity
  8
Visible
100
AcDbLine
 10
334.720439
 20
441.492006
 30
0.0
 11
294.720439
 21
441.492006
 31
0.0
  0
LINE
  5
C85
330
70
100
AcDbEntity
  8
Visible
100
AcDbLine
 10
334.720439
 20
435.492006
 30
0.0
 11
334.720439
 21
441.492006
 31
0.0
  0
LINE
  5
C86
330
70
100
AcDbEntity
  8
Visible
100
AcDbLine
 10
354.720439
 20
435.492006
 30
0.0
 11
334.720439
 21
435.492006
 31
0.0
  0
LINE
  5
C87
330
70
100
AcDbEntity
  8
Visible
100
AcDbLine
 10
354.720439
 20
441.492006
 30
0.0
 11
354.720439
 21
435.492006
 31
0.0
  0
LINE
  5
C88
330
70
100
AcDbEntity
  8
Visible
100
AcDbLine
 10
394.720439
 20
441.492006
 30
0.0
 11
354.720439
 21
441.492006
 31
0.0
  0
LINE
  5
C89
330
70
100
AcDbEntity
  8
Visible
100
AcDbLine
 10
394.720439
 20
435.492006
 30
0.0
 11
394.720439
 21
441.492006
 31
0.0
  0
CIRCLE
  5
C8A
330
70
100
AcDbEntity
  8
Visible
100
AcDbCircle
 10
-254.720439
 20
-353.247566
 30
0.0
 40
10.0
210
0.0
220
0.0
230
-1.0
  0
LINE
  5
C8B
330
70
100
AcDbEntity
  8
Visible
100
AcDbLine
 10
353.720439
 20
-273.715751
 30
0.0
 11
155.720439
 21
-273.715751
 31
0.0
  0
LINE
  5
C8C
330
70
100
AcDbEntity
  8
Visible
100
AcDbLine
 10
353.720439
 20
-422.278433
 30
0.0
 11
353.720439
 21
-273.715751
 31
0.0
  0
LINE
  5
C8D
330
70
100
AcDbEntity
  8
Visible
100
AcDbLine
 10
155.720439
 20
-422.278433
 30
0.0
 11
353.720439
 21
-422.278433
 31
0.0
  0
LINE
  5
C8E
330
70
100
AcDbEntity
  8
Visible
100
AcDbLine
 10
155.720439
 20
-273.715751
 30
0.0
 11
155.720439
 21
-422.278433
 31
0.0
  0
LINE
  5
C8F
330
70
100
AcDbEntity
  8
Visible
100
AcDbLine
 10
-1150.892376
 20
-431.444187
 30
0.0
 11
-1150.892376
 21
-278.881504
 31
0.0
  0
LINE
  5
C90
330
70
100
AcDbEntity
  8
Visible
100
AcDbLine
 10
-950.892376
 20
-431.444187
 30
0.0
 11
-1150.892376
 21
-431.444187
 31
0.0
  0
LINE
  5
C91
330
70
100
AcDbEntity
  8
Visible
100
AcDbLine
 10
-950.892376
 20
-278.881504
 30
0.0
 11
-950.892376
 21
-431.444187
 31
0.0
  0
LINE
  5
C92
330
70
100
AcDbEntity
  8
Visible
100
AcDbLine
 10
-1150.892376
 20
-278.881504
 30
0.0
 11
-950.892376
 21
-278.881504
 31
0.0
  0
LINE
  5
C93
330
70
100
AcDbEntity
  8
Visible
100
AcDbLine
 10
-879.892376
 20
424.326253
 30
0.0
 11
-879.892376
 21
409.326253
 31
0.0
  0
LINE
  5
C94
330
70
100
AcDbEntity
  8
Visible
100
AcDbLine
 10
-885.892376
 20
424.326253
 30
0.0
 11
-879.892376
 21
424.326253
 31
0.0
  0
LINE
  5
C95
330
70
100
AcDbEntity
  8
Visible
100
AcDbLine
 10
-885.892376
 20
374.326253
 30
0.0
 11
-885.892376
 21
424.326253
 31
0.0
  0
LINE
  5
C96
330
70
100
AcDbEntity
  8
Visible
100
AcDbLine
 10
-879.892376
 20
374.326253
 30
0.0
 11
-885.892376
 21
374.326253
 31
0.0
  0
LINE
  5
C97
330
70
100
AcDbEntity
  8
Visible
100
AcDbLine
 10
-879.95442
 20
389.326253
 30
0.0
 11
-879.892376
 21
374.326253
 31
0.0
  0
LINE
  5
C98
330
70
100
AcDbEntity
  8
Visible
100
AcDbLine
 10
-873.95442
 20
389.326253
 30
0.0
 11
-879.95442
 21
389.326253
 31
0.0
  0
LINE
  5
C99
330
70
100
AcDbEntity
  8
Visible
100
AcDbLine
 10
-873.95442
 20
409.326253
 30
0.0
 11
-873.95442
 21
389.326253
 31
0.0
  0
LINE
  5
C9A
330
70
100
AcDbEntity
  8
Visible
100
AcDbLine
 10
-879.892376
 20
409.326253
 30
0.0
 11
-873.95442
 21
409.326253
 31
0.0
  0
LINE
  5
C9B
330
70
100
AcDbEntity
  8
Visible
100
AcDbLine
 10
-879.892376
 20
326.326253
 30
0.0
 11
-873.892376
 21
326.326253
 31
0.0
  0
LINE
  5
C9C
330
70
100
AcDbEntity
  8
Visible
100
AcDbLine
 10
-879.892376
 20
304.326253
 30
0.0
 11
-879.892376
 21
326.326253
 31
0.0
  0
LINE
  5
C9D
330
70
100
AcDbEntity
  8
Visible
100
AcDbLine
 10
-885.892376
 20
304.326253
 30
0.0
 11
-879.892376
 21
304.326253
 31
0.0
  0
LINE
  5
C9E
330
70
100
AcDbEntity
  8
Visible
100
AcDbLine
 10
-885.892376
 20
254.326253
 30
0.0
 11
-885.892376
 21
304.326253
 31
0.0
  0
LINE
  5
C9F
330
70
100
AcDbEntity
  8
Visible
100
AcDbLine
 10
-879.892376
 20
254.326253
 30
0.0
 11
-885.892376
 21
254.326253
 31
0.0
  0
LINE
  5
CA0
330
70
100
AcDbEntity
  8
Visible
100
AcDbLine
 10
-879.892376
 20
227.326253
 30
0.0
 11
-879.892376
 21
254.326253
 31
0.0
  0
LINE
  5
CA1
330
70
100
AcDbEntity
  8
Visible
100
AcDbLine
 10
-873.892376
 20
227.326253
 30
0.0
 11
-879.892376
 21
227.326253
 31
0.0
  0
LINE
  5
CA2
330
70
100
AcDbEntity
  8
Visible
100
AcDbLine
 10
-873.892376
 20
260.326253
 30
0.0
 11
-873.892376
 21
227.326253
 31
0.0
  0
LINE
  5
CA3
330
70
100
AcDbEntity
  8
Visible
100
AcDbLine
 10
-879.892376
 20
260.326253
 30
0.0
 11
-873.892376
 21
260.326253
 31
0.0
  0
LINE
  5
CA4
330
70
100
AcDbEntity
  8
Visible
100
AcDbLine
 10
-879.892376
 20
293.326253
 30
0.0
 11
-879.892376
 21
260.326253
 31
0.0
  0
LINE
  5
CA5
330
70
100
AcDbEntity
  8
Visible
100
AcDbLine
 10
-873.861325
 20
293.326253
 30
0.0
 11
-879.892376
 21
293.326253
 31
0.0
  0
LINE
  5
CA6
330
70
100
AcDbEntity
  8
Visible
100
AcDbLine
 10
-873.892376
 20
298.326253
 30
0.0
 11
-873.861325
 21
293.326253
 31
0.0
  0
LINE
  5
CA7
330
70
100
AcDbEntity
  8
Visible
100
AcDbLine
 10
-873.892376
 20
326.326253
 30
0.0
 11
-873.892376
 21
298.326253
 31
0.0
  0
LINE
  5
CA8
330
70
100
AcDbEntity
  8
Visible
100
AcDbLine
 10
-879.891438
 20
-243.150463
 30
0.0
 11
-879.892376
 21
-226.150463
 31
0.0
  0
LINE
  5
CA9
330
70
100
AcDbEntity
  8
Visible
100
AcDbLine
 10
-885.891438
 20
-243.150794
 30
0.0
 11
-879.891438
 21
-243.150463
 31
0.0
  0
LINE
  5
CAA
330
70
100
AcDbEntity
  8
Visible
100
AcDbLine
 10
-885.889783
 20
-273.150794
 30
0.0
 11
-885.891438
 21
-243.150794
 31
0.0
  0
LINE
  5
CAB
330
70
100
AcDbEntity
  8
Visible
100
AcDbLine
 10
-879.889783
 20
-273.150463
 30
0.0
 11
-885.889783
 21
-273.150794
 31
0.0
  0
LINE
  5
CAC
330
70
100
AcDbEntity
  8
Visible
100
AcDbLine
 10
-879.887741
 20
-310.150463
 30
0.0
 11
-879.889783
 21
-273.150463
 31
0.0
  0
LINE
  5
CAD
330
70
100
AcDbEntity
  8
Visible
100
AcDbLine
 10
-885.887741
 20
-310.150794
 30
0.0
 11
-879.887741
 21
-310.150463
 31
0.0
  0
LINE
  5
CAE
330
70
100
AcDbEntity
  8
Visible
100
AcDbLine
 10
-885.886086
 20
-340.150794
 30
0.0
 11
-885.887741
 21
-310.150794
 31
0.0
  0
LINE
  5
CAF
330
70
100
AcDbEntity
  8
Visible
100
AcDbLine
 10
-879.886086
 20
-340.150463
 30
0.0
 11
-885.886086
 21
-340.150794
 31
0.0
  0
LINE
  5
CB0
330
70
100
AcDbEntity
  8
Visible
100
AcDbLine
 10
-879.884044
 20
-377.150463
 30
0.0
 11
-879.886086
 21
-340.150463
 31
0.0
  0
LINE
  5
CB1
330
70
100
AcDbEntity
  8
Visible
100
AcDbLine
 10
-885.884044
 20
-377.150794
 30
0.0
 11
-879.884044
 21
-377.150463
 31
0.0
  0
LINE
  5
CB2
330
70
100
AcDbEntity
  8
Visible
100
AcDbLine
 10
-885.882389
 20
-407.150794
 30
0.0
 11
-885.884044
 21
-377.150794
 31
0.0
  0
LINE
  5
CB3
330
70
100
AcDbEntity
  8
Visible
100
AcDbLine
 10
-879.882389
 20
-407.150463
 30
0.0
 11
-885.882389
 21
-407.150794
 31
0.0
  0
LINE
  5
CB4
330
70
100
AcDbEntity
  8
Visible
100
AcDbLine
 10
-879.880347
 20
-444.150463
 30
0.0
 11
-879.882389
 21
-407.150463
 31
0.0
  0
LINE
  5
CB5
330
70
100
AcDbEntity
  8
Visible
100
AcDbLine
 10
-885.880347
 20
-444.150794
 30
0.0
 11
-879.880347
 21
-444.150463
 31
0.0
  0
LINE
  5
CB6
330
70
100
AcDbEntity
  8
Visible
100
AcDbLine
 10
-885.878692
 20
-474.150794
 30
0.0
 11
-885.880347
 21
-444.150794
 31
0.0
  0
LINE
  5
CB7
330
70
100
AcDbEntity
  8
Visible
100
AcDbLine
 10
-879.878692
 20
-474.150463
 30
0.0
 11
-885.878692
 21
-474.150794
 31
0.0
  0
LINE
  5
CB8
330
70
100
AcDbEntity
  8
Visible
100
AcDbLine
 10
-879.87665
 20
-511.150462
 30
0.0
 11
-879.878692
 21
-474.150463
 31
0.0
  0
LINE
  5
CB9
330
70
100
AcDbEntity
  8
Visible
100
AcDbLine
 10
-885.87665
 20
-511.150794
 30
0.0
 11
-879.87665
 21
-511.150462
 31
0.0
  0
LINE
  5
CBA
330
70
100
AcDbEntity
  8
Visible
100
AcDbLine
 10
-885.874995
 20
-541.150793
 30
0.0
 11
-885.87665
 21
-511.150794
 31
0.0
  0
LINE
  5
CBB
330
70
100
AcDbEntity
  8
Visible
100
AcDbLine
 10
-879.874995
 20
-541.150462
 30
0.0
 11
-885.874995
 21
-541.150793
 31
0.0
  0
LINE
  5
CBC
330
70
100
AcDbEntity
  8
Visible
100
AcDbLine
 10
-879.874553
 20
-549.1506
 30
0.0
 11
-879.874995
 21
-541.150462
 31
0.0
  0
LINE
  5
CBD
330
70
100
AcDbEntity
  8
Visible
100
AcDbLine
 10
-885.874553
 20
-549.1506
 30
0.0
 11
-879.874553
 21
-549.1506
 31
0.0
  0
LINE
  5
CBE
330
70
100
AcDbEntity
  8
Visible
100
AcDbLine
 10
-885.874553
 20
-542.673747
 30
0.0
 11
-885.874553
 21
-549.1506
 31
0.0
  0
LINE
  5
CBF
330
70
100
AcDbEntity
  8
Visible
100
AcDbLine
 10
-915.892376
 20
-542.673747
 30
0.0
 11
-885.874553
 21
-542.673747
 31
0.0
  0
LINE
  5
CC0
330
70
100
AcDbEntity
  8
Visible
100
AcDbLine
 10
-915.892376
 20
-548.673747
 30
0.0
 11
-915.892376
 21
-542.673747
 31
0.0
  0
LINE
  5
CC1
330
70
100
AcDbEntity
  8
Visible
100
AcDbLine
 10
-945.892376
 20
-548.673747
 30
0.0
 11
-915.892376
 21
-548.673747
 31
0.0
  0
LINE
  5
CC2
330
70
100
AcDbEntity
  8
Visible
100
AcDbLine
 10
-945.892376
 20
-542.673747
 30
0.0
 11
-945.892376
 21
-548.673747
 31
0.0
  0
LINE
  5
CC3
330
70
100
AcDbEntity
  8
Visible
100
AcDbLine
 10
-975.892376
 20
-542.673747
 30
0.0
 11
-945.892376
 21
-542.673747
 31
0.0
  0
LINE
  5
CC4
330
70
100
AcDbEntity
  8
Visible
100
AcDbLine
 10
-975.892376
 20
-548.673747
 30
0.0
 11
-975.892376
 21
-542.673747
 31
0.0
  0
LINE
  5
CC5
330
70
100
AcDbEntity
  8
Visible
100
AcDbLine
 10
-1005.892376
 20
-548.673747
 30
0.0
 11
-975.892376
 21
-548.673747
 31
0.0
  0
LINE
  5
CC6
330
70
100
AcDbEntity
  8
Visible
100
AcDbLine
 10
-1005.892376
 20
-542.673747
 30
0.0
 11
-1005.892376
 21
-548.673747
 31
0.0
  0
LINE
  5
CC7
330
70
100
AcDbEntity
  8
Visible
100
AcDbLine
 10
-1034.406758
 20
-542.673747
 30
0.0
 11
-1005.892376
 21
-542.673747
 31
0.0
  0
LINE
  5
CC8
330
70
100
AcDbEntity
  8
Visible
100
AcDbLine
 10
-1034.392376
 20
-548.673747
 30
0.0
 11
-1034.406758
 21
-542.673747
 31
0.0
  0
LINE
  5
CC9
330
70
100
AcDbEntity
  8
Visible
100
AcDbLine
 10
-1064.392376
 20
-548.673747
 30
0.0
 11
-1034.392376
 21
-548.673747
 31
0.0
  0
LINE
  5
CCA
330
70
100
AcDbEntity
  8
Visible
100
AcDbLine
 10
-1064.392376
 20
-542.673747
 30
0.0
 11
-1064.392376
 21
-548.673747
 31
0.0
  0
LINE
  5
CCB
330
70
100
AcDbEntity
  8
Visible
100
AcDbLine
 10
-1095.892376
 20
-542.673747
 30
0.0
 11
-1064.392376
 21
-542.673747
 31
0.0
  0
LINE
  5
CCC
330
70
100
AcDbEntity
  8
Visible
100
AcDbLine
 10
-1095.892376
 20
-548.673747
 30
0.0
 11
-1095.892376
 21
-542.673747
 31
0.0
  0
LINE
  5
CCD
330
70
100
AcDbEntity
  8
Visible
100
AcDbLine
 10
-1125.892376
 20
-548.673747
 30
0.0
 11
-1095.892376
 21
-548.673747
 31
0.0
  0
LINE
  5
CCE
330
70
100
AcDbEntity
  8
Visible
100
AcDbLine
 10
-1125.892376
 20
-542.673747
 30
0.0
 11
-1125.892376
 21
-548.673747
 31
0.0
  0
LINE
  5
CCF
330
70
100
AcDbEntity
  8
Visible
100
AcDbLine
 10
-1155.892376
 20
-542.673747
 30
0.0
 11
-1125.892376
 21
-542.673747
 31
0.0
  0
LINE
  5
CD0
330
70
100
AcDbEntity
  8
Visible
100
AcDbLine
 10
-1155.892376
 20
-548.673747
 30
0.0
 11
-1155.892376
 21
-542.673747
 31
0.0
  0
LINE
  5
CD1
330
70
100
AcDbEntity
  8
Visible
100
AcDbLine
 10
-1185.892376
 20
-548.673747
 30
0.0
 11
-1155.892376
 21
-548.673747
 31
0.0
  0
LINE
  5
CD2
330
70
100
AcDbEntity
  8
Visible
100
AcDbLine
 10
-1185.892376
 20
-542.673747
 30
0.0
 11
-1185.892376
 21
-548.673747
 31
0.0
  0
LINE
  5
CD3
330
70
100
AcDbEntity
  8
Visible
100
AcDbLine
 10
-1215.892376
 20
-542.673747
 30
0.0
 11
-1185.892376
 21
-542.673747
 31
0.0
  0
LINE
  5
CD4
330
70
100
AcDbEntity
  8
Visible
100
AcDbLine
 10
-1215.892376
 20
-548.673795
 30
0.0
 11
-1215.892376
 21
-542.673747
 31
0.0
  0
LINE
  5
CD5
330
70
100
AcDbEntity
  8
Visible
100
AcDbLine
 10
-1221.892376
 20
-548.673795
 30
0.0
 11
-1215.892376
 21
-548.673795
 31
0.0
  0
LINE
  5
CD6
330
70
100
AcDbEntity
  8
Visible
100
AcDbLine
 10
-1221.895465
 20
-541.150462
 30
0.0
 11
-1221.892376
 21
-548.673795
 31
0.0
  0
LINE
  5
CD7
330
70
100
AcDbEntity
  8
Visible
100
AcDbLine
 10
-1215.895465
 20
-541.150793
 30
0.0
 11
-1221.895465
 21
-541.150462
 31
0.0
  0
LINE
  5
CD8
330
70
100
AcDbEntity
  8
Visible
100
AcDbLine
 10
-1215.89381
 20
-511.150794
 30
0.0
 11
-1215.895465
 21
-541.150793
 31
0.0
  0
LINE
  5
CD9
330
70
100
AcDbEntity
  8
Visible
100
AcDbLine
 10
-1221.89381
 20
-511.150462
 30
0.0
 11
-1215.89381
 21
-511.150794
 31
0.0
  0
LINE
  5
CDA
330
70
100
AcDbEntity
  8
Visible
100
AcDbLine
 10
-1221.891768
 20
-474.150463
 30
0.0
 11
-1221.89381
 21
-511.150462
 31
0.0
  0
LINE
  5
CDB
330
70
100
AcDbEntity
  8
Visible
100
AcDbLine
 10
-1215.891768
 20
-474.150794
 30
0.0
 11
-1221.891768
 21
-474.150463
 31
0.0
  0
LINE
  5
CDC
330
70
100
AcDbEntity
  8
Visible
100
AcDbLine
 10
-1215.890113
 20
-444.150794
 30
0.0
 11
-1215.891768
 21
-474.150794
 31
0.0
  0
LINE
  5
CDD
330
70
100
AcDbEntity
  8
Visible
100
AcDbLine
 10
-1221.890113
 20
-444.150463
 30
0.0
 11
-1215.890113
 21
-444.150794
 31
0.0
  0
LINE
  5
CDE
330
70
100
AcDbEntity
  8
Visible
100
AcDbLine
 10
-1221.888071
 20
-407.150463
 30
0.0
 11
-1221.890113
 21
-444.150463
 31
0.0
  0
LINE
  5
CDF
330
70
100
AcDbEntity
  8
Visible
100
AcDbLine
 10
-1215.888071
 20
-407.150794
 30
0.0
 11
-1221.888071
 21
-407.150463
 31
0.0
  0
LINE
  5
CE0
330
70
100
AcDbEntity
  8
Visible
100
AcDbLine
 10
-1215.886416
 20
-377.150794
 30
0.0
 11
-1215.888071
 21
-407.150794
 31
0.0
  0
LINE
  5
CE1
330
70
100
AcDbEntity
  8
Visible
100
AcDbLine
 10
-1221.886416
 20
-377.150463
 30
0.0
 11
-1215.886416
 21
-377.150794
 31
0.0
  0
LINE
  5
CE2
330
70
100
AcDbEntity
  8
Visible
100
AcDbLine
 10
-1221.884374
 20
-340.150463
 30
0.0
 11
-1221.886416
 21
-377.150463
 31
0.0
  0
LINE
  5
CE3
330
70
100
AcDbEntity
  8
Visible
100
AcDbLine
 10
-1215.884374
 20
-340.150794
 30
0.0
 11
-1221.884374
 21
-340.150463
 31
0.0
  0
LINE
  5
CE4
330
70
100
AcDbEntity
  8
Visible
100
AcDbLine
 10
-1215.882719
 20
-310.150794
 30
0.0
 11
-1215.884374
 21
-340.150794
 31
0.0
  0
LINE
  5
CE5
330
70
100
AcDbEntity
  8
Visible
100
AcDbLine
 10
-1221.882719
 20
-310.150463
 30
0.0
 11
-1215.882719
 21
-310.150794
 31
0.0
  0
LINE
  5
CE6
330
70
100
AcDbEntity
  8
Visible
100
AcDbLine
 10
-1221.880677
 20
-273.150463
 30
0.0
 11
-1221.882719
 21
-310.150463
 31
0.0
  0
LINE
  5
CE7
330
70
100
AcDbEntity
  8
Visible
100
AcDbLine
 10
-1215.880677
 20
-273.150794
 30
0.0
 11
-1221.880677
 21
-273.150463
 31
0.0
  0
LINE
  5
CE8
330
70
100
AcDbEntity
  8
Visible
100
AcDbLine
 10
-1215.879022
 20
-243.150794
 30
0.0
 11
-1215.880677
 21
-273.150794
 31
0.0
  0
LINE
  5
CE9
330
70
100
AcDbEntity
  8
Visible
100
AcDbLine
 10
-1221.879022
 20
-243.150463
 30
0.0
 11
-1215.879022
 21
-243.150794
 31
0.0
  0
LINE
  5
CEA
330
70
100
AcDbEntity
  8
Visible
100
AcDbLine
 10
-1221.892376
 20
-225.673085
 30
0.0
 11
-1221.879022
 21
-243.150463
 31
0.0
  0
LINE
  5
CEB
330
70
100
AcDbEntity
  8
Visible
100
AcDbLine
 10
-1215.892376
 20
-225.673085
 30
0.0
 11
-1221.892376
 21
-225.673085
 31
0.0
  0
LINE
  5
CEC
330
70
100
AcDbEntity
  8
Visible
100
AcDbLine
 10
-1215.892376
 20
-175.673747
 30
0.0
 11
-1215.892376
 21
-225.673085
 31
0.0
  0
LINE
  5
CED
330
70
100
AcDbEntity
  8
Visible
100
AcDbLine
 10
-1221.892376
 20
-175.673747
 30
0.0
 11
-1215.892376
 21
-175.673747
 31
0.0
  0
LINE
  5
CEE
330
70
100
AcDbEntity
  8
Visible
100
AcDbLine
 10
-1221.892376
 20
-105.673747
 30
0.0
 11
-1221.892376
 21
-175.673747
 31
0.0
  0
LINE
  5
CEF
330
70
100
AcDbEntity
  8
Visible
100
AcDbLine
 10
-1215.892376
 20
-105.673747
 30
0.0
 11
-1221.892376
 21
-105.673747
 31
0.0
  0
LINE
  5
CF0
330
70
100
AcDbEntity
  8
Visible
100
AcDbLine
 10
-1215.892376
 20
-55.673747
 30
0.0
 11
-1215.892376
 21
-105.673747
 31
0.0
  0
LINE
  5
CF1
330
70
100
AcDbEntity
  8
Visible
100
AcDbLine
 10
-1221.892376
 20
-55.673747
 30
0.0
 11
-1215.892376
 21
-55.673747
 31
0.0
  0
LINE
  5
CF2
330
70
100
AcDbEntity
  8
Visible
100
AcDbLine
 10
-1221.892376
 20
14.326253
 30
0.0
 11
-1221.892376
 21
-55.673747
 31
0.0
  0
LINE
  5
CF3
330
70
100
AcDbEntity
  8
Visible
100
AcDbLine
 10
-1215.892376
 20
14.326253
 30
0.0
 11
-1221.892376
 21
14.326253
 31
0.0
  0
LINE
  5
CF4
330
70
100
AcDbEntity
  8
Visible
100
AcDbLine
 10
-1215.892376
 20
64.326253
 30
0.0
 11
-1215.892376
 21
14.326253
 31
0.0
  0
LINE
  5
CF5
330
70
100
AcDbEntity
  8
Visible
100
AcDbLine
 10
-1221.892376
 20
64.326253
 30
0.0
 11
-1215.892376
 21
64.326253
 31
0.0
  0
LINE
  5
CF6
330
70
100
AcDbEntity
  8
Visible
100
AcDbLine
 10
-1221.892376
 20
134.326253
 30
0.0
 11
-1221.892376
 21
64.326253
 31
0.0
  0
LINE
  5
CF7
330
70
100
AcDbEntity
  8
Visible
100
AcDbLine
 10
-1215.892376
 20
134.326253
 30
0.0
 11
-1221.892376
 21
134.326253
 31
0.0
  0
LINE
  5
CF8
330
70
100
AcDbEntity
  8
Visible
100
AcDbLine
 10
-1215.892376
 20
184.326253
 30
0.0
 11
-1215.892376
 21
134.326253
 31
0.0
  0
LINE
  5
CF9
330
70
100
AcDbEntity
  8
Visible
100
AcDbLine
 10
-1221.892376
 20
184.326253
 30
0.0
 11
-1215.892376
 21
184.326253
 31
0.0
  0
LINE
  5
CFA
330
70
100
AcDbEntity
  8
Visible
100
AcDbLine
 10
-1221.892376
 20
254.326253
 30
0.0
 11
-1221.892376
 21
184.326253
 31
0.0
  0
LINE
  5
CFB
330
70
100
AcDbEntity
  8
Visible
100
AcDbLine
 10
-1215.892376
 20
254.326253
 30
0.0
 11
-1221.892376
 21
254.326253
 31
0.0
  0
LINE
  5
CFC
330
70
100
AcDbEntity
  8
Visible
100
AcDbLine
 10
-1215.892376
 20
304.326253
 30
0.0
 11
-1215.892376
 21
254.326253
 31
0.0
  0
LINE
  5
CFD
330
70
100
AcDbEntity
  8
Visible
100
AcDbLine
 10
-1221.892376
 20
304.326253
 30
0.0
 11
-1215.892376
 21
304.326253
 31
0.0
  0
LINE
  5
CFE
330
70
100
AcDbEntity
  8
Visible
100
AcDbLine
 10
-1221.892376
 20
374.326253
 30
0.0
 11
-1221.892376
 21
304.326253
 31
0.0
  0
LINE
  5
CFF
330
70
100
AcDbEntity
  8
Visible
100
AcDbLine
 10
-1215.892376
 20
374.326253
 30
0.0
 11
-1221.892376
 21
374.326253
 31
0.0
  0
LINE
  5
D00
330
70
100
AcDbEntity
  8
Visible
100
AcDbLine
 10
-1215.892376
 20
424.326253
 30
0.0
 11
-1215.892376
 21
374.326253
 31
0.0
  0
LINE
  5
D01
330
70
100
AcDbEntity
  8
Visible
100
AcDbLine
 10
-1221.892376
 20
424.326253
 30
0.0
 11
-1215.892376
 21
424.326253
 31
0.0
  0
LINE
  5
D02
330
70
100
AcDbEntity
  8
Visible
100
AcDbLine
 10
-1221.892376
 20
435.326253
 30
0.0
 11
-1221.892376
 21
424.326253
 31
0.0
  0
LINE
  5
D03
330
70
100
AcDbEntity
  8
Visible
100
AcDbLine
 10
-1210.892376
 20
435.326253
 30
0.0
 11
-1221.892376
 21
435.326253
 31
0.0
  0
LINE
  5
D04
330
70
100
AcDbEntity
  8
Visible
100
AcDbLine
 10
-1210.892376
 20
429.326253
 30
0.0
 11
-1210.892376
 21
435.326253
 31
0.0
  0
LINE
  5
D05
330
70
100
AcDbEntity
  8
Visible
100
AcDbLine
 10
-1190.892376
 20
429.326253
 30
0.0
 11
-1210.892376
 21
429.326253
 31
0.0
  0
LINE
  5
D06
330
70
100
AcDbEntity
  8
Visible
100
AcDbLine
 10
-1190.892376
 20
435.326253
 30
0.0
 11
-1190.892376
 21
429.326253
 31
0.0
  0
LINE
  5
D07
330
70
100
AcDbEntity
  8
Visible
100
AcDbLine
 10
-1150.892376
 20
435.326253
 30
0.0
 11
-1190.892376
 21
435.326253
 31
0.0
  0
LINE
  5
D08
330
70
100
AcDbEntity
  8
Visible
100
AcDbLine
 10
-1150.892376
 20
429.326253
 30
0.0
 11
-1150.892376
 21
435.326253
 31
0.0
  0
LINE
  5
D09
330
70
100
AcDbEntity
  8
Visible
100
AcDbLine
 10
-1130.892376
 20
429.326253
 30
0.0
 11
-1150.892376
 21
429.326253
 31
0.0
  0
LINE
  5
D0A
330
70
100
AcDbEntity
  8
Visible
100
AcDbLine
 10
-1130.892376
 20
435.326253
 30
0.0
 11
-1130.892376
 21
429.326253
 31
0.0
  0
LINE
  5
D0B
330
70
100
AcDbEntity
  8
Visible
100
AcDbLine
 10
-1090.892376
 20
435.326253
 30
0.0
 11
-1130.892376
 21
435.326253
 31
0.0
  0
LINE
  5
D0C
330
70
100
AcDbEntity
  8
Visible
100
AcDbLine
 10
-1090.892376
 20
429.326253
 30
0.0
 11
-1090.892376
 21
435.326253
 31
0.0
  0
LINE
  5
D0D
330
70
100
AcDbEntity
  8
Visible
100
AcDbLine
 10
-1070.892376
 20
429.326253
 30
0.0
 11
-1090.892376
 21
429.326253
 31
0.0
  0
LINE
  5
D0E
330
70
100
AcDbEntity
  8
Visible
100
AcDbLine
 10
-1070.892376
 20
435.326253
 30
0.0
 11
-1070.892376
 21
429.326253
 31
0.0
  0
LINE
  5
D0F
330
70
100
AcDbEntity
  8
Visible
100
AcDbLine
 10
-1030.892376
 20
435.326253
 30
0.0
 11
-1070.892376
 21
435.326253
 31
0.0
  0
LINE
  5
D10
330
70
100
AcDbEntity
  8
Visible
100
AcDbLine
 10
-1030.892376
 20
429.326253
 30
0.0
 11
-1030.892376
 21
435.326253
 31
0.0
  0
LINE
  5
D11
330
70
100
AcDbEntity
  8
Visible
100
AcDbLine
 10
-1010.892376
 20
429.326253
 30
0.0
 11
-1030.892376
 21
429.326253
 31
0.0
  0
LINE
  5
D12
330
70
100
AcDbEntity
  8
Visible
100
AcDbLine
 10
-1010.892376
 20
435.326253
 30
0.0
 11
-1010.892376
 21
429.326253
 31
0.0
  0
LINE
  5
D13
330
70
100
AcDbEntity
  8
Visible
100
AcDbLine
 10
-970.892376
 20
435.326253
 30
0.0
 11
-1010.892376
 21
435.326253
 31
0.0
  0
LINE
  5
D14
330
70
100
AcDbEntity
  8
Visible
100
AcDbLine
 10
-970.892376
 20
429.326253
 30
0.0
 11
-970.892376
 21
435.326253
 31
0.0
  0
LINE
  5
D15
330
70
100
AcDbEntity
  8
Visible
100
AcDbLine
 10
-950.892376
 20
429.326253
 30
0.0
 11
-970.892376
 21
429.326253
 31
0.0
  0
LINE
  5
D16
330
70
100
AcDbEntity
  8
Visible
100
AcDbLine
 10
-950.892376
 20
435.326253
 30
0.0
 11
-950.892376
 21
429.326253
 31
0.0
  0
LINE
  5
D17
330
70
100
AcDbEntity
  8
Visible
100
AcDbLine
 10
-910.892376
 20
435.326253
 30
0.0
 11
-950.892376
 21
435.326253
 31
0.0
  0
LINE
  5
D18
330
70
100
AcDbEntity
  8
Visible
100
AcDbLine
 10
-910.892376
 20
429.326253
 30
0.0
 11
-910.892376
 21
435.326253
 31
0.0
  0
LINE
  5
D19
330
70
100
AcDbEntity
  8
Visible
100
AcDbLine
 10
-890.892376
 20
429.326253
 30
0.0
 11
-910.892376
 21
429.326253
 31
0.0
  0
LINE
  5
D1A
330
70
100
AcDbEntity
  8
Visible
100
AcDbLine
 10
-890.892376
 20
435.326253
 30
0.0
 11
-890.892376
 21
429.326253
 31
0.0
  0
LINE
  5
D1B
330
70
100
AcDbEntity
  8
Visible
100
AcDbLine
 10
-835.892376
 20
435.326253
 30
0.0
 11
-890.892376
 21
435.326253
 31
0.0
  0
LINE
  5
D1C
330
70
100
AcDbEntity
  8
Visible
100
AcDbLine
 10
-835.892376
 20
429.326253
 30
0.0
 11
-835.892376
 21
435.326253
 31
0.0
  0
LINE
  5
D1D
330
70
100
AcDbEntity
  8
Visible
100
AcDbLine
 10
-812.892376
 20
429.326253
 30
0.0
 11
-835.892376
 21
429.326253
 31
0.0
  0
LINE
  5
D1E
330
70
100
AcDbEntity
  8
Visible
100
AcDbLine
 10
-812.892376
 20
435.326253
 30
0.0
 11
-812.892376
 21
429.326253
 31
0.0
  0
LINE
  5
D1F
330
70
100
AcDbEntity
  8
Visible
100
AcDbLine
 10
-769.892376
 20
435.326253
 30
0.0
 11
-812.892376
 21
435.326253
 31
0.0
  0
LINE
  5
D20
330
70
100
AcDbEntity
  8
Visible
100
AcDbLine
 10
-769.892376
 20
429.326253
 30
0.0
 11
-769.892376
 21
435.326253
 31
0.0
  0
LINE
  5
D21
330
70
100
AcDbEntity
  8
Visible
100
AcDbLine
 10
-746.892376
 20
429.326253
 30
0.0
 11
-769.892376
 21
429.326253
 31
0.0
  0
LINE
  5
D22
330
70
100
AcDbEntity
  8
Visible
100
AcDbLine
 10
-746.892376
 20
435.326253
 30
0.0
 11
-746.892376
 21
429.326253
 31
0.0
  0
LINE
  5
D23
330
70
100
AcDbEntity
  8
Visible
100
AcDbLine
 10
-702.892376
 20
435.326253
 30
0.0
 11
-746.892376
 21
435.326253
 31
0.0
  0
LINE
  5
D24
330
70
100
AcDbEntity
  8
Visible
100
AcDbLine
 10
-702.892376
 20
405.326253
 30
0.0
 11
-702.892376
 21
435.326253
 31
0.0
  0
LINE
  5
D25
330
70
100
AcDbEntity
  8
Visible
100
AcDbLine
 10
-708.892376
 20
405.326253
 30
0.0
 11
-702.892376
 21
405.326253
 31
0.0
  0
LINE
  5
D26
330
70
100
AcDbEntity
  8
Visible
100
AcDbLine
 10
-708.892376
 20
395.326253
 30
0.0
 11
-708.892376
 21
405.326253
 31
0.0
  0
LINE
  5
D27
330
70
100
AcDbEntity
  8
Visible
100
AcDbLine
 10
-702.892376
 20
395.326253
 30
0.0
 11
-708.892376
 21
395.326253
 31
0.0
  0
LINE
  5
D28
330
70
100
AcDbEntity
  8
Visible
100
AcDbLine
 10
-702.892376
 20
321.326253
 30
0.0
 11
-702.892376
 21
395.326253
 31
0.0
  0
LINE
  5
D29
330
70
100
AcDbEntity
  8
Visible
100
AcDbLine
 10
-708.892376
 20
321.326253
 30
0.0
 11
-702.892376
 21
321.326253
 31
0.0
  0
LINE
  5
D2A
330
70
100
AcDbEntity
  8
Visible
100
AcDbLine
 10
-708.892376
 20
298.326253
 30
0.0
 11
-708.892376
 21
321.326253
 31
0.0
  0
LINE
  5
D2B
330
70
100
AcDbEntity
  8
Visible
100
AcDbLine
 10
-702.892376
 20
298.326253
 30
0.0
 11
-708.892376
 21
298.326253
 31
0.0
  0
LINE
  5
D2C
330
70
100
AcDbEntity
  8
Visible
100
AcDbLine
 10
-702.892376
 20
255.326253
 30
0.0
 11
-702.892376
 21
298.326253
 31
0.0
  0
LINE
  5
D2D
330
70
100
AcDbEntity
  8
Visible
100
AcDbLine
 10
-708.892376
 20
255.326253
 30
0.0
 11
-702.892376
 21
255.326253
 31
0.0
  0
LINE
  5
D2E
330
70
100
AcDbEntity
  8
Visible
100
AcDbLine
 10
-708.892376
 20
232.326253
 30
0.0
 11
-708.892376
 21
255.326253
 31
0.0
  0
LINE
  5
D2F
330
70
100
AcDbEntity
  8
Visible
100
AcDbLine
 10
-702.892376
 20
232.326253
 30
0.0
 11
-708.892376
 21
232.326253
 31
0.0
  0
LINE
  5
D30
330
70
100
AcDbEntity
  8
Visible
100
AcDbLine
 10
-702.892376
 20
188.326253
 30
0.0
 11
-702.892376
 21
232.326253
 31
0.0
  0
LINE
  5
D31
330
70
100
AcDbEntity
  8
Visible
100
AcDbLine
 10
-746.892376
 20
188.326253
 30
0.0
 11
-702.892376
 21
188.326253
 31
0.0
  0
LINE
  5
D32
330
70
100
AcDbEntity
  8
Visible
100
AcDbLine
 10
-746.892376
 20
194.326253
 30
0.0
 11
-746.892376
 21
188.326253
 31
0.0
  0
LINE
  5
D33
330
70
100
AcDbEntity
  8
Visible
100
AcDbLine
 10
-769.892376
 20
194.326253
 30
0.0
 11
-746.892376
 21
194.326253
 31
0.0
  0
LINE
  5
D34
330
70
100
AcDbEntity
  8
Visible
100
AcDbLine
 10
-769.892376
 20
188.326253
 30
0.0
 11
-769.892376
 21
194.326253
 31
0.0
  0
LINE
  5
D35
330
70
100
AcDbEntity
  8
Visible
100
AcDbLine
 10
-812.892376
 20
188.326253
 30
0.0
 11
-769.892376
 21
188.326253
 31
0.0
  0
LINE
  5
D36
330
70
100
AcDbEntity
  8
Visible
100
AcDbLine
 10
-812.892376
 20
194.326253
 30
0.0
 11
-812.892376
 21
188.326253
 31
0.0
  0
LINE
  5
D37
330
70
100
AcDbEntity
  8
Visible
100
AcDbLine
 10
-835.892376
 20
194.326253
 30
0.0
 11
-812.892376
 21
194.326253
 31
0.0
  0
LINE
  5
D38
330
70
100
AcDbEntity
  8
Visible
100
AcDbLine
 10
-835.892376
 20
188.326253
 30
0.0
 11
-835.892376
 21
194.326253
 31
0.0
  0
LINE
  5
D39
330
70
100
AcDbEntity
  8
Visible
100
AcDbLine
 10
-879.892376
 20
188.326253
 30
0.0
 11
-835.892376
 21
188.326253
 31
0.0
  0
LINE
  5
D3A
330
70
100
AcDbEntity
  8
Visible
100
AcDbLine
 10
-879.892376
 20
184.326253
 30
0.0
 11
-879.892376
 21
188.326253
 31
0.0
  0
LINE
  5
D3B
330
70
100
AcDbEntity
  8
Visible
100
AcDbLine
 10
-885.892376
 20
184.326253
 30
0.0
 11
-879.892376
 21
184.326253
 31
0.0
  0
LINE
  5
D3C
330
70
100
AcDbEntity
  8
Visible
100
AcDbLine
 10
-885.892376
 20
134.326253
 30
0.0
 11
-885.892376
 21
184.326253
 31
0.0
  0
LINE
  5
D3D
330
70
100
AcDbEntity
  8
Visible
100
AcDbLine
 10
-879.892376
 20
134.326253
 30
0.0
 11
-885.892376
 21
134.326253
 31
0.0
  0
LINE
  5
D3E
330
70
100
AcDbEntity
  8
Visible
100
AcDbLine
 10
-879.892376
 20
64.326253
 30
0.0
 11
-879.892376
 21
134.326253
 31
0.0
  0
LINE
  5
D3F
330
70
100
AcDbEntity
  8
Visible
100
AcDbLine
 10
-885.892376
 20
64.326253
 30
0.0
 11
-879.892376
 21
64.326253
 31
0.0
  0
LINE
  5
D40
330
70
100
AcDbEntity
  8
Visible
100
AcDbLine
 10
-885.892376
 20
14.326253
 30
0.0
 11
-885.892376
 21
64.326253
 31
0.0
  0
LINE
  5
D41
330
70
100
AcDbEntity
  8
Visible
100
AcDbLine
 10
-879.892376
 20
14.326253
 30
0.0
 11
-885.892376
 21
14.326253
 31
0.0
  0
LINE
  5
D42
330
70
100
AcDbEntity
  8
Visible
100
AcDbLine
 10
-879.892376
 20
-55.673747
 30
0.0
 11
-879.892376
 21
14.326253
 31
0.0
  0
LINE
  5
D43
330
70
100
AcDbEntity
  8
Visible
100
AcDbLine
 10
-885.892376
 20
-55.673747
 30
0.0
 11
-879.892376
 21
-55.673747
 31
0.0
  0
LINE
  5
D44
330
70
100
AcDbEntity
  8
Visible
100
AcDbLine
 10
-885.892376
 20
-105.673747
 30
0.0
 11
-885.892376
 21
-55.673747
 31
0.0
  0
LINE
  5
D45
330
70
100
AcDbEntity
  8
Visible
100
AcDbLine
 10
-879.892376
 20
-105.673747
 30
0.0
 11
-885.892376
 21
-105.673747
 31
0.0
  0
LINE
  5
D46
330
70
100
AcDbEntity
  8
Visible
100
AcDbLine
 10
-879.892376
 20
-175.673747
 30
0.0
 11
-879.892376
 21
-105.673747
 31
0.0
  0
LINE
  5
D47
330
70
100
AcDbEntity
  8
Visible
100
AcDbLine
 10
-885.892376
 20
-175.673747
 30
0.0
 11
-879.892376
 21
-175.673747
 31
0.0
  0
LINE
  5
D48
330
70
100
AcDbEntity
  8
Visible
100
AcDbLine
 10
-885.892376
 20
-226.150794
 30
0.0
 11
-885.892376
 21
-175.673747
 31
0.0
  0
LINE
  5
D49
330
70
100
AcDbEntity
  8
Visible
100
AcDbLine
 10
-879.892376
 20
-226.150463
 30
0.0
 11
-885.892376
 21
-226.150794
 31
0.0
  0
LINE
  5
D4A
330
70
100
AcDbEntity
  8
Hidden
100
AcDbLine
 10
-1201.892376
 20
-219.673747
 30
0.0
 11
-1209.892376
 21
-219.673747
 31
0.0
  0
LINE
  5
D4B
330
70
100
AcDbEntity
  8
Hidden
100
AcDbLine
 10
-1201.892376
 20
420.326253
 30
0.0
 11
-1201.892376
 21
-219.673747
 31
0.0
  0
LINE
  5
D4C
330
70
100
AcDbEntity
  8
Hidden
100
AcDbLine
 10
-1209.892376
 20
420.326253
 30
0.0
 11
-1201.892376
 21
420.326253
 31
0.0
  0
LINE
  5
D4D
330
70
100
AcDbEntity
  8
Hidden
100
AcDbLine
 10
-1209.892376
 20
-219.673747
 30
0.0
 11
-1209.892376
 21
420.326253
 31
0.0
  0
LINE
  5
D4E
330
70
100
AcDbEntity
  8
Hidden
100
AcDbLine
 10
-713.892376
 20
194.326253
 30
0.0
 11
-721.892376
 21
194.326253
 31
0.0
  0
LINE
  5
D4F
330
70
100
AcDbEntity
  8
Hidden
100
AcDbLine
 10
-713.892376
 20
360.326253
 30
0.0
 11
-713.892376
 21
194.326253
 31
0.0
  0
LINE
  5
D50
330
70
100
AcDbEntity
  8
Hidden
100
AcDbLine
 10
-721.892376
 20
360.326253
 30
0.0
 11
-713.892376
 21
360.326253
 31
0.0
  0
LINE
  5
D51
330
70
100
AcDbEntity
  8
Hidden
100
AcDbLine
 10
-721.892376
 20
194.326253
 30
0.0
 11
-721.892376
 21
360.326253
 31
0.0
  0
LINE
  5
D52
330
70
100
AcDbEntity
  8
Hidden
100
AcDbLine
 10
-888.892376
 20
420.326253
 30
0.0
 11
-888.892376
 21
-219.673747
 31
0.0
  0
LINE
  5
D53
330
70
100
AcDbEntity
  8
Hidden
100
AcDbLine
 10
-896.892376
 20
420.326253
 30
0.0
 11
-888.892376
 21
420.326253
 31
0.0
  0
LINE
  5
D54
330
70
100
AcDbEntity
  8
Hidden
100
AcDbLine
 10
-896.892376
 20
-219.673747
 30
0.0
 11
-896.892376
 21
420.326253
 31
0.0
  0
LINE
  5
D55
330
70
100
AcDbEntity
  8
Hidden
100
AcDbLine
 10
-888.892376
 20
-219.673747
 30
0.0
 11
-896.892376
 21
-219.673747
 31
0.0
  0
LINE
  5
D56
330
70
100
AcDbEntity
  8
Hidden
100
AcDbLine
 10
-860.892376
 20
194.326253
 30
0.0
 11
-868.892376
 21
194.326253
 31
0.0
  0
LINE
  5
D57
330
70
100
AcDbEntity
  8
Hidden
100
AcDbLine
 10
-860.892376
 20
360.326253
 30
0.0
 11
-860.892376
 21
194.326253
 31
0.0
  0
LINE
  5
D58
330
70
100
AcDbEntity
  8
Hidden
100
AcDbLine
 10
-868.892376
 20
360.326253
 30
0.0
 11
-860.892376
 21
360.326253
 31
0.0
  0
LINE
  5
D59
330
70
100
AcDbEntity
  8
Hidden
100
AcDbLine
 10
-868.892376
 20
194.326253
 30
0.0
 11
-868.892376
 21
360.326253
 31
0.0
  0
LINE
  5
D5A
330
70
100
AcDbEntity
  8
Visible
100
AcDbLine
 10
-1221.878056
 20
-225.650463
 30
0.0
 11
-1221.878057
 21
-225.673085
 31
0.0
  0
LINE
  5
D5B
330
70
100
AcDbEntity
  8
Hidden
100
AcDbLine
 10
-1221.878057
 20
-225.673085
 30
0.0
 11
-1221.879022
 21
-243.150463
 31
0.0
  0
LINE
  5
D5C
330
70
100
AcDbEntity
  8
Visible
100
AcDbLine
 10
-1215.892376
 20
-225.650793
 30
0.0
 11
-1221.878056
 21
-225.650463
 31
0.0
  0
LINE
  5
D5D
330
70
100
AcDbEntity
  8
Visible
100
AcDbLine
 10
-879.892404
 20
-225.650463
 30
0.0
 11
-885.892376
 21
-225.650463
 31
0.0
  0
LINE
  5
D5E
330
70
100
AcDbEntity
  8
Visible
100
AcDbLine
 10
-879.892376
 20
-226.150463
 30
0.0
 11
-879.892404
 21
-225.650463
 31
0.0
  0
CIRCLE
  5
D5F
330
70
100
AcDbEntity
  8
Visible
100
AcDbCircle
 10
-29.907263
 20
806.708793
 30
0.0
 40
10.0
210
0.0
220
0.0
230
-1.0
  0
CIRCLE
  5
D60
330
70
100
AcDbEntity
  8
Visible
100
AcDbCircle
 10
40.092737
 20
806.708793
 30
0.0
 40
10.0
210
0.0
220
0.0
230
-1.0
  0
LINE
  5
D61
330
70
100
AcDbEntity
  8
Visible
100
AcDbLine
 10
-135.092737
 20
891.708793
 30
0.0
 11
-135.092737
 21
721.708793
 31
0.0
  0
LINE
  5
D62
330
70
100
AcDbEntity
  8
Visible
100
AcDbLine
 10
124.907263
 20
891.708793
 30
0.0
 11
-135.092737
 21
891.708793
 31
0.0
  0
LINE
  5
D63
330
70
100
AcDbEntity
  8
Visible
100
AcDbLine
 10
124.907263
 20
721.708793
 30
0.0
 11
124.907263
 21
891.708793
 31
0.0
  0
LINE
  5
D64
330
70
100
AcDbEntity
  8
Visible
100
AcDbLine
 10
-135.092737
 20
721.708793
 30
0.0
 11
124.907263
 21
721.708793
 31
0.0
  0
ENDSEC
  0
SECTION
  2
OBJECTS
  0
DICTIONARY
  5
C
330
0
100
AcDbDictionary
281
     1
  3
ACAD_COLOR
350
63
  3
ACAD_DETAILVIEWSTYLE
350
6A
  3
ACAD_GROUP
350
D
  3
ACAD_LAYOUT
350
62
  3
ACAD_MATERIAL
350
10
  3
ACAD_MLEADERSTYLE
350
66
  3
ACAD_MLINESTYLE
350
5F
  3
ACAD_PLOTSETTINGS
350
61
  3
ACAD_PLOTSTYLENAME
350
E
  3
ACAD_SCALELIST
350
42
  3
ACAD_SECTIONVIEWSTYLE
350
68
  3
ACAD_TABLESTYLE
350
64
  3
ACAD_VISUALSTYLE
350
29
  3
ACDB_RECOMPOSE_DATA
350
D6E
  3
AcDbVariableDictionary
350
D65
  0
DICTIONARY
  5
A5
330
70
100
AcDbDictionary
280
     1
281
     1
  3
ACAD_SORTENTS
360
A6
  0
DICTIONARY
  5
6C3
330
6C2
100
AcDbDictionary
280
     1
281
     1
  0
DICTIONARY
  5
709
330
708
100
AcDbDictionary
280
     1
281
     1
  3
ACAD_SORTENTS
360
752
  0
DICTIONARY
  5
724
330
723
100
AcDbDictionary
280
     1
281
     1
  0
DICTIONARY
  5
726
330
725
100
AcDbDictionary
280
     1
281
     1
  0
DICTIONARY
  5
728
330
727
100
AcDbDictionary
280
     1
281
     1
  0
DICTIONARY
  5
72A
330
729
100
AcDbDictionary
280
     1
281
     1
  0
DICTIONARY
  5
72C
330
72B
100
AcDbDictionary
280
     1
281
     1
  0
DICTIONARY
  5
72E
330
72D
100
AcDbDictionary
280
     1
281
     1
  0
DICTIONARY
  5
730
330
72F
100
AcDbDictionary
280
     1
281
     1
  0
DICTIONARY
  5
732
330
731
100
AcDbDictionary
280
     1
281
     1
  0
DICTIONARY
  5
734
330
733
100
AcDbDictionary
280
     1
281
     1
  0
DICTIONARY
  5
736
330
735
100
AcDbDictionary
280
     1
281
     1
  0
DICTIONARY
  5
738
330
737
100
AcDbDictionary
280
     1
281
     1
  0
DICTIONARY
  5
73A
330
739
100
AcDbDictionary
280
     1
281
     1
  0
DICTIONARY
  5
73C
330
73B
100
AcDbDictionary
280
     1
281
     1
  0
DICTIONARY
  5
73E
330
73D
100
AcDbDictionary
280
     1
281
     1
  0
DICTIONARY
  5
740
330
73F
100
AcDbDictionary
280
     1
281
     1
  0
DICTIONARY
  5
63
102
{ACAD_REACTORS
330
C
102
}
330
C
100
AcDbDictionary
281
     1
  0
DICTIONARY
  5
6A
102
{ACAD_REACTORS
330
C
102
}
330
C
100
AcDbDictionary
281
     1
  3
Imperial24
350
6B
  0
DICTIONARY
  5
D
102
{ACAD_REACTORS
330
C
102
}
330
C
100
AcDbDictionary
281
     1
  0
DICTIONARY
  5
62
102
{ACAD_REACTORS
330
C
102
}
330
C
100
AcDbDictionary
281
     1
  3
Model
350
73
  3
Sheet1
350
6F
  3
Sheet2
350
77
  0
DICTIONARY
  5
10
102
{ACAD_REACTORS
330
C
102
}
330
C
100
AcDbDictionary
281
     1
  3
ByBlock
350
19
  3
ByLayer
350
11
  3
Global
350
21
  0
DICTIONARY
  5
66
102
{ACAD_REACTORS
330
C
102
}
330
C
100
AcDbDictionary
281
     1
  3
Standard
350
67
  0
DICTIONARY
  5
5F
102
{ACAD_REACTORS
330
C
102
}
330
C
100
AcDbDictionary
281
     1
  3
Standard
350
60
  0
DICTIONARY
  5
61
102
{ACAD_REACTORS
330
C
102
}
330
C
100
AcDbDictionary
281
     1
  0
ACDBDICTIONARYWDFLT
  5
E
102
{ACAD_REACTORS
330
C
102
}
330
C
100
AcDbDictionary
281
     1
  3
Normal
350
F
100
AcDbDictionaryWithDefault
340
F
  0
DICTIONARY
  5
42
102
{ACAD_REACTORS
330
C
102
}
330
C
100
AcDbDictionary
281
     1
  3
A0
350
43
  3
A1
350
44
  3
A2
350
45
  3
A3
350
46
  3
A4
350
47
  3
A5
350
48
  3
A6
350
49
  3
A7
350
4A
  3
A8
350
4B
  3
A9
350
4C
  3
B0
350
4D
  3
B1
350
4E
  3
B2
350
4F
  3
B3
350
50
  3
B4
350
51
  3
B5
350
52
  3
B6
350
53
  0
DICTIONARY
  5
68
102
{ACAD_REACTORS
330
C
102
}
330
C
100
AcDbDictionary
281
     1
  3
Imperial24
350
69
  0
DICTIONARY
  5
64
102
{ACAD_REACTORS
330
C
102
}
330
C
100
AcDbDictionary
281
     1
  3
Standard
350
65
  0
DICTIONARY
  5
29
102
{ACAD_REACTORS
330
C
102
}
330
C
100
AcDbDictionary
281
     1
  3
2dWireframe
350
2F
  3
Basic
350
2E
  3
Brighten
350
35
  3
ColorChange
350
39
  3
Conceptual
350
32
  3
Dim
350
34
  3
EdgeColorOff
350
41
  3
Facepattern
350
38
  3
Flat
350
2A
  3
FlatWithEdges
350
2B
  3
Gouraud
350
2C
  3
GouraudWithEdges
350
2D
  3
Hidden
350
31
  3
JitterOff
350
3F
  3
Linepattern
350
37
  3
OverhangOff
350
40
  3
Realistic
350
33
  3
Shaded
350
3E
  3
Shaded with edges
350
3D
  3
Shades of Gray
350
3A
  3
Sketchy
350
3B
  3
Thicken
350
36
  3
Wireframe
350
30
  3
X-Ray
350
3C
  0
XRECORD
  5
D6E
102
{ACAD_REACTORS
330
C
102
}
330
C
100
AcDbXrecord
280
     1
 90
        1
330
65
  0
DICTIONARY
  5
D65
102
{ACAD_REACTORS
330
C
102
}
330
C
100
AcDbDictionary
281
     1
  3
ANNOALLVISIBLE
350
D6A
  3
CANNOSCALE
350
D6B
  3
CMLEADERSTYLE
350
D67
  3
CTABLESTYLE
350
D66
  3
CVIEWDETAILSTYLE
350
D68
  3
CVIEWSECTIONSTYLE
350
D69
  0
SORTENTSTABLE
  5
A6
102
{ACAD_REACTORS
330
A5
102
}
330
A5
100
AcDbSortentsTable
330
70
  0
SORTENTSTABLE
  5
752
102
{ACAD_REACTORS
330
709
102
}
330
709
100
AcDbSortentsTable
330
708
  0
ACDBDETAILVIEWSTYLE
  5
6B
102
{ACAD_XDICTIONARY
360
D71
102
}
102
{ACAD_REACTORS
330
6A
102
}
330
6A
100
AcDbModelDocViewStyle
 70
     0
  3
Imperial24
290
     0
100
AcDbDetailViewStyle
 70
     0
 71
     0
 90
        3
 71
     1
340
55
 62
   256
 40
0.24
340
0
 62
   256
 40
0.24
300

 40
0.36
280
     3
 71
     2
340
5D
 90
       25
 62
   256
 71
     3
340
55
 62
   256
 40
0.24
 90
        1
 40
0.75
 90
        1
300
%<\AcVar ViewType \f "%tc1">% %<\AcVar ViewDetailId>%\PSCALE %<\AcVar ViewScale \f "%sn">%
 71
     4
340
5D
 90
       25
 62
   256
340
5D
 90
       25
 62
   256
280
     0
  0
LAYOUT
  5
73
102
{ACAD_REACTORS
330
62
102
}
330
62
100
AcDbPlotSettings
  1

  2
AutoCAD PDF (High Quality Print).pc3
  4
ISO_full_bleed_A3_(420.00_x_297.00_MM)
  6

 40
0.0
 41
0.0
 42
0.0
 43
0.0
 44
420.0
 45
297.0
 46
0.0
 47
0.0
 48
0.0
 49
0.0
140
0.0
141
0.0
142
1.0
143
5.204872
 70
 11952
 72
     1
 73
     0
 74
     0
  7

 75
     0
147
0.192128
 76
     0
 77
     2
 78
   300
148
845.509251
149
545.944135
100
AcDbLayout
  1
Model
 70
     1
 71
     0
 10
0.0
 20
0.0
 11
12.0
 21
9.0
 12
0.0
 22
0.0
 32
0.0
 14
0.0
 24
0.0
 34
0.0
 15
0.0
 25
0.0
 35
0.0
146
0.0
 13
0.0
 23
0.0
 33
0.0
 16
1.0
 26
0.0
 36
0.0
 17
0.0
 27
1.0
 37
0.0
 76
     0
330
70
1001
ACAD_PSEXT
1000
AutoCAD PDF (High Quality Print).pc3
1000
DWG To PDF
1000
File
1000

1070
     0
  0
LAYOUT
  5
6F
102
{ACAD_REACTORS
330
62
102
}
330
62
100
AcDbPlotSettings
  1

  2
None
  4

  6

 40
0.0
 41
0.0
 42
0.0
 43
0.0
 44
0.0
 45
0.0
 46
0.0
 47
0.0
 48
0.0
 49
0.0
140
0.0
141
0.0
142
1.0
143
1.0
 70
   688
 72
     0
 73
     0
 74
     5
  7

 75
    16
147
1.0
 76
     0
 77
     2
 78
   300
148
0.0
149
0.0
100
AcDbLayout
  1
Sheet1
 70
     1
 71
     1
 10
0.0
 20
0.0
 11
12.0
 21
9.0
 12
0.0
 22
0.0
 32
0.0
 14
0.0
 24
0.0
 34
0.0
 15
0.0
 25
0.0
 35
0.0
146
0.0
 13
0.0
 23
0.0
 33
0.0
 16
1.0
 26
0.0
 36
0.0
 17
0.0
 27
1.0
 37
0.0
 76
     0
330
6C
  0
LAYOUT
  5
77
102
{ACAD_REACTORS
330
62
102
}
330
62
100
AcDbPlotSettings
  1

  2
None
  4

  6

 40
0.0
 41
0.0
 42
0.0
 43
0.0
 44
0.0
 45
0.0
 46
0.0
 47
0.0
 48
0.0
 49
0.0
140
0.0
141
0.0
142
1.0
143
1.0
 70
   688
 72
     0
 73
     0
 74
     5
  7

 75
    16
147
1.0
 76
     0
 77
     2
 78
   300
148
0.0
149
0.0
100
AcDbLayout
  1
Sheet2
 70
     1
 71
     2
 10
0.0
 20
0.0
 11
12.0
 21
9.0
 12
0.0
 22
0.0
 32
0.0
 14
0.0
 24
0.0
 34
0.0
 15
0.0
 25
0.0
 35
0.0
146
0.0
 13
0.0
 23
0.0
 33
0.0
 16
1.0
 26
0.0
 36
0.0
 17
0.0
 27
1.0
 37
0.0
 76
     0
330
74
  0
MATERIAL
  5
19
102
{ACAD_XDICTIONARY
360
1A
102
}
102
{ACAD_REACTORS
330
10
102
}
330
10
100
AcDbMaterial
  1
ByBlock
 72
     0
 43
0.020833
 43
0.0
 43
0.0
 43
0.0
 43
0.0
 43
0.020833
 43
0.0
 43
0.0
 43
0.0
 43
0.0
 43
1.0
 43
0.0
 43
0.0
 43
0.0
 43
0.0
 43
1.0
 77
     0
 47
0.020833
 47
0.0
 47
0.0
 47
0.0
 47
0.0
 47
0.020833
 47
0.0
 47
0.0
 47
0.0
 47
0.0
 47
1.0
 47
0.0
 47
0.0
 47
0.0
 47
0.0
 47
1.0
171
     0
 49
0.020833
 49
0.0
 49
0.0
 49
0.0
 49
0.0
 49
0.020833
 49
0.0
 49
0.0
 49
0.0
 49
0.0
 49
1.0
 49
0.0
 49
0.0
 49
0.0
 49
0.0
 49
1.0
175
     0
142
0.020833
142
0.0
142
0.0
142
0.0
142
0.0
142
0.020833
142
0.0
142
0.0
142
0.0
142
0.0
142
1.0
142
0.0
142
0.0
142
0.0
142
0.0
142
1.0
179
     0
144
0.020833
144
0.0
144
0.0
144
0.0
144
0.0
144
0.020833
144
0.0
144
0.0
144
0.0
144
0.0
144
1.0
144
0.0
144
0.0
144
0.0
144
0.0
144
1.0
147
0.020833
147
0.0
147
0.0
147
0.0
147
0.0
147
0.020833
147
0.0
147
0.0
147
0.0
147
0.0
147
1.0
147
0.0
147
0.0
147
0.0
147
0.0
147
1.0
  0
MATERIAL
  5
11
102
{ACAD_XDICTIONARY
360
12
102
}
102
{ACAD_REACTORS
330
10
102
}
330
10
100
AcDbMaterial
  1
ByLayer
 72
     0
 43
0.020833
 43
0.0
 43
0.0
 43
0.0
 43
0.0
 43
0.020833
 43
0.0
 43
0.0
 43
0.0
 43
0.0
 43
1.0
 43
0.0
 43
0.0
 43
0.0
 43
0.0
 43
1.0
 77
     0
 47
0.020833
 47
0.0
 47
0.0
 47
0.0
 47
0.0
 47
0.020833
 47
0.0
 47
0.0
 47
0.0
 47
0.0
 47
1.0
 47
0.0
 47
0.0
 47
0.0
 47
0.0
 47
1.0
171
     0
 49
0.020833
 49
0.0
 49
0.0
 49
0.0
 49
0.0
 49
0.020833
 49
0.0
 49
0.0
 49
0.0
 49
0.0
 49
1.0
 49
0.0
 49
0.0
 49
0.0
 49
0.0
 49
1.0
175
     0
142
0.020833
142
0.0
142
0.0
142
0.0
142
0.0
142
0.020833
142
0.0
142
0.0
142
0.0
142
0.0
142
1.0
142
0.0
142
0.0
142
0.0
142
0.0
142
1.0
179
     0
144
0.020833
144
0.0
144
0.0
144
0.0
144
0.0
144
0.020833
144
0.0
144
0.0
144
0.0
144
0.0
144
1.0
144
0.0
144
0.0
144
0.0
144
0.0
144
1.0
147
0.020833
147
0.0
147
0.0
147
0.0
147
0.0
147
0.020833
147
0.0
147
0.0
147
0.0
147
0.0
147
1.0
147
0.0
147
0.0
147
0.0
147
0.0
147
1.0
  0
MATERIAL
  5
21
102
{ACAD_XDICTIONARY
360
22
102
}
102
{ACAD_REACTORS
330
10
102
}
330
10
100
AcDbMaterial
  1
Global
 72
     0
 43
0.020833
 43
0.0
 43
0.0
 43
0.0
 43
0.0
 43
0.020833
 43
0.0
 43
0.0
 43
0.0
 43
0.0
 43
1.0
 43
0.0
 43
0.0
 43
0.0
 43
0.0
 43
1.0
 77
     0
 47
0.020833
 47
0.0
 47
0.0
 47
0.0
 47
0.0
 47
0.020833
 47
0.0
 47
0.0
 47
0.0
 47
0.0
 47
1.0
 47
0.0
 47
0.0
 47
0.0
 47
0.0
 47
1.0
171
     0
 49
0.020833
 49
0.0
 49
0.0
 49
0.0
 49
0.0
 49
0.020833
 49
0.0
 49
0.0
 49
0.0
 49
0.0
 49
1.0
 49
0.0
 49
0.0
 49
0.0
 49
0.0
 49
1.0
175
     0
142
0.020833
142
0.0
142
0.0
142
0.0
142
0.0
142
0.020833
142
0.0
142
0.0
142
0.0
142
0.0
142
1.0
142
0.0
142
0.0
142
0.0
142
0.0
142
1.0
179
     0
144
0.020833
144
0.0
144
0.0
144
0.0
144
0.0
144
0.020833
144
0.0
144
0.0
144
0.0
144
0.0
144
1.0
144
0.0
144
0.0
144
0.0
144
0.0
144
1.0
147
0.020833
147
0.0
147
0.0
147
0.0
147
0.0
147
0.020833
147
0.0
147
0.0
147
0.0
147
0.0
147
1.0
147
0.0
147
0.0
147
0.0
147
0.0
147
1.0
  0
MLEADERSTYLE
  5
67
102
{ACAD_REACTORS
330
66
102
}
330
66
100
AcDbMLeaderStyle
179
     2
170
     2
171
     1
172
     0
 90
        2
 40
0.0
 41
0.0
173
     1
 91
-1056964608
340
5B
 92
       -2
290
     1
 42
0.09
291
     1
 43
0.36
  3
Standard
 44
0.18
300

342
55
174
     1
178
     6
175
     1
176
     0
 93
-1056964608
 45
0.18
292
     0
297
     0
 46
0.18
 94
-1056964608
 47
1.0
 49
1.0
140
1.0
293
     1
141
0.0
294
     1
177
     0
142
1.0
295
     0
296
     0
143
0.125
271
     0
272
     9
273
     9
298
     1
  0
MLINESTYLE
  5
60
102
{ACAD_REACTORS
330
5F
102
}
330
5F
100
AcDbMlineStyle
  2
STANDARD
 70
     0
  3

 62
   256
 51
90.0
 52
90.0
 71
     0
  0
ACDBPLACEHOLDER
  5
F
102
{ACAD_REACTORS
330
E
102
}
330
E
  0
SCALE
  5
43
102
{ACAD_REACTORS
330
42
102
}
330
42
100
AcDbScale
 70
     0
300
1:1
140
1.0
141
1.0
290
     1
  0
SCALE
  5
44
102
{ACAD_REACTORS
330
42
102
}
330
42
100
AcDbScale
 70
     0
300
1:2
140
1.0
141
2.0
290
     0
  0
SCALE
  5
45
102
{ACAD_REACTORS
330
42
102
}
330
42
100
AcDbScale
 70
     0
300
1:4
140
1.0
141
4.0
290
     0
  0
SCALE
  5
46
102
{ACAD_REACTORS
330
42
102
}
330
42
100
AcDbScale
 70
     0
300
1:5
140
1.0
141
5.0
290
     0
  0
SCALE
  5
47
102
{ACAD_REACTORS
330
42
102
}
330
42
100
AcDbScale
 70
     0
300
1:8
140
1.0
141
8.0
290
     0
  0
SCALE
  5
48
102
{ACAD_REACTORS
330
42
102
}
330
42
100
AcDbScale
 70
     0
300
1:10
140
1.0
141
10.0
290
     0
  0
SCALE
  5
49
102
{ACAD_REACTORS
330
42
102
}
330
42
100
AcDbScale
 70
     0
300
1:16
140
1.0
141
16.0
290
     0
  0
SCALE
  5
4A
102
{ACAD_REACTORS
330
42
102
}
330
42
100
AcDbScale
 70
     0
300
1:20
140
1.0
141
20.0
290
     0
  0
SCALE
  5
4B
102
{ACAD_REACTORS
330
42
102
}
330
42
100
AcDbScale
 70
     0
300
1:30
140
1.0
141
30.0
290
     0
  0
SCALE
  5
4C
102
{ACAD_REACTORS
330
42
102
}
330
42
100
AcDbScale
 70
     0
300
1:40
140
1.0
141
40.0
290
     0
  0
SCALE
  5
4D
102
{ACAD_REACTORS
330
42
102
}
330
42
100
AcDbScale
 70
     0
300
1:50
140
1.0
141
50.0
290
     0
  0
SCALE
  5
4E
102
{ACAD_REACTORS
330
42
102
}
330
42
100
AcDbScale
 70
     0
300
1:100
140
1.0
141
100.0
290
     0
  0
SCALE
  5
4F
102
{ACAD_REACTORS
330
42
102
}
330
42
100
AcDbScale
 70
     0
300
2:1
140
2.0
141
1.0
290
     0
  0
SCALE
  5
50
102
{ACAD_REACTORS
330
42
102
}
330
42
100
AcDbScale
 70
     0
300
4:1
140
4.0
141
1.0
290
     0
  0
SCALE
  5
51
102
{ACAD_REACTORS
330
42
102
}
330
42
100
AcDbScale
 70
     0
300
8:1
140
8.0
141
1.0
290
     0
  0
SCALE
  5
52
102
{ACAD_REACTORS
330
42
102
}
330
42
100
AcDbScale
 70
     0
300
10:1
140
10.0
141
1.0
290
     0
  0
SCALE
  5
53
102
{ACAD_REACTORS
330
42
102
}
330
42
100
AcDbScale
 70
     0
300
100:1
140
100.0
141
1.0
290
     0
  0
ACDBSECTIONVIEWSTYLE
  5
69
102
{ACAD_XDICTIONARY
360
D6F
102
}
102
{ACAD_REACTORS
330
68
102
}
330
68
100
AcDbModelDocViewStyle
 70
     0
  3
Imperial24
290
     0
100
AcDbSectionViewStyle
 70
     0
 71
     0
 90
       78
 71
     1
340
55
 62
   256
 40
0.24
340
0
340
0
 62
   256
 40
0.24
300
I, O, Q, S, X, Z
 40
0.48
 90
        3
 40
0.18
 90
        1
 71
     2
340
5D
 90
       25
 62
   256
340
5D
 90
       50
 62
   256
 40
0.24
 40
0.0
 40
0.24
 71
     3
340
55
 62
   256
 40
0.24
 90
        1
 40
0.75
 90
        1
300
%<\AcVar ViewType \f "%tc1">% %<\AcVar ViewSectionStartId>%-%<\AcVar ViewSectionEndId>%\PSCALE %<\AcVar ViewScale \f "%sn">%
 71
     4
 62
   256
 62
   257
300
ANSI31
 40
1.0
 90
        0
290
     0
290
     0
 90
        6
 40
0.0
 40
1.570796
 40
0.261799
 40
1.308997
 40
-0.261799
 40
1.832596
  0
TABLESTYLE
  5
65
102
{ACAD_XDICTIONARY
360
D6C
102
}
102
{ACAD_REACTORS
330
64
102
}
330
64
100
AcDbTableStyle
280
     0
  3
Standard
 70
     0
 71
     0
 40
1.5
 41
1.5
280
     0
281
     0
  7
Standard
140
0.18
170
     2
 62
     0
 63
     7
283
     0
 90
      512
 91
        0
  1

274
    -2
284
     1
 64
     0
275
    -2
285
     1
 65
     0
276
    -2
286
     1
 66
     0
277
    -2
287
     1
 67
     0
278
    -2
288
     1
 68
     0
279
    -2
289
     1
 69
     0
  7
Standard
140
0.25
170
     5
 62
     0
 63
     7
283
     0
 90
      512
 91
        0
  1

274
    -2
284
     1
 64
     0
275
    -2
285
     1
 65
     0
276
    -2
286
     1
 66
     0
277
    -2
287
     1
 67
     0
278
    -2
288
     1
 68
     0
279
    -2
289
     1
 69
     0
  7
Standard
140
0.18
170
     5
 62
     0
 63
     7
283
     0
 90
      512
 91
        0
  1

274
    -2
284
     1
 64
     0
275
    -2
285
     1
 65
     0
276
    -2
286
     1
 66
     0
277
    -2
287
     1
 67
     0
278
    -2
288
     1
 68
     0
279
    -2
289
     1
 69
     0
  0
VISUALSTYLE
  5
2F
102
{ACAD_REACTORS
330
29
102
}
330
29
100
AcDbVisualStyle
  2
2dWireframe
 70
     4
177
     3
291
     0
 70
    58
 90
        0
176
     1
 90
        2
176
     1
 90
        0
176
     1
 90
        0
176
     1
 40
0.6
176
     1
 40
30.0
176
     1
 62
     7
420
 16777215
176
     1
 90
        1
176
     1
 90
        4
176
     1
 62
     7
176
     1
 62
   257
176
     1
 90
        1
176
     1
 90
        1
176
     1
 40
1.0
176
     1
 90
        0
176
     1
 62
   257
176
     1
 40
1.0
176
     1
 90
        1
176
     1
 90
        6
176
     1
 90
        2
176
     1
 62
     7
176
     1
 90
        5
176
     1
 90
        0
176
     1
 90
        0
176
     1
290
     0
176
     1
 90
        1
176
     1
 40
0.0
176
     1
 90
        0
176
     1
290
     1
176
     1
290
     1
176
     1
290
     0
176
     1
290
     0
176
     1
290
     0
176
     1
290
     0
176
     1
290
     0
176
     1
290
     0
176
     1
290
     0
176
     1
 90
       50
176
     1
 40
0.0
176
     1
 40
1.0
176
     1
 90
        0
176
     1
 62
    18
420
        0
176
     1
 90
       50
176
     1
 90
        3
176
     1
 62
     5
420
      255
176
     1
290
     0
176
     1
 90
       50
176
     1
 90
       50
176
     1
 90
       50
176
     1
290
     0
176
     1
 90
       50
176
     1
 62
   256
176
     0
 40
1.0
176
     0
 90
        2
176
     1
  1
strokes_ogs.tif
176
     1
290
     0
176
     1
 40
1.0
176
     1
 40
1.0
176
     1
1001
ACAD
1000
AcDbSavedByObjectVersion
1070
     0
  0
VISUALSTYLE
  5
2E
102
{ACAD_REACTORS
330
29
102
}
330
29
100
AcDbVisualStyle
  2
Basic
 70
     7
177
     3
291
     1
 70
    58
 90
        1
176
     1
 90
        0
176
     1
 90
        1
176
     1
 90
        0
176
     1
 40
0.6
176
     1
 40
30.0
176
     1
 62
     7
420
 16777215
176
     1
 90
        0
176
     1
 90
        4
176
     1
 62
     7
176
     1
 62
   257
176
     1
 90
        1
176
     1
 90
        1
176
     1
 40
1.0
176
     1
 90
        8
176
     1
 62
     7
176
     1
 40
1.0
176
     1
 90
        1
176
     1
 90
        6
176
     1
 90
        2
176
     1
 62
     7
176
     1
 90
        5
176
     1
 90
        0
176
     1
 90
        0
176
     1
290
     0
176
     1
 90
        1
176
     1
 40
0.0
176
     1
 90
        0
176
     1
290
     0
176
     1
290
     1
176
     1
290
     1
176
     1
290
     0
176
     1
290
     0
176
     1
290
     0
176
     1
290
     0
176
     1
290
     0
176
     1
290
     0
176
     1
 90
       50
176
     1
 40
0.0
176
     1
 40
1.0
176
     1
 90
        0
176
     1
 62
    18
420
        0
176
     1
 90
       50
176
     1
 90
        3
176
     1
 62
     5
420
      255
176
     1
290
     0
176
     1
 90
       50
176
     1
 90
       50
176
     1
 90
       50
176
     1
290
     0
176
     1
 90
       50
176
     1
 62
   256
176
     0
 40
1.0
176
     0
 90
        2
176
     1
  1
strokes_ogs.tif
176
     1
290
     0
176
     1
 40
1.0
176
     1
 40
1.0
176
     1
1001
ACAD
1000
AcDbSavedByObjectVersion
1070
     0
  0
VISUALSTYLE
  5
35
102
{ACAD_REACTORS
330
29
102
}
330
29
100
AcDbVisualStyle
  2
Brighten
 70
    12
177
     3
291
     1
 70
    58
 90
        2
176
     1
 90
        2
176
     1
 90
        0
176
     1
 90
        0
176
     1
 40
0.6
176
     1
 40
30.0
176
     1
 62
     7
420
 16777215
176
     1
 90
        1
176
     1
 90
        4
176
     1
 62
     7
176
     1
 62
   257
176
     1
 90
        1
176
     1
 90
        1
176
     1
 40
1.0
176
     1
 90
        8
176
     1
 62
     7
176
     1
 40
1.0
176
     1
 90
        1
176
     1
 90
        6
176
     1
 90
        2
176
     1
 62
     7
176
     1
 90
        5
176
     1
 90
        0
176
     1
 90
        0
176
     1
290
     0
176
     1
 90
        1
176
     1
 40
50.0
176
     1
 90
        0
176
     1
290
     0
176
     1
290
     1
176
     1
290
     1
176
     1
290
     0
176
     1
290
     0
176
     1
290
     0
176
     1
290
     0
176
     1
290
     0
176
     1
290
     0
176
     1
 90
       50
176
     1
 40
0.0
176
     1
 40
1.0
176
     1
 90
        0
176
     1
 62
    18
420
        0
176
     1
 90
       50
176
     1
 90
        3
176
     1
 62
     5
420
      255
176
     1
290
     0
176
     1
 90
       50
176
     1
 90
       50
176
     1
 90
       50
176
     1
290
     0
176
     1
 90
       50
176
     1
 62
   256
176
     0
 40
1.0
176
     0
 90
        2
176
     1
  1
strokes_ogs.tif
176
     1
290
     0
176
     1
 40
1.0
176
     1
 40
1.0
176
     1
1001
ACAD
1000
AcDbSavedByObjectVersion
1070
     0
  0
VISUALSTYLE
  5
39
102
{ACAD_REACTORS
330
29
102
}
330
29
100
AcDbVisualStyle
  2
ColorChange
 70
    16
177
     3
291
     1
 70
    58
 90
        2
176
     1
 90
        2
176
     1
 90
        3
176
     1
 90
        0
176
     1
 40
0.6
176
     1
 40
30.0
176
     1
 62
     8
420
  8421504
176
     1
 90
        1
176
     1
 90
        4
176
     1
 62
     7
176
     1
 62
   257
176
     1
 90
        1
176
     1
 90
        1
176
     1
 40
1.0
176
     1
 90
        8
176
     1
 62
     8
420
  8421504
176
     1
 40
1.0
176
     1
 90
        1
176
     1
 90
        6
176
     1
 90
        2
176
     1
 62
     7
176
     1
 90
        5
176
     1
 90
        0
176
     1
 90
        0
176
     1
290
     0
176
     1
 90
        1
176
     1
 40
0.0
176
     1
 90
        0
176
     1
290
     0
176
     1
290
     1
176
     1
290
     1
176
     1
290
     0
176
     1
290
     0
176
     1
290
     0
176
     1
290
     0
176
     1
290
     0
176
     1
290
     0
176
     1
 90
       50
176
     1
 40
0.0
176
     1
 40
1.0
176
     1
 90
        0
176
     1
 62
    18
420
        0
176
     1
 90
       50
176
     1
 90
        3
176
     1
 62
     5
420
      255
176
     1
290
     0
176
     1
 90
       50
176
     1
 90
       50
176
     1
 90
       50
176
     1
290
     0
176
     1
 90
       50
176
     1
 62
   256
176
     0
 40
1.0
176
     0
 90
        2
176
     1
  1
strokes_ogs.tif
176
     1
290
     0
176
     1
 40
1.0
176
     1
 40
1.0
176
     1
1001
ACAD
1000
AcDbSavedByObjectVersion
1070
     0
  0
VISUALSTYLE
  5
32
102
{ACAD_REACTORS
330
29
102
}
330
29
100
AcDbVisualStyle
  2
Conceptual
 70
     9
177
     3
291
     0
 70
    58
 90
        3
176
     1
 90
        2
176
     1
 90
        0
176
     1
 90
        0
176
     1
 40
0.6
176
     1
 40
30.0
176
     1
 62
     7
420
 16777215
176
     1
 90
        2
176
     1
 90
        2
176
     1
 62
     7
176
     1
 62
   257
176
     1
 90
        1
176
     1
 90
        1
176
     1
 40
179.0
176
     1
 90
        8
176
     1
 62
     7
176
     1
 40
1.0
176
     1
 90
        1
176
     1
 90
        6
176
     1
 90
        2
176
     1
 62
     7
176
     1
 90
        3
176
     1
 90
        0
176
     1
 90
        0
176
     1
290
     0
176
     1
 90
        1
176
     1
 40
0.0
176
     1
 90
        0
176
     1
290
     0
176
     1
290
     1
176
     1
290
     1
176
     1
290
     0
176
     1
290
     0
176
     1
290
     0
176
     1
290
     0
176
     1
290
     0
176
     1
290
     0
176
     1
 90
       50
176
     1
 40
0.0
176
     1
 40
1.0
176
     1
 90
        0
176
     1
 62
    18
420
        0
176
     1
 90
       50
176
     1
 90
        3
176
     1
 62
     5
420
      255
176
     1
290
     0
176
     1
 90
       50
176
     1
 90
       50
176
     1
 90
       50
176
     1
290
     0
176
     1
 90
       50
176
     1
 62
   256
176
     0
 40
1.0
176
     0
 90
        2
176
     1
  1
strokes_ogs.tif
176
     1
290
     0
176
     1
 40
1.0
176
     1
 40
1.0
176
     1
1001
ACAD
1000
AcDbSavedByObjectVersion
1070
     0
  0
VISUALSTYLE
  5
34
102
{ACAD_REACTORS
330
29
102
}
330
29
100
AcDbVisualStyle
  2
Dim
 70
    11
177
     3
291
     1
 70
    58
 90
        2
176
     1
 90
        2
176
     1
 90
        0
176
     1
 90
        0
176
     1
 40
0.6
176
     1
 40
30.0
176
     1
 62
     7
420
 16777215
176
     1
 90
        1
176
     1
 90
        4
176
     1
 62
     7
176
     1
 62
   257
176
     1
 90
        1
176
     1
 90
        1
176
     1
 40
1.0
176
     1
 90
        8
176
     1
 62
     7
176
     1
 40
1.0
176
     1
 90
        1
176
     1
 90
        6
176
     1
 90
        2
176
     1
 62
     7
176
     1
 90
        5
176
     1
 90
        0
176
     1
 90
        0
176
     1
290
     0
176
     1
 90
        1
176
     1
 40
-50.0
176
     1
 90
        0
176
     1
290
     0
176
     1
290
     1
176
     1
290
     1
176
     1
290
     0
176
     1
290
     0
176
     1
290
     0
176
     1
290
     0
176
     1
290
     0
176
     1
290
     0
176
     1
 90
       50
176
     1
 40
0.0
176
     1
 40
1.0
176
     1
 90
        0
176
     1
 62
    18
420
        0
176
     1
 90
       50
176
     1
 90
        3
176
     1
 62
     5
420
      255
176
     1
290
     0
176
     1
 90
       50
176
     1
 90
       50
176
     1
 90
       50
176
     1
290
     0
176
     1
 90
       50
176
     1
 62
   256
176
     0
 40
1.0
176
     0
 90
        2
176
     1
  1
strokes_ogs.tif
176
     1
290
     0
176
     1
 40
1.0
176
     1
 40
1.0
176
     1
1001
ACAD
1000
AcDbSavedByObjectVersion
1070
     0
  0
VISUALSTYLE
  5
41
102
{ACAD_REACTORS
330
29
102
}
330
29
100
AcDbVisualStyle
  2
EdgeColorOff
 70
    22
177
     3
291
     1
 70
    58
 90
        2
176
     0
 90
        2
176
     0
 90
        0
176
     0
 90
        0
176
     0
 40
0.6
176
     0
 40
30.0
176
     0
 62
     7
420
 16777215
176
     0
 90
        1
176
     0
 90
        4
176
     0
 62
     7
176
     0
 62
   257
176
     0
 90
        1
176
     0
 90
        1
176
     0
 40
1.0
176
     0
 90
        8
176
     2
 62
     7
176
     0
 40
1.0
176
     0
 90
        1
176
     0
 90
        6
176
     0
 90
        2
176
     0
 62
     7
176
     0
 90
        5
176
     0
 90
        0
176
     0
 90
        0
176
     0
290
     0
176
     0
 90
        1
176
     0
 40
0.0
176
     0
 90
        0
176
     0
290
     0
176
     0
290
     1
176
     0
290
     1
176
     0
290
     0
176
     0
290
     0
176
     0
290
     0
176
     0
290
     0
176
     0
290
     0
176
     0
290
     0
176
     0
 90
       50
176
     0
 40
0.0
176
     0
 40
1.0
176
     0
 90
        0
176
     0
 62
    18
420
        0
176
     0
 90
       50
176
     0
 90
        3
176
     0
 62
     5
420
      255
176
     0
290
     0
176
     0
 90
       50
176
     0
 90
       50
176
     0
 90
       50
176
     0
290
     0
176
     0
 90
       50
176
     0
 62
   256
176
     0
 40
1.0
176
     0
 90
        2
176
     0
  1
strokes_ogs.tif
176
     0
290
     0
176
     0
 40
1.0
176
     0
 40
1.0
176
     0
1001
ACAD
1000
AcDbSavedByObjectVersion
1070
     0
  0
VISUALSTYLE
  5
38
102
{ACAD_REACTORS
330
29
102
}
330
29
100
AcDbVisualStyle
  2
Facepattern
 70
    15
177
     3
291
     1
 70
    58
 90
        2
176
     1
 90
        2
176
     1
 90
        0
176
     1
 90
        0
176
     1
 40
0.6
176
     1
 40
30.0
176
     1
 62
     7
420
 16777215
176
     1
 90
        1
176
     1
 90
        4
176
     1
 62
     7
176
     1
 62
   257
176
     1
 90
        1
176
     1
 90
        1
176
     1
 40
1.0
176
     1
 90
        8
176
     1
 62
     7
176
     1
 40
1.0
176
     1
 90
        1
176
     1
 90
        6
176
     1
 90
        2
176
     1
 62
     7
176
     1
 90
        5
176
     1
 90
        0
176
     1
 90
        0
176
     1
290
     0
176
     1
 90
        1
176
     1
 40
0.0
176
     1
 90
        0
176
     1
290
     0
176
     1
290
     1
176
     1
290
     1
176
     1
290
     0
176
     1
290
     0
176
     1
290
     0
176
     1
290
     0
176
     1
290
     0
176
     1
290
     0
176
     1
 90
       50
176
     1
 40
0.0
176
     1
 40
1.0
176
     1
 90
        0
176
     1
 62
    18
420
        0
176
     1
 90
       50
176
     1
 90
        3
176
     1
 62
     5
420
      255
176
     1
290
     0
176
     1
 90
       50
176
     1
 90
       50
176
     1
 90
       50
176
     1
290
     0
176
     1
 90
       50
176
     1
 62
   256
176
     0
 40
1.0
176
     0
 90
        2
176
     1
  1
strokes_ogs.tif
176
     1
290
     0
176
     1
 40
1.0
176
     1
 40
1.0
176
     1
1001
ACAD
1000
AcDbSavedByObjectVersion
1070
     0
  0
VISUALSTYLE
  5
2A
102
{ACAD_REACTORS
330
29
102
}
330
29
100
AcDbVisualStyle
  2
Flat
 70
     0
177
     3
291
     1
 70
    58
 90
        2
176
     1
 90
        1
176
     1
 90
        1
176
     1
 90
        2
176
     1
 40
0.6
176
     1
 40
30.0
176
     1
 62
     7
420
 16777215
176
     1
 90
        0
176
     1
 90
        0
176
     1
 62
     7
176
     1
 62
   257
176
     1
 90
        1
176
     1
 90
        1
176
     1
 40
1.0
176
     1
 90
        8
176
     1
 62
     7
176
     1
 40
1.0
176
     1
 90
        1
176
     1
 90
        6
176
     1
 90
        2
176
     1
 62
     7
176
     1
 90
        5
176
     1
 90
        0
176
     1
 90
        0
176
     1
290
     0
176
     1
 90
       13
176
     1
 40
0.0
176
     1
 90
        0
176
     1
290
     0
176
     1
290
     1
176
     1
290
     1
176
     1
290
     0
176
     1
290
     0
176
     1
290
     0
176
     1
290
     0
176
     1
290
     0
176
     1
290
     0
176
     1
 90
       50
176
     1
 40
0.0
176
     1
 40
1.0
176
     1
 90
        0
176
     1
 62
    18
420
        0
176
     1
 90
       50
176
     1
 90
        3
176
     1
 62
     5
420
      255
176
     1
290
     0
176
     1
 90
       50
176
     1
 90
       50
176
     1
 90
       50
176
     1
290
     0
176
     1
 90
       50
176
     1
 62
   256
176
     0
 40
1.0
176
     0
 90
        2
176
     1
  1
strokes_ogs.tif
176
     1
290
     0
176
     1
 40
1.0
176
     1
 40
1.0
176
     1
1001
ACAD
1000
AcDbSavedByObjectVersion
1070
     0
  0
VISUALSTYLE
  5
2B
102
{ACAD_REACTORS
330
29
102
}
330
29
100
AcDbVisualStyle
  2
FlatWithEdges
 70
     1
177
     3
291
     1
 70
    58
 90
        2
176
     1
 90
        1
176
     1
 90
        1
176
     1
 90
        2
176
     1
 40
0.6
176
     1
 40
30.0
176
     1
 62
     7
420
 16777215
176
     1
 90
        1
176
     1
 90
        0
176
     1
 62
     7
176
     1
 62
   257
176
     1
 90
        1
176
     1
 90
        1
176
     1
 40
1.0
176
     1
 90
        0
176
     1
 62
   257
176
     1
 40
1.0
176
     1
 90
        1
176
     1
 90
        6
176
     1
 90
        2
176
     1
 62
     7
176
     1
 90
        5
176
     1
 90
        0
176
     1
 90
        0
176
     1
290
     0
176
     1
 90
       13
176
     1
 40
0.0
176
     1
 90
        0
176
     1
290
     0
176
     1
290
     1
176
     1
290
     1
176
     1
290
     0
176
     1
290
     0
176
     1
290
     0
176
     1
290
     0
176
     1
290
     0
176
     1
290
     0
176
     1
 90
       50
176
     1
 40
0.0
176
     1
 40
1.0
176
     1
 90
        0
176
     1
 62
    18
420
        0
176
     1
 90
       50
176
     1
 90
        3
176
     1
 62
     5
420
      255
176
     1
290
     0
176
     1
 90
       50
176
     1
 90
       50
176
     1
 90
       50
176
     1
290
     0
176
     1
 90
       50
176
     1
 62
   256
176
     0
 40
1.0
176
     0
 90
        2
176
     1
  1
strokes_ogs.tif
176
     1
290
     0
176
     1
 40
1.0
176
     1
 40
1.0
176
     1
1001
ACAD
1000
AcDbSavedByObjectVersion
1070
     0
  0
VISUALSTYLE
  5
2C
102
{ACAD_REACTORS
330
29
102
}
330
29
100
AcDbVisualStyle
  2
Gouraud
 70
     2
177
     3
291
     1
 70
    58
 90
        2
176
     1
 90
        2
176
     1
 90
        1
176
     1
 90
        2
176
     1
 40
0.6
176
     1
 40
30.0
176
     1
 62
     7
420
 16777215
176
     1
 90
        0
176
     1
 90
        0
176
     1
 62
     7
176
     1
 62
   257
176
     1
 90
        1
176
     1
 90
        1
176
     1
 40
1.0
176
     1
 90
        0
176
     1
 62
     7
176
     1
 40
1.0
176
     1
 90
        1
176
     1
 90
        6
176
     1
 90
        2
176
     1
 62
     7
176
     1
 90
        5
176
     1
 90
        0
176
     1
 90
        0
176
     1
290
     0
176
     1
 90
       13
176
     1
 40
0.0
176
     1
 90
        0
176
     1
290
     0
176
     1
290
     1
176
     1
290
     1
176
     1
290
     0
176
     1
290
     0
176
     1
290
     0
176
     1
290
     0
176
     1
290
     0
176
     1
290
     0
176
     1
 90
       50
176
     1
 40
0.0
176
     1
 40
1.0
176
     1
 90
        0
176
     1
 62
    18
420
        0
176
     1
 90
       50
176
     1
 90
        3
176
     1
 62
     5
420
      255
176
     1
290
     0
176
     1
 90
       50
176
     1
 90
       50
176
     1
 90
       50
176
     1
290
     0
176
     1
 90
       50
176
     1
 62
   256
176
     0
 40
1.0
176
     0
 90
        2
176
     1
  1
strokes_ogs.tif
176
     1
290
     0
176
     1
 40
1.0
176
     1
 40
1.0
176
     1
1001
ACAD
1000
AcDbSavedByObjectVersion
1070
     0
  0
VISUALSTYLE
  5
2D
102
{ACAD_REACTORS
330
29
102
}
330
29
100
AcDbVisualStyle
  2
GouraudWithEdges
 70
     3
177
     3
291
     1
 70
    58
 90
        2
176
     1
 90
        2
176
     1
 90
        1
176
     1
 90
        2
176
     1
 40
0.6
176
     1
 40
30.0
176
     1
 62
     7
420
 16777215
176
     1
 90
        1
176
     1
 90
        0
176
     1
 62
     7
176
     1
 62
   257
176
     1
 90
        1
176
     1
 90
        1
176
     1
 40
1.0
176
     1
 90
        0
176
     1
 62
   257
176
     1
 40
1.0
176
     1
 90
        1
176
     1
 90
        6
176
     1
 90
        2
176
     1
 62
     7
176
     1
 90
        5
176
     1
 90
        0
176
     1
 90
        0
176
     1
290
     0
176
     1
 90
       13
176
     1
 40
0.0
176
     1
 90
        0
176
     1
290
     0
176
     1
290
     1
176
     1
290
     1
176
     1
290
     0
176
     1
290
     0
176
     1
290
     0
176
     1
290
     0
176
     1
290
     0
176
     1
290
     0
176
     1
 90
       50
176
     1
 40
0.0
176
     1
 40
1.0
176
     1
 90
        0
176
     1
 62
    18
420
        0
176
     1
 90
       50
176
     1
 90
        3
176
     1
 62
     5
420
      255
176
     1
290
     0
176
     1
 90
       50
176
     1
 90
       50
176
     1
 90
       50
176
     1
290
     0
176
     1
 90
       50
176
     1
 62
   256
176
     0
 40
1.0
176
     0
 90
        2
176
     1
  1
strokes_ogs.tif
176
     1
290
     0
176
     1
 40
1.0
176
     1
 40
1.0
176
     1
1001
ACAD
1000
AcDbSavedByObjectVersion
1070
     0
  0
VISUALSTYLE
  5
31
102
{ACAD_REACTORS
330
29
102
}
330
29
100
AcDbVisualStyle
  2
Hidden
 70
     6
177
     3
291
     0
 70
    58
 90
        1
176
     1
 90
        2
176
     1
 90
        2
176
     1
 90
        0
176
     1
 40
0.6
176
     1
 40
30.0
176
     1
 62
     7
420
 16777215
176
     1
 90
        2
176
     1
 90
        2
176
     1
 62
     7
176
     1
 62
   257
176
     1
 90
        2
176
     1
 90
        1
176
     1
 40
40.0
176
     1
 90
        0
176
     1
 62
   257
176
     1
 40
1.0
176
     1
 90
        1
176
     1
 90
        6
176
     1
 90
        2
176
     1
 62
     7
176
     1
 90
        3
176
     1
 90
        0
176
     1
 90
        0
176
     1
290
     0
176
     1
 90
        1
176
     1
 40
0.0
176
     1
 90
        0
176
     1
290
     0
176
     1
290
     1
176
     1
290
     1
176
     1
290
     0
176
     1
290
     0
176
     1
290
     0
176
     1
290
     0
176
     1
290
     0
176
     1
290
     0
176
     1
 90
       50
176
     1
 40
0.0
176
     1
 40
1.0
176
     1
 90
        0
176
     1
 62
    18
420
        0
176
     1
 90
       50
176
     1
 90
        3
176
     1
 62
     5
420
      255
176
     1
290
     0
176
     1
 90
       50
176
     1
 90
       50
176
     1
 90
       50
176
     1
290
     0
176
     1
 90
       50
176
     1
 62
   256
176
     0
 40
1.0
176
     0
 90
        2
176
     1
  1
strokes_ogs.tif
176
     1
290
     0
176
     1
 40
1.0
176
     1
 40
1.0
176
     1
1001
ACAD
1000
AcDbSavedByObjectVersion
1070
     0
  0
VISUALSTYLE
  5
3F
102
{ACAD_REACTORS
330
29
102
}
330
29
100
AcDbVisualStyle
  2
JitterOff
 70
    20
177
     3
291
     1
 70
    58
 90
        2
176
     0
 90
        2
176
     0
 90
        0
176
     0
 90
        0
176
     0
 40
0.6
176
     0
 40
30.0
176
     0
 62
     7
420
 16777215
176
     0
 90
        1
176
     0
 90
        4
176
     0
 62
     7
176
     0
 62
   257
176
     0
 90
        1
176
     0
 90
        1
176
     0
 40
1.0
176
     0
 90
       10
176
     2
 62
     7
176
     0
 40
1.0
176
     0
 90
        1
176
     0
 90
        6
176
     0
 90
        2
176
     0
 62
     7
176
     0
 90
        5
176
     0
 90
        0
176
     0
 90
        0
176
     0
290
     0
176
     0
 90
        1
176
     0
 40
0.0
176
     0
 90
        0
176
     0
290
     0
176
     0
290
     1
176
     0
290
     1
176
     0
290
     0
176
     0
290
     0
176
     0
290
     0
176
     0
290
     0
176
     0
290
     0
176
     0
290
     0
176
     0
 90
       50
176
     0
 40
0.0
176
     0
 40
1.0
176
     0
 90
        0
176
     0
 62
    18
420
        0
176
     0
 90
       50
176
     0
 90
        3
176
     0
 62
     5
420
      255
176
     0
290
     0
176
     0
 90
       50
176
     0
 90
       50
176
     0
 90
       50
176
     0
290
     0
176
     0
 90
       50
176
     0
 62
   256
176
     0
 40
1.0
176
     0
 90
        2
176
     0
  1
strokes_ogs.tif
176
     0
290
     0
176
     0
 40
1.0
176
     0
 40
1.0
176
     0
1001
ACAD
1000
AcDbSavedByObjectVersion
1070
     0
  0
VISUALSTYLE
  5
37
102
{ACAD_REACTORS
330
29
102
}
330
29
100
AcDbVisualStyle
  2
Linepattern
 70
    14
177
     3
291
     1
 70
    58
 90
        2
176
     1
 90
        2
176
     1
 90
        0
176
     1
 90
        0
176
     1
 40
0.6
176
     1
 40
30.0
176
     1
 62
     7
420
 16777215
176
     1
 90
        1
176
     1
 90
        4
176
     1
 62
     7
176
     1
 62
   257
176
     1
 90
        7
176
     1
 90
        7
176
     1
 40
1.0
176
     1
 90
        8
176
     1
 62
     7
176
     1
 40
1.0
176
     1
 90
        1
176
     1
 90
        6
176
     1
 90
        2
176
     1
 62
     7
176
     1
 90
        5
176
     1
 90
        0
176
     1
 90
        0
176
     1
290
     0
176
     1
 90
        1
176
     1
 40
0.0
176
     1
 90
        0
176
     1
290
     0
176
     1
290
     1
176
     1
290
     1
176
     1
290
     0
176
     1
290
     0
176
     1
290
     0
176
     1
290
     0
176
     1
290
     0
176
     1
290
     0
176
     1
 90
       50
176
     1
 40
0.0
176
     1
 40
1.0
176
     1
 90
        0
176
     1
 62
    18
420
        0
176
     1
 90
       50
176
     1
 90
        3
176
     1
 62
     5
420
      255
176
     1
290
     0
176
     1
 90
       50
176
     1
 90
       50
176
     1
 90
       50
176
     1
290
     0
176
     1
 90
       50
176
     1
 62
   256
176
     0
 40
1.0
176
     0
 90
        2
176
     1
  1
strokes_ogs.tif
176
     1
290
     0
176
     1
 40
1.0
176
     1
 40
1.0
176
     1
1001
ACAD
1000
AcDbSavedByObjectVersion
1070
     0
  0
VISUALSTYLE
  5
40
102
{ACAD_REACTORS
330
29
102
}
330
29
100
AcDbVisualStyle
  2
OverhangOff
 70
    21
177
     3
291
     1
 70
    58
 90
        2
176
     0
 90
        2
176
     0
 90
        0
176
     0
 90
        0
176
     0
 40
0.6
176
     0
 40
30.0
176
     0
 62
     7
420
 16777215
176
     0
 90
        1
176
     0
 90
        4
176
     0
 62
     7
176
     0
 62
   257
176
     0
 90
        1
176
     0
 90
        1
176
     0
 40
1.0
176
     0
 90
        9
176
     2
 62
     7
176
     0
 40
1.0
176
     0
 90
        1
176
     0
 90
        6
176
     0
 90
        2
176
     0
 62
     7
176
     0
 90
        5
176
     0
 90
        0
176
     0
 90
        0
176
     0
290
     0
176
     0
 90
        1
176
     0
 40
0.0
176
     0
 90
        0
176
     0
290
     0
176
     0
290
     1
176
     0
290
     1
176
     0
290
     0
176
     0
290
     0
176
     0
290
     0
176
     0
290
     0
176
     0
290
     0
176
     0
290
     0
176
     0
 90
       50
176
     0
 40
0.0
176
     0
 40
1.0
176
     0
 90
        0
176
     0
 62
    18
420
        0
176
     0
 90
       50
176
     0
 90
        3
176
     0
 62
     5
420
      255
176
     0
290
     0
176
     0
 90
       50
176
     0
 90
       50
176
     0
 90
       50
176
     0
290
     0
176
     0
 90
       50
176
     0
 62
   256
176
     0
 40
1.0
176
     0
 90
        2
176
     0
  1
strokes_ogs.tif
176
     0
290
     0
176
     0
 40
1.0
176
     0
 40
1.0
176
     0
1001
ACAD
1000
AcDbSavedByObjectVersion
1070
     0
  0
VISUALSTYLE
  5
33
102
{ACAD_REACTORS
330
29
102
}
330
29
100
AcDbVisualStyle
  2
Realistic
 70
     8
177
     3
291
     0
 70
    58
 90
        2
176
     1
 90
        3
176
     1
 90
        0
176
     1
 90
        2
176
     1
 40
0.6
176
     1
 40
30.0
176
     1
 62
     7
420
 16777215
176
     1
 90
        0
176
     1
 90
        0
176
     1
 62
     7
176
     1
 62
   257
176
     1
 90
        1
176
     1
 90
        1
176
     1
 40
1.0
176
     1
 90
        8
176
     1
 62
   257
176
     1
 40
1.0
176
     1
 90
        1
176
     1
 90
        6
176
     1
 90
        2
176
     1
 62
     7
176
     1
 90
        3
176
     1
 90
        0
176
     1
 90
        0
176
     1
290
     0
176
     1
 90
       13
176
     1
 40
0.0
176
     1
 90
        0
176
     1
290
     0
176
     1
290
     1
176
     1
290
     1
176
     1
290
     0
176
     1
290
     0
176
     1
290
     0
176
     1
290
     0
176
     1
290
     0
176
     1
290
     0
176
     1
 90
       50
176
     1
 40
0.0
176
     1
 40
1.0
176
     1
 90
        0
176
     1
 62
    18
420
        0
176
     1
 90
       50
176
     1
 90
        3
176
     1
 62
     5
420
      255
176
     1
290
     0
176
     1
 90
       50
176
     1
 90
       50
176
     1
 90
       50
176
     1
290
     0
176
     1
 90
       50
176
     1
 62
   256
176
     0
 40
1.0
176
     0
 90
        2
176
     1
  1
strokes_ogs.tif
176
     1
290
     0
176
     1
 40
1.0
176
     1
 40
1.0
176
     1
1001
ACAD
1000
AcDbSavedByObjectVersion
1070
     0
  0
VISUALSTYLE
  5
3E
102
{ACAD_REACTORS
330
29
102
}
330
29
100
AcDbVisualStyle
  2
Shaded
 70
    27
177
     3
291
     0
 70
    58
 90
        2
176
     1
 90
        2
176
     1
 90
        1
176
     1
 90
        2
176
     1
 40
0.6
176
     1
 40
30.0
176
     1
 62
     7
420
 16777215
176
     1
 90
        0
176
     1
 90
        4
176
     1
 62
     7
176
     1
 62
   257
176
     1
 90
        1
176
     1
 90
        1
176
     1
 40
1.0
176
     1
 90
        8
176
     1
 62
   257
176
     1
 40
1.0
176
     1
 90
        1
176
     1
 90
        6
176
     1
 90
        2
176
     1
 62
     8
420
  7895160
176
     1
 90
        3
176
     1
 90
        0
176
     1
 90
        0
176
     1
290
     0
176
     1
 90
        5
176
     1
 40
0.0
176
     1
 90
        0
176
     1
290
     0
176
     1
290
     1
176
     1
290
     1
176
     1
290
     0
176
     1
290
     0
176
     1
290
     0
176
     1
290
     0
176
     1
290
     0
176
     1
290
     0
176
     1
 90
       50
176
     1
 40
0.0
176
     1
 40
1.0
176
     1
 90
        0
176
     1
 62
    18
420
        0
176
     1
 90
       50
176
     1
 90
        3
176
     1
 62
     5
420
      255
176
     1
290
     0
176
     1
 90
       50
176
     1
 90
       50
176
     1
 90
       50
176
     1
290
     0
176
     1
 90
       50
176
     1
 62
   256
176
     0
 40
1.0
176
     0
 90
        2
176
     1
  1
strokes_ogs.tif
176
     1
290
     0
176
     1
 40
1.0
176
     1
 40
1.0
176
     1
1001
ACAD
1000
AcDbSavedByObjectVersion
1070
     0
  0
VISUALSTYLE
  5
3D
102
{ACAD_REACTORS
330
29
102
}
330
29
100
AcDbVisualStyle
  2
Shaded with edges
 70
    26
177
     3
291
     0
 70
    58
 90
        2
176
     1
 90
        2
176
     1
 90
        1
176
     1
 90
        2
176
     1
 40
0.6
176
     1
 40
30.0
176
     1
 62
     7
420
 16777215
176
     1
 90
        1
176
     1
 90
        2
176
     1
 62
     7
176
     1
 62
   257
176
     1
 90
        2
176
     1
 90
        1
176
     1
 40
1.0
176
     1
 90
        8
176
     1
 62
   257
176
     1
 40
1.0
176
     1
 90
        1
176
     1
 90
        6
176
     1
 90
        2
176
     1
 62
     7
176
     1
 90
        3
176
     1
 90
        0
176
     1
 90
        0
176
     1
290
     0
176
     1
 90
        5
176
     1
 40
0.0
176
     1
 90
        0
176
     1
290
     0
176
     1
290
     1
176
     1
290
     1
176
     1
290
     0
176
     1
290
     0
176
     1
290
     0
176
     1
290
     0
176
     1
290
     0
176
     1
290
     0
176
     1
 90
       50
176
     1
 40
0.0
176
     1
 40
1.0
176
     1
 90
        0
176
     1
 62
    18
420
        0
176
     1
 90
       50
176
     1
 90
        3
176
     1
 62
     5
420
      255
176
     1
290
     0
176
     1
 90
       50
176
     1
 90
       50
176
     1
 90
       50
176
     1
290
     0
176
     1
 90
       50
176
     1
 62
   256
176
     0
 40
1.0
176
     0
 90
        2
176
     1
  1
strokes_ogs.tif
176
     1
290
     0
176
     1
 40
1.0
176
     1
 40
1.0
176
     1
1001
ACAD
1000
AcDbSavedByObjectVersion
1070
     0
  0
VISUALSTYLE
  5
3A
102
{ACAD_REACTORS
330
29
102
}
330
29
100
AcDbVisualStyle
  2
Shades of Gray
 70
    23
177
     3
291
     0
 70
    58
 90
        2
176
     1
 90
        2
176
     1
 90
        3
176
     1
 90
        0
176
     1
 40
0.6
176
     1
 40
30.0
176
     1
 62
     7
420
 16777215
176
     1
 90
        2
176
     1
 90
        2
176
     1
 62
     7
176
     1
 62
     7
176
     1
 90
        1
176
     1
 90
        1
176
     1
 40
40.0
176
     1
 90
        8
176
     1
 62
     7
176
     1
 40
1.0
176
     1
 90
        1
176
     1
 90
        6
176
     1
 90
        2
176
     1
 62
     7
176
     1
 90
        3
176
     1
 90
        0
176
     1
 90
        0
176
     1
290
     0
176
     1
 90
        1
176
     1
 40
0.0
176
     1
 90
        0
176
     1
290
     0
176
     1
290
     1
176
     1
290
     1
176
     1
290
     0
176
     1
290
     0
176
     1
290
     0
176
     1
290
     0
176
     1
290
     0
176
     1
290
     0
176
     1
 90
       50
176
     1
 40
0.0
176
     1
 40
1.0
176
     1
 90
        0
176
     1
 62
    18
420
        0
176
     1
 90
       50
176
     1
 90
        3
176
     1
 62
     5
420
      255
176
     1
290
     0
176
     1
 90
       50
176
     1
 90
       50
176
     1
 90
       50
176
     1
290
     0
176
     1
 90
       50
176
     1
 62
   256
176
     0
 40
1.0
176
     0
 90
        2
176
     1
  1
strokes_ogs.tif
176
     1
290
     0
176
     1
 40
1.0
176
     1
 40
1.0
176
     1
1001
ACAD
1000
AcDbSavedByObjectVersion
1070
     0
  0
VISUALSTYLE
  5
3B
102
{ACAD_REACTORS
330
29
102
}
330
29
100
AcDbVisualStyle
  2
Sketchy
 70
    24
177
     3
291
     0
 70
    58
 90
        1
176
     1
 90
        2
176
     1
 90
        2
176
     1
 90
        0
176
     1
 40
0.6
176
     1
 40
30.0
176
     1
 62
     7
420
 16777215
176
     1
 90
        2
176
     1
 90
        2
176
     1
 62
     7
176
     1
 62
     7
176
     1
 90
        1
176
     1
 90
        1
176
     1
 40
40.0
176
     1
 90
       11
176
     1
 62
     7
176
     1
 40
1.0
176
     1
 90
        1
176
     1
 90
        6
176
     1
 90
        2
176
     1
 62
     7
176
     1
 90
        6
176
     1
 90
        0
176
     1
 90
        0
176
     1
290
     0
176
     1
 90
        1
176
     1
 40
0.0
176
     1
 90
        0
176
     1
290
     0
176
     1
290
     1
176
     1
290
     1
176
     1
290
     0
176
     1
290
     0
176
     1
290
     0
176
     1
290
     0
176
     1
290
     0
176
     1
290
     0
176
     1
 90
       50
176
     1
 40
0.0
176
     1
 40
1.0
176
     1
 90
        0
176
     1
 62
    18
420
        0
176
     1
 90
       50
176
     1
 90
        3
176
     1
 62
     5
420
      255
176
     1
290
     0
176
     1
 90
       50
176
     1
 90
       50
176
     1
 90
       50
176
     1
290
     0
176
     1
 90
       50
176
     1
 62
   256
176
     0
 40
1.0
176
     0
 90
        2
176
     1
  1
strokes_ogs.tif
176
     1
290
     0
176
     1
 40
1.0
176
     1
 40
1.0
176
     1
1001
ACAD
1000
AcDbSavedByObjectVersion
1070
     0
  0
VISUALSTYLE
  5
36
102
{ACAD_REACTORS
330
29
102
}
330
29
100
AcDbVisualStyle
  2
Thicken
 70
    13
177
     3
291
     1
 70
    58
 90
        2
176
     1
 90
        2
176
     1
 90
        0
176
     1
 90
        0
176
     1
 40
0.6
176
     1
 40
30.0
176
     1
 62
     7
420
 16777215
176
     1
 90
        1
176
     1
 90
        4
176
     1
 62
     7
176
     1
 62
   257
176
     1
 90
        1
176
     1
 90
        1
176
     1
 40
1.0
176
     1
 90
       12
176
     1
 62
     7
176
     1
 40
1.0
176
     1
 90
        1
176
     1
 90
        6
176
     1
 90
        2
176
     1
 62
     7
176
     1
 90
        5
176
     1
 90
        0
176
     1
 90
        0
176
     1
290
     0
176
     1
 90
        1
176
     1
 40
0.0
176
     1
 90
        0
176
     1
290
     0
176
     1
290
     1
176
     1
290
     1
176
     1
290
     0
176
     1
290
     0
176
     1
290
     0
176
     1
290
     0
176
     1
290
     0
176
     1
290
     0
176
     1
 90
       50
176
     1
 40
0.0
176
     1
 40
1.0
176
     1
 90
        0
176
     1
 62
    18
420
        0
176
     1
 90
       50
176
     1
 90
        3
176
     1
 62
     5
420
      255
176
     1
290
     0
176
     1
 90
       50
176
     1
 90
       50
176
     1
 90
       50
176
     1
290
     0
176
     1
 90
       50
176
     1
 62
   256
176
     0
 40
1.0
176
     0
 90
        2
176
     1
  1
strokes_ogs.tif
176
     1
290
     0
176
     1
 40
1.0
176
     1
 40
1.0
176
     1
1001
ACAD
1000
AcDbSavedByObjectVersion
1070
     0
  0
VISUALSTYLE
  5
30
102
{ACAD_REACTORS
330
29
102
}
330
29
100
AcDbVisualStyle
  2
Wireframe
 70
     5
177
     3
291
     0
 70
    58
 90
        0
176
     1
 90
        2
176
     1
 90
        0
176
     1
 90
        0
176
     1
 40
0.6
176
     1
 40
30.0
176
     1
 62
     7
420
 16777215
176
     1
 90
        1
176
     1
 90
        4
176
     1
 62
     7
176
     1
 62
   257
176
     1
 90
        1
176
     1
 90
        1
176
     1
 40
1.0
176
     1
 90
        0
176
     1
 62
   257
176
     1
 40
1.0
176
     1
 90
        1
176
     1
 90
        6
176
     1
 90
        2
176
     1
 62
     7
176
     1
 90
        3
176
     1
 90
        0
176
     1
 90
        0
176
     1
290
     0
176
     1
 90
        1
176
     1
 40
0.0
176
     1
 90
        0
176
     1
290
     0
176
     1
290
     1
176
     1
290
     1
176
     1
290
     0
176
     1
290
     0
176
     1
290
     0
176
     1
290
     0
176
     1
290
     0
176
     1
290
     0
176
     1
 90
       50
176
     1
 40
0.0
176
     1
 40
1.0
176
     1
 90
        0
176
     1
 62
    18
420
        0
176
     1
 90
       50
176
     1
 90
        3
176
     1
 62
     5
420
      255
176
     1
290
     0
176
     1
 90
       50
176
     1
 90
       50
176
     1
 90
       50
176
     1
290
     0
176
     1
 90
       50
176
     1
 62
   256
176
     0
 40
1.0
176
     0
 90
        2
176
     1
  1
strokes_ogs.tif
176
     1
290
     0
176
     1
 40
1.0
176
     1
 40
1.0
176
     1
1001
ACAD
1000
AcDbSavedByObjectVersion
1070
     0
  0
VISUALSTYLE
  5
3C
102
{ACAD_REACTORS
330
29
102
}
330
29
100
AcDbVisualStyle
  2
X-Ray
 70
    25
177
     3
291
     0
 70
    58
 90
        2
176
     1
 90
        2
176
     1
 90
        1
176
     1
 90
        1
176
     1
 40
0.5
176
     1
 40
30.0
176
     1
 62
     7
420
 16777215
176
     1
 90
        1
176
     1
 90
        0
176
     1
 62
     7
176
     1
 62
   257
176
     1
 90
        1
176
     1
 90
        1
176
     1
 40
1.0
176
     1
 90
        8
176
     1
 62
     7
176
     1
 40
1.0
176
     1
 90
        1
176
     1
 90
        6
176
     1
 90
        2
176
     1
 62
     7
176
     1
 90
        3
176
     1
 90
        0
176
     1
 90
        0
176
     1
290
     0
176
     1
 90
       13
176
     1
 40
0.0
176
     1
 90
        0
176
     1
290
     0
176
     1
290
     1
176
     1
290
     1
176
     1
290
     0
176
     1
290
     0
176
     1
290
     0
176
     1
290
     0
176
     1
290
     0
176
     1
290
     0
176
     1
 90
       50
176
     1
 40
0.0
176
     1
 40
1.0
176
     1
 90
        0
176
     1
 62
    18
420
        0
176
     1
 90
       50
176
     1
 90
        3
176
     1
 62
     5
420
      255
176
     1
290
     0
176
     1
 90
       50
176
     1
 90
       50
176
     1
 90
       50
176
     1
290
     0
176
     1
 90
       50
176
     1
 62
   256
176
     0
 40
1.0
176
     0
 90
        2
176
     1
  1
strokes_ogs.tif
176
     1
290
     0
176
     1
 40
1.0
176
     1
 40
1.0
176
     1
1001
ACAD
1000
AcDbSavedByObjectVersion
1070
     0
  0
DICTIONARYVAR
  5
D6A
102
{ACAD_REACTORS
330
D65
102
}
330
D65
100
DictionaryVariables
280
     0
  1
0
  0
DICTIONARYVAR
  5
D6B
102
{ACAD_REACTORS
330
D65
102
}
330
D65
100
DictionaryVariables
280
     0
  1
1:1
  0
DICTIONARYVAR
  5
D67
102
{ACAD_REACTORS
330
D65
102
}
330
D65
100
DictionaryVariables
280
     0
  1
STANDARD
  0
DICTIONARYVAR
  5
D66
102
{ACAD_REACTORS
330
D65
102
}
330
D65
100
DictionaryVariables
280
     0
  1
STANDARD
  0
DICTIONARYVAR
  5
D68
102
{ACAD_REACTORS
330
D65
102
}
330
D65
100
DictionaryVariables
280
     0
  1
Imperial24
  0
DICTIONARYVAR
  5
D69
102
{ACAD_REACTORS
330
D65
102
}
330
D65
100
DictionaryVariables
280
     0
  1
Imperial24
  0
DICTIONARY
  5
D71
330
6B
100
AcDbDictionary
280
     1
281
     1
  3
ACAD_XREC_ROUNDTRIP
360
D72
  0
DICTIONARY
  5
1A
330
19
100
AcDbDictionary
280
     1
281
     1
  3
BUMPTILE
360
1C
  3
DIFFUSETILE
360
1B
  3
OPACITYTILE
360
1F
  3
REFLECTIONTILE
360
1E
  3
REFRACTIONTILE
360
20
  3
SPECULARTILE
360
1D
  0
DICTIONARY
  5
12
330
11
100
AcDbDictionary
280
     1
281
     1
  3
BUMPTILE
360
14
  3
DIFFUSETILE
360
13
  3
OPACITYTILE
360
17
  3
REFLECTIONTILE
360
16
  3
REFRACTIONTILE
360
18
  3
SPECULARTILE
360
15
  0
DICTIONARY
  5
22
330
21
100
AcDbDictionary
280
     1
281
     1
  3
BUMPTILE
360
24
  3
DIFFUSETILE
360
23
  3
OPACITYTILE
360
27
  3
REFLECTIONTILE
360
26
  3
REFRACTIONTILE
360
28
  3
SPECULARTILE
360
25
  0
DICTIONARY
  5
D6F
330
69
100
AcDbDictionary
280
     1
281
     1
  3
ACAD_XREC_ROUNDTRIP
360
D70
  0
DICTIONARY
  5
D6C
330
65
100
AcDbDictionary
280
     1
281
     1
  3
ACAD_ROUNDTRIP_2008_TABLESTYLE_CELLSTYLEMAP
360
D6D
  0
XRECORD
  5
D72
102
{ACAD_REACTORS
330
D71
102
}
330
D71
100
AcDbXrecord
280
     1
102
DISPLAYNAME
  1
Imperial24
102
FLAGS
 90
        0
  0
XRECORD
  5
1C
102
{ACAD_REACTORS
330
1A
102
}
330
1A
100
AcDbXrecord
280
     1
270
     1
271
     1
  0
XRECORD
  5
1B
102
{ACAD_REACTORS
330
1A
102
}
330
1A
100
AcDbXrecord
280
     1
270
     1
271
     1
  0
XRECORD
  5
1F
102
{ACAD_REACTORS
330
1A
102
}
330
1A
100
AcDbXrecord
280
     1
270
     1
271
     1
  0
XRECORD
  5
1E
102
{ACAD_REACTORS
330
1A
102
}
330
1A
100
AcDbXrecord
280
     1
270
     1
271
     1
  0
XRECORD
  5
20
102
{ACAD_REACTORS
330
1A
102
}
330
1A
100
AcDbXrecord
280
     1
270
     1
271
     1
  0
XRECORD
  5
1D
102
{ACAD_REACTORS
330
1A
102
}
330
1A
100
AcDbXrecord
280
     1
270
     1
271
     1
  0
XRECORD
  5
14
102
{ACAD_REACTORS
330
12
102
}
330
12
100
AcDbXrecord
280
     1
270
     1
271
     1
  0
XRECORD
  5
13
102
{ACAD_REACTORS
330
12
102
}
330
12
100
AcDbXrecord
280
     1
270
     1
271
     1
  0
XRECORD
  5
17
102
{ACAD_REACTORS
330
12
102
}
330
12
100
AcDbXrecord
280
     1
270
     1
271
     1
  0
XRECORD
  5
16
102
{ACAD_REACTORS
330
12
102
}
330
12
100
AcDbXrecord
280
     1
270
     1
271
     1
  0
XRECORD
  5
18
102
{ACAD_REACTORS
330
12
102
}
330
12
100
AcDbXrecord
280
     1
270
     1
271
     1
  0
XRECORD
  5
15
102
{ACAD_REACTORS
330
12
102
}
330
12
100
AcDbXrecord
280
     1
270
     1
271
     1
  0
XRECORD
  5
24
102
{ACAD_REACTORS
330
22
102
}
330
22
100
AcDbXrecord
280
     1
270
     1
271
     1
  0
XRECORD
  5
23
102
{ACAD_REACTORS
330
22
102
}
330
22
100
AcDbXrecord
280
     1
270
     1
271
     1
  0
XRECORD
  5
27
102
{ACAD_REACTORS
330
22
102
}
330
22
100
AcDbXrecord
280
     1
270
     1
271
     1
  0
XRECORD
  5
26
102
{ACAD_REACTORS
330
22
102
}
330
22
100
AcDbXrecord
280
     1
270
     1
271
     1
  0
XRECORD
  5
28
102
{ACAD_REACTORS
330
22
102
}
330
22
100
AcDbXrecord
280
     1
270
     1
271
     1
  0
XRECORD
  5
25
102
{ACAD_REACTORS
330
22
102
}
330
22
100
AcDbXrecord
280
     1
270
     1
271
     1
  0
XRECORD
  5
D70
102
{ACAD_REACTORS
330
D6F
102
}
330
D6F
100
AcDbXrecord
280
     1
102
DISPLAYNAME
  1
Imperial24
102
FLAGS
 90
        0
  0
CELLSTYLEMAP
  5
D6D
102
{ACAD_REACTORS
330
D6C
102
}
330
D6C
100
AcDbCellStyleMap
 90
        3
300
CELLSTYLE
  1
TABLEFORMAT_BEGIN
 90
        5
170
     1
 91
        0
 92
    32768
 62
   257
 93
        1
300
CONTENTFORMAT
  1
CONTENTFORMAT_BEGIN
 90
        0
 91
        0
 92
      512
 93
        0
300

 40
0.0
140
1.0
 94
        5
 62
     0
340
55
144
0.25
309
CONTENTFORMAT_END
171
     1
301
MARGIN
  1
CELLMARGIN_BEGIN
 40
1.5
 40
1.5
 40
1.5
 40
1.5
 40
0.18
 40
0.18
309
CELLMARGIN_END
 94
        0
309
TABLEFORMAT_END
  1
CELLSTYLE_BEGIN
 90
        1
 91
        1
300
_TITLE
309
CELLSTYLE_END
300
CELLSTYLE
  1
TABLEFORMAT_BEGIN
 90
        5
170
     1
 91
        0
 92
        0
 62
   257
 93
        1
300
CONTENTFORMAT
  1
CONTENTFORMAT_BEGIN
 90
        0
 91
        0
 92
      512
 93
        0
300

 40
0.0
140
1.0
 94
        5
 62
     0
340
55
144
0.18
309
CONTENTFORMAT_END
171
     1
301
MARGIN
  1
CELLMARGIN_BEGIN
 40
1.5
 40
1.5
 40
1.5
 40
1.5
 40
0.18
 40
0.18
309
CELLMARGIN_END
 94
        0
309
TABLEFORMAT_END
  1
CELLSTYLE_BEGIN
 90
        2
 91
        1
300
_HEADER
309
CELLSTYLE_END
300
CELLSTYLE
  1
TABLEFORMAT_BEGIN
 90
        5
170
     1
 91
        0
 92
        0
 62
   257
 93
        1
300
CONTENTFORMAT
  1
CONTENTFORMAT_BEGIN
 90
        0
 91
        0
 92
      512
 93
        0
300

 40
0.0
140
1.0
 94
        2
 62
     0
340
55
144
0.18
309
CONTENTFORMAT_END
171
     1
301
MARGIN
  1
CELLMARGIN_BEGIN
 40
1.5
 40
1.5
 40
1.5
 40
1.5
 40
0.18
 40
0.18
309
CELLMARGIN_END
 94
        0
309
TABLEFORMAT_END
  1
CELLSTYLE_BEGIN
 90
        3
 91
        2
300
_DATA
309
CELLSTYLE_END
  0
ENDSEC
  0
EOF
