  0
SECTION
  2
HEADER
  9
$ACADVER
  1
AC1027
  9
$ACADMAINTVER
 70
   125
  9
$DWGCODEPAGE
  3
ANSI_1252
  9
$LASTSAVEDBY
  1
kaley
  9
$REQUIREDVERSIONS
160
                 0
  9
$INSBASE
 10
0.0
 20
0.0
 30
0.0
  9
$EXTMIN
 10
-829.475416
 20
-349.155732
 30
0.0
  9
$EXTMAX
 10
1234.243829
 20
711.307713
 30
0.0
  9
$LIMMIN
 10
0.0
 20
0.0
  9
$LIMMAX
 10
420.0
 20
297.0
  9
$ORTHOMODE
 70
     0
  9
$REGENMODE
 70
     1
  9
$FILLMODE
 70
     1
  9
$QTEXTMODE
 70
     0
  9
$MIRRTEXT
 70
     0
  9
$LTSCALE
 40
0.75
  9
$ATTMODE
 70
     1
  9
$TEXTSIZE
 40
3.5
  9
$TRACEWID
 40
1.0
  9
$TEXTSTYLE
  7
Standard
  9
$CLAYER
  8
0
  9
$CELTYPE
  6
ByLayer
  9
$CECOLOR
 62
   256
  9
$CELTSCALE
 40
1.0
  9
$DISPSILH
 70
     0
  9
$DIMSCALE
 40
1.0
  9
$DIMASZ
 40
3.5
  9
$DIMEXO
 40
2.1
  9
$DIMDLI
 40
10.5
  9
$DIMRND
 40
0.0
  9
$DIMDLE
 40
0.0
  9
$DIMEXE
 40
2.1
  9
$DIMTP
 40
0.1
  9
$DIMTM
 40
0.1
  9
$DIMTXT
 40
3.5
  9
$DIMCEN
 40
0.0
  9
$DIMTSZ
 40
0.0
  9
$DIMTOL
 70
     0
  9
$DIMLIM
 70
     0
  9
$DIMTIH
 70
     0
  9
$DIMTOH
 70
     0
  9
$DIMSE1
 70
     0
  9
$DIMSE2
 70
     0
  9
$DIMTAD
 70
     1
  9
$DIMZIN
 70
    12
  9
$DIMBLK
  1

  9
$DIMASO
 70
     1
  9
$DIMSHO
 70
     1
  9
$DIMPOST
  1

  9
$DIMAPOST
  1

  9
$DIMALT
 70
     0
  9
$DIMALTD
 70
     2
  9
$DIMALTF
 40
0.03937
  9
$DIMLFAC
 40
1.0
  9
$DIMTOFL
 70
     1
  9
$DIMTVP
 40
0.0
  9
$DIMTIX
 70
     0
  9
$DIMSOXD
 70
     0
  9
$DIMSAH
 70
     0
  9
$DIMBLK1
  1

  9
$DIMBLK2
  1

  9
$DIMSTYLE
  2
Dim-ISO-25
  9
$DIMCLRD
 70
     0
  9
$DIMCLRE
 70
     0
  9
$DIMCLRT
 70
     0
  9
$DIMTFAC
 40
0.714286
  9
$DIMGAP
 40
1.4
  9
$DIMJUST
 70
     0
  9
$DIMSD1
 70
     0
  9
$DIMSD2
 70
     0
  9
$DIMTOLJ
 70
     0
  9
$DIMTZIN
 70
    12
  9
$DIMALTZ
 70
    12
  9
$DIMALTTZ
 70
    12
  9
$DIMUPT
 70
     0
  9
$DIMDEC
 70
     2
  9
$DIMTDEC
 70
     2
  9
$DIMALTU
 70
     2
  9
$DIMALTTD
 70
     2
  9
$DIMTXSTY
  7
Standard
  9
$DIMAUNIT
 70
     0
  9
$DIMADEC
 70
     2
  9
$DIMALTRND
 40
0.0
  9
$DIMAZIN
 70
     3
  9
$DIMDSEP
 70
    46
  9
$DIMATFIT
 70
     3
  9
$DIMFRAC
 70
     0
  9
$DIMLDRBLK
  1

  9
$DIMLUNIT
 70
     2
  9
$DIMLWD
 70
    -2
  9
$DIMLWE
 70
    -2
  9
$DIMTMOVE
 70
     0
  9
$DIMFXL
 40
1.0
  9
$DIMFXLON
 70
     0
  9
$DIMJOGANG
 40
0.785398
  9
$DIMTFILL
 70
     0
  9
$DIMTFILLCLR
 70
     0
  9
$DIMARCSYM
 70
     0
  9
$DIMLTYPE
  6

  9
$DIMLTEX1
  6

  9
$DIMLTEX2
  6

  9
$DIMTXTDIRECTION
 70
     0
  9
$LUNITS
 70
     2
  9
$LUPREC
 70
     4
  9
$SKETCHINC
 40
1.0
  9
$FILLETRAD
 40
0.0
  9
$AUNITS
 70
     0
  9
$AUPREC
 70
     0
  9
$MENU
  1
.
  9
$ELEVATION
 40
0.0
  9
$PELEVATION
 40
0.0
  9
$THICKNESS
 40
0.0
  9
$LIMCHECK
 70
     0
  9
$CHAMFERA
 40
0.0
  9
$CHAMFERB
 40
0.0
  9
$CHAMFERC
 40
0.0
  9
$CHAMFERD
 40
0.0
  9
$SKPOLY
 70
     0
  9
$TDCREATE
 40
2461147.816759260
  9
$TDUCREATE
 40
2461147.733425926
  9
$TDUPDATE
 40
2461147.816759260
  9
$TDUUPDATE
 40
2461147.733425926
  9
$TDINDWG
 40
0.0000115741
  9
$TDUSRTIMER
 40
0.0000115741
  9
$USRTIMER
 70
     1
  9
$ANGBASE
 50
0.0
  9
$ANGDIR
 70
     0
  9
$PDMODE
 70
     0
  9
$PDSIZE
 40
0.0
  9
$PLINEWID
 40
0.0
  9
$SPLFRAME
 70
     0
  9
$SPLINETYPE
 70
     6
  9
$SPLINESEGS
 70
     8
  9
$HANDSEED
  5
C74
  9
$SURFTAB1
 70
     6
  9
$SURFTAB2
 70
     6
  9
$SURFTYPE
 70
     6
  9
$SURFU
 70
     6
  9
$SURFV
 70
     6
  9
$UCSBASE
  2

  9
$UCSNAME
  2

  9
$UCSORG
 10
0.0
 20
0.0
 30
0.0
  9
$UCSXDIR
 10
1.0
 20
0.0
 30
0.0
  9
$UCSYDIR
 10
0.0
 20
1.0
 30
0.0
  9
$UCSORTHOREF
  2

  9
$UCSORTHOVIEW
 70
     0
  9
$UCSORGTOP
 10
0.0
 20
0.0
 30
0.0
  9
$UCSORGBOTTOM
 10
0.0
 20
0.0
 30
0.0
  9
$UCSORGLEFT
 10
0.0
 20
0.0
 30
0.0
  9
$UCSORGRIGHT
 10
0.0
 20
0.0
 30
0.0
  9
$UCSORGFRONT
 10
0.0
 20
0.0
 30
0.0
  9
$UCSORGBACK
 10
0.0
 20
0.0
 30
0.0
  9
$PUCSBASE
  2

  9
$PUCSNAME
  2

  9
$PUCSORG
 10
0.0
 20
0.0
 30
0.0
  9
$PUCSXDIR
 10
1.0
 20
0.0
 30
0.0
  9
$PUCSYDIR
 10
0.0
 20
1.0
 30
0.0
  9
$PUCSORTHOREF
  2

  9
$PUCSORTHOVIEW
 70
     0
  9
$PUCSORGTOP
 10
0.0
 20
0.0
 30
0.0
  9
$PUCSORGBOTTOM
 10
0.0
 20
0.0
 30
0.0
  9
$PUCSORGLEFT
 10
0.0
 20
0.0
 30
0.0
  9
$PUCSORGRIGHT
 10
0.0
 20
0.0
 30
0.0
  9
$PUCSORGFRONT
 10
0.0
 20
0.0
 30
0.0
  9
$PUCSORGBACK
 10
0.0
 20
0.0
 30
0.0
  9
$USERI1
 70
     0
  9
$USERI2
 70
     0
  9
$USERI3
 70
     0
  9
$USERI4
 70
     0
  9
$USERI5
 70
     0
  9
$USERR1
 40
0.0
  9
$USERR2
 40
0.0
  9
$USERR3
 40
0.0
  9
$USERR4
 40
0.0
  9
$USERR5
 40
0.0
  9
$WORLDVIEW
 70
     1
  9
$SHADEDGE
 70
     3
  9
$SHADEDIF
 70
    70
  9
$TILEMODE
 70
     1
  9
$MAXACTVP
 70
    64
  9
$PINSBASE
 10
0.0
 20
0.0
 30
0.0
  9
$PLIMCHECK
 70
     0
  9
$PEXTMIN
 10
1.000000E+20
 20
1.000000E+20
 30
1.000000E+20
  9
$PEXTMAX
 10
-1.000000E+20
 20
-1.000000E+20
 30
-1.000000E+20
  9
$PLIMMIN
 10
0.0
 20
0.0
  9
$PLIMMAX
 10
12.0
 20
9.0
  9
$UNITMODE
 70
     0
  9
$VISRETAIN
 70
     1
  9
$PLINEGEN
 70
     0
  9
$PSLTSCALE
 70
     1
  9
$TREEDEPTH
 70
  3020
  9
$CMLSTYLE
  2
Standard
  9
$CMLJUST
 70
     0
  9
$CMLSCALE
 40
20.0
  9
$PROXYGRAPHICS
 70
     1
  9
$MEASUREMENT
 70
     1
  9
$CELWEIGHT
370
    -1
  9
$ENDCAPS
280
     0
  9
$JOINSTYLE
280
     0
  9
$LWDISPLAY
290
     0
  9
$INSUNITS
 70
     4
  9
$HYPERLINKBASE
  1

  9
$STYLESHEET
  1

  9
$XEDIT
290
     1
  9
$CEPSNTYPE
380
     0
  9
$PSTYLEMODE
290
     1
  9
$FINGERPRINTGUID
  2
{FA48A889-E30D-724B-98B1-5EBD57372E80}
  9
$VERSIONGUID
  2
{395D8133-0B21-6B44-9AFC-EFBF48A7FE0D}
  9
$EXTNAMES
290
     1
  9
$PSVPSCALE
 40
0.0
  9
$OLESTARTUP
290
     0
  9
$SORTENTS
280
   127
  9
$INDEXCTL
280
     0
  9
$HIDETEXT
280
     1
  9
$XCLIPFRAME
280
     0
  9
$HALOGAP
280
     0
  9
$OBSCOLOR
 70
   257
  9
$OBSLTYPE
280
     0
  9
$INTERSECTIONDISPLAY
280
     0
  9
$INTERSECTIONCOLOR
 70
   257
  9
$DIMASSOC
280
     2
  9
$PROJECTNAME
  1

  9
$CAMERADISPLAY
290
     0
  9
$LENSLENGTH
 40
50.0
  9
$CAMERAHEIGHT
 40
0.0
  9
$STEPSPERSEC
 40
2.0
  9
$STEPSIZE
 40
6.0
  9
$3DDWFPREC
 40
2.0
  9
$PSOLWIDTH
 40
5.0
  9
$PSOLHEIGHT
 40
80.0
  9
$LOFTANG1
 40
1.570796
  9
$LOFTANG2
 40
1.570796
  9
$LOFTMAG1
 40
0.0
  9
$LOFTMAG2
 40
0.0
  9
$LOFTPARAM
 70
     7
  9
$LOFTNORMALS
280
     1
  9
$LATITUDE
 40
37.795
  9
$LONGITUDE
 40
-122.394
  9
$NORTHDIRECTION
 40
0.0
  9
$TIMEZONE
 70
 -8000
  9
$LIGHTGLYPHDISPLAY
280
     1
  9
$TILEMODELIGHTSYNCH
280
     1
  9
$CMATERIAL
347
11
  9
$SOLIDHIST
280
     0
  9
$SHOWHIST
280
     1
  9
$DWFFRAME
280
     2
  9
$DGNFRAME
280
     0
  9
$REALWORLDSCALE
290
     1
  9
$INTERFERECOLOR
 62
     1
  9
$INTERFEREOBJVS
345
33
  9
$INTERFEREVPVS
346
30
  9
$CSHADOW
280
     0
  9
$SHADOWPLANELOCATION
 40
0.0
  0
ENDSEC
  0
SECTION
  2
CLASSES
  0
CLASS
  1
ACDBDICTIONARYWDFLT
  2
AcDbDictionaryWithDefault
  3
ObjectDBX Classes
 90
        0
 91
        1
280
     0
281
     0
  0
CLASS
  1
MATERIAL
  2
AcDbMaterial
  3
ObjectDBX Classes
 90
     1153
 91
        3
280
     0
281
     0
  0
CLASS
  1
VISUALSTYLE
  2
AcDbVisualStyle
  3
ObjectDBX Classes
 90
     4095
 91
       24
280
     0
281
     0
  0
CLASS
  1
SCALE
  2
AcDbScale
  3
ObjectDBX Classes
 90
     1153
 91
       17
280
     0
281
     0
  0
CLASS
  1
TABLESTYLE
  2
AcDbTableStyle
  3
ObjectDBX Classes
 90
     4095
 91
        1
280
     0
281
     0
  0
CLASS
  1
MLEADERSTYLE
  2
AcDbMLeaderStyle
  3
ACDB_MLEADERSTYLE_CLASS
 90
     4095
 91
        1
280
     0
281
     0
  0
CLASS
  1
ACDBSECTIONVIEWSTYLE
  2
AcDbSectionViewStyle
  3
ObjectDBX Classes
 90
     1025
 91
        1
280
     0
281
     0
  0
CLASS
  1
ACDBDETAILVIEWSTYLE
  2
AcDbDetailViewStyle
  3
ObjectDBX Classes
 90
     1025
 91
        1
280
     0
281
     0
  0
CLASS
  1
ACMESCOPE
  2
AcMeScope
  3
AcMeServices
 90
     1024
 91
        1
280
     0
281
     0
  0
CLASS
  1
ACMECOMMANDHISTORY
  2
AcMeCommandHistory
  3
AcMeServices
 90
     1024
 91
        1
280
     0
281
     0
  0
CLASS
  1
ACIMSYSVARMAN
  2
AcImSysVarManager
  3
AcMeServices
 90
     1024
 91
        1
280
     0
281
     0
  0
CLASS
  1
ACIMINTSYSVAR
  2
AcImIntSysVar
  3
AcMeServices
 90
     1024
 91
        1
280
     0
281
     0
  0
CLASS
  1
ACMESTATEMGR
  2
AcMeStateMgr
  3
AcMeServices
 90
     1024
 91
        1
280
     0
281
     0
  0
CLASS
  1
ACGREFMASTER
  2
AcGrefMaster
  3
AcAttribServices
 90
     1024
 91
        1
280
     0
281
     0
  0
CLASS
  1
SORTENTSTABLE
  2
AcDbSortentsTable
  3
ObjectDBX Classes
 90
        0
 91
        1
280
     0
281
     0
  0
CLASS
  1
DICTIONARYVAR
  2
AcDbDictionaryVar
  3
ObjectDBX Classes
 90
        0
 91
        6
280
     0
281
     0
  0
CLASS
  1
CELLSTYLEMAP
  2
AcDbCellStyleMap
  3
ObjectDBX Classes
 90
     1152
 91
        1
280
     0
281
     0
  0
ENDSEC
  0
SECTION
  2
TABLES
  0
TABLE
  2
VPORT
  5
8
330
0
100
AcDbSymbolTable
 70
     1
1001
ACAD
1000
DbSaveVer
1071
      428
  0
VPORT
  5
57
330
8
100
AcDbSymbolTableRecord
100
AcDbViewportTableRecord
  2
*Active
 70
     0
 10
0.0
 20
0.0
 11
1.0
 21
1.0
 12
202.384207
 22
181.07599
 13
0.0
 23
0.0
 14
0.5
 24
0.5
 15
0.0
 25
0.0
 16
0.0
 26
0.0
 36
1.0
 17
0.0
 27
0.0
 37
0.0
 40
1588.464398
 41
1.299191
 42
50.0
 43
0.0
 44
0.0
 50
0.0
 51
0.0
 71
     0
 72
 20000
 73
     1
 74
     0
 75
     0
 76
     0
 77
     0
 78
     0
281
     0
 65
     1
110
0.0
120
0.0
130
0.0
111
1.0
121
0.0
131
0.0
112
0.0
122
1.0
132
0.0
 79
     0
146
0.0
348
2F
 60
     3
 61
     5
292
     1
282
     1
141
0.0
142
0.0
 63
   250
421
  3355443
  0
ENDTAB
  0
TABLE
  2
LTYPE
  5
5
330
0
100
AcDbSymbolTable
 70
    14
  0
LTYPE
  5
5B
330
5
100
AcDbSymbolTableRecord
100
AcDbLinetypeTableRecord
  2
ByBlock
 70
     0
  3

 72
    65
 73
     0
 40
0.0
  0
LTYPE
  5
5C
330
5
100
AcDbSymbolTableRecord
100
AcDbLinetypeTableRecord
  2
ByLayer
 70
     0
  3

 72
    65
 73
     0
 40
0.0
  0
LTYPE
  5
5D
330
5
100
AcDbSymbolTableRecord
100
AcDbLinetypeTableRecord
  2
Continuous
 70
     0
  3
Solid line
 72
    65
 73
     0
 40
0.0
  0
LTYPE
  5
81
330
5
100
AcDbSymbolTableRecord
100
AcDbLinetypeTableRecord
  2
HIDDEN
 70
     0
  3
Hidden __ __ __ __ __ __ __ __ __ __ __ __ __ _
 72
    65
 73
     2
 40
9.525
 49
6.35
 74
     0
 49
-3.175
 74
     0
  0
LTYPE
  5
82
330
5
100
AcDbSymbolTableRecord
100
AcDbLinetypeTableRecord
  2
PHANTOM2
 70
     0
  3
Phantom (.5x) ___ _ _ ___ _ _ ___ _ _ ___ _ _
 72
    65
 73
     6
 40
31.75
 49
15.875
 74
     0
 49
-3.175
 74
     0
 49
3.175
 74
     0
 49
-3.175
 74
     0
 49
3.175
 74
     0
 49
-3.175
 74
     0
  0
LTYPE
  5
83
330
5
100
AcDbSymbolTableRecord
100
AcDbLinetypeTableRecord
  2
CENTER
 70
     0
  3
Center ____ _ ____ _ ____ _ ____ _ ____ _ ____
 72
    65
 73
     4
 40
50.8
 49
31.75
 74
     0
 49
-6.35
 74
     0
 49
6.35
 74
     0
 49
-6.35
 74
     0
  0
LTYPE
  5
96
330
5
100
AcDbSymbolTableRecord
100
AcDbLinetypeTableRecord
  2
AM_ISO02W050
 70
     0
  3
__ __ __ __ __ __ __ __ __ __ __ __ __ __ __
 72
    65
 73
     2
 40
7.5
 49
6.0
 74
     0
 49
-1.5
 74
     0
  0
LTYPE
  5
97
330
5
100
AcDbSymbolTableRecord
100
AcDbLinetypeTableRecord
  2
AM_ISO08W050
 70
     0
  3
____ . ____ . ____ . ____ . ____ . ____ . ____
 72
    65
 73
     4
 40
18.0
 49
12.0
 74
     0
 49
-1.5
 74
     0
 49
3.0
 74
     0
 49
-1.5
 74
     0
  0
LTYPE
  5
98
330
5
100
AcDbSymbolTableRecord
100
AcDbLinetypeTableRecord
  2
AM_ISO09W050
 70
     0
  3
_____ . . _____ . . _____ . . ____ .. ____
 72
    65
 73
     6
 40
22.5
 49
12.0
 74
     0
 49
-1.5
 74
     0
 49
3.0
 74
     0
 49
-1.5
 74
     0
 49
3.0
 74
     0
 49
-1.5
 74
     0
  0
LTYPE
  5
99
330
5
100
AcDbSymbolTableRecord
100
AcDbLinetypeTableRecord
  2
Amconstr
 70
     0
  3
_______________________
 72
    65
 73
     2
 40
9999.0
 49
9999.0
 74
     0
 49
0.0
 74
     0
  0
LTYPE
  5
9A
330
5
100
AcDbSymbolTableRecord
100
AcDbLinetypeTableRecord
  2
AM_ISO08W050x2
 70
     0
  3
__ . __ . __ . __ . __ . __
 72
    65
 73
     4
 40
9.0
 49
6.0
 74
     0
 49
-0.75
 74
     0
 49
1.5
 74
     0
 49
-0.75
 74
     0
  0
LTYPE
  5
9B
330
5
100
AcDbSymbolTableRecord
100
AcDbLinetypeTableRecord
  2
AM_ISO02W050x2
 70
     0
  3
 _ _ _ _ _ _ _ _ _ _ _ _
 72
    65
 73
     2
 40
3.75
 49
3.0
 74
     0
 49
-0.75
 74
     0
  0
LTYPE
  5
9C
330
5
100
AcDbSymbolTableRecord
100
AcDbLinetypeTableRecord
  2
Amzigzag
 70
     0
  3
/\/-/\/-/\/-/\/-/\/-/\/
 72
    65
 73
     2
 40
11.0001
 49
0.0001
 74
     4
 75
   136
340
93
 46
0.04
 50
0.0
 44
0.0
 45
0.0
 49
-11.0
 74
     0
  0
LTYPE
  5
9D
330
5
100
AcDbSymbolTableRecord
100
AcDbLinetypeTableRecord
  2
ACISOWELD
 70
     0
  3
_ _ _ _ _
 72
    65
 73
     2
 40
2.0
 49
2.0
 74
     0
 49
-1.0
 74
     0
  0
LTYPE
  5
9E
330
5
100
AcDbSymbolTableRecord
100
AcDbLinetypeTableRecord
  2
ACISOTGL
 70
     0
  3
_ _ _ _ _
 72
    65
 73
     2
 40
3.0
 49
2.0
 74
     0
 49
-1.0
 74
     0
  0
LTYPE
  5
9F
330
5
100
AcDbSymbolTableRecord
100
AcDbLinetypeTableRecord
  2
ACISOTGB
 70
     0
  3
__ . . __ . .
 72
    65
 73
     6
 40
9.0
 49
4.0
 74
     0
 49
-1.0
 74
     0
 49
1.0
 74
     0
 49
-1.0
 74
     0
 49
1.0
 74
     0
 49
-1.0
 74
     0
  0
ENDTAB
  0
TABLE
  2
LAYER
  5
2
330
0
100
AcDbSymbolTable
 70
     4
  0
LAYER
  5
54
330
2
100
AcDbSymbolTableRecord
100
AcDbLayerTableRecord
  2
0
 70
     0
 62
     7
  6
Continuous
370
    -3
390
F
347
21
348
0
1001
AcAecLayerStandard
1000

1000

  0
LAYER
  5
79
330
2
100
AcDbSymbolTableRecord
100
AcDbLayerTableRecord
  2
Defpoints
 70
     0
 62
     7
  6
Continuous
290
     0
370
    -3
390
F
347
21
348
0
1001
AcAecLayerStandard
1000

1000

  0
LAYER
  5
AB
330
2
100
AcDbSymbolTableRecord
100
AcDbLayerTableRecord
  2
Visible
 70
     0
 62
     7
  6
Continuous
370
    50
390
F
347
21
348
0
  0
ENDTAB
  0
TABLE
  2
STYLE
  5
3
330
0
100
AcDbSymbolTable
 70
     5
  0
STYLE
  5
55
330
3
100
AcDbSymbolTableRecord
100
AcDbTextStyleTableRecord
  2
Standard
 70
     0
 40
0.0
 41
1.0
 50
0.0
 71
     0
 42
3.5
  3
arial.ttf
  4

1001
ACAD
1000
Arial
1071
       34
  0
STYLE
  5
5A
330
3
100
AcDbSymbolTableRecord
100
AcDbTextStyleTableRecord
  2
Annotative
 70
     0
 40
0.0
 41
1.0
 50
0.0
 71
     0
 42
0.2
  3
txt
  4

1001
AcadAnnotative
1000
AnnotativeData
1002
{
1070
     1
1070
     1
1002
}
  0
STYLE
  5
92
330
3
100
AcDbSymbolTableRecord
100
AcDbTextStyleTableRecord
  2
FusionTitle
 70
     0
 40
0.0
 41
1.0
 50
0.0
 71
     0
 42
2.5
  3
arial.ttf
  4

1001
ACAD
1000
Arial
1071
       34
  0
STYLE
  5
93
330
3
100
AcDbSymbolTableRecord
100
AcDbTextStyleTableRecord
  2

 70
     1
 40
0.0
 41
1.0
 50
0.0
 71
     0
 42
10.0
  3
genltshp.shx
  4

  0
STYLE
  5
94
330
3
100
AcDbSymbolTableRecord
100
AcDbTextStyleTableRecord
  2
ACISOGDT
 70
     0
 40
0.0
 41
1.0
 50
0.0
 71
     0
 42
10.0
  3
amgdt.shx
  4

  0
ENDTAB
  0
TABLE
  2
VIEW
  5
6
330
0
100
AcDbSymbolTable
 70
     0
  0
ENDTAB
  0
TABLE
  2
UCS
  5
7
330
0
100
AcDbSymbolTable
 70
     0
  0
ENDTAB
  0
TABLE
  2
APPID
  5
9
330
0
100
AcDbSymbolTable
 70
    19
  0
APPID
  5
56
330
9
100
AcDbSymbolTableRecord
100
AcDbRegAppTableRecord
  2
ACAD
 70
     0
  0
APPID
  5
5E
330
9
100
AcDbSymbolTableRecord
100
AcDbRegAppTableRecord
  2
AcadAnnotative
 70
     0
  0
APPID
  5
78
330
9
100
AcDbSymbolTableRecord
100
AcDbRegAppTableRecord
  2
ACAD_PSEXT
 70
     0
  0
APPID
  5
7A
330
9
100
AcDbSymbolTableRecord
100
AcDbRegAppTableRecord
  2
MCAD_NO_VIS
 70
     0
  0
APPID
  5
7B
330
9
100
AcDbSymbolTableRecord
100
AcDbRegAppTableRecord
  2
ACAD_TEMP_GRAPHIC
 70
     0
  0
APPID
  5
84
330
9
100
AcDbSymbolTableRecord
100
AcDbRegAppTableRecord
  2
ACAD_DSTYLE_DIMJAG
 70
     0
  0
APPID
  5
85
330
9
100
AcDbSymbolTableRecord
100
AcDbRegAppTableRecord
  2
ACAD_DSTYLE_DIMTALN
 70
     0
  0
APPID
  5
86
330
9
100
AcDbSymbolTableRecord
100
AcDbRegAppTableRecord
  2
ACAD_NAV_VCDISPLAY
 70
     0
  0
APPID
  5
87
330
9
100
AcDbSymbolTableRecord
100
AcDbRegAppTableRecord
  2
AcAecLayerStandard
 70
     0
  0
APPID
  5
88
330
9
100
AcDbSymbolTableRecord
100
AcDbRegAppTableRecord
  2
AcCmTransparency
 70
     0
  0
APPID
  5
89
330
9
100
AcDbSymbolTableRecord
100
AcDbRegAppTableRecord
  2
AcDbDynamicBlockGUID
 70
     0
  0
APPID
  5
8A
330
9
100
AcDbSymbolTableRecord
100
AcDbRegAppTableRecord
  2
ACAD_DSTYLE_DIMBREAK
 70
     0
  0
APPID
  5
8B
330
9
100
AcDbSymbolTableRecord
100
AcDbRegAppTableRecord
  2
FUSIONTITLEBLOCK
 70
     0
  0
APPID
  5
8C
330
9
100
AcDbSymbolTableRecord
100
AcDbRegAppTableRecord
  2
FUSIONCURRENTTITLEBLOCK
 70
     0
  0
APPID
  5
8D
330
9
100
AcDbSymbolTableRecord
100
AcDbRegAppTableRecord
  2
AcSynergy
 70
     0
  0
APPID
  5
8E
330
9
100
AcDbSymbolTableRecord
100
AcDbRegAppTableRecord
  2
GENIUS_GENSCREG_15
 70
     0
  0
APPID
  5
8F
330
9
100
AcDbSymbolTableRecord
100
AcDbRegAppTableRecord
  2
GENIUS_GENOBJ-N-SDF_13
 70
     0
  0
APPID
  5
90
330
9
100
AcDbSymbolTableRecord
100
AcDbRegAppTableRecord
  2
GENIUS_GENODEF_13
 70
     0
  0
APPID
  5
91
330
9
100
AcDbSymbolTableRecord
100
AcDbRegAppTableRecord
  2
ACATTRIBSERVICES
 70
     0
  0
ENDTAB
  0
TABLE
  2
DIMSTYLE
  5
A
330
0
100
AcDbSymbolTable
 70
     4
100
AcDbDimStyleTable
 71
     1
340
A3
  0
DIMSTYLE
105
58
330
A
100
AcDbSymbolTableRecord
100
AcDbDimStyleTableRecord
  2
Standard
 70
     0
 41
3.5
 42
2.1
 43
10.5
 44
2.1
 78
    12
 79
     3
140
3.5
143
0.03937
146
0.714286
147
1.4
179
     2
271
     2
272
     2
284
    12
340
55
  0
DIMSTYLE
105
59
330
A
100
AcDbSymbolTableRecord
100
AcDbDimStyleTableRecord
  2
Annotative
 70
     0
 40
0.0
 41
3.5
 42
2.1
 43
10.5
 44
2.1
 73
     0
 74
     0
 77
     1
 78
    12
 79
     3
140
3.5
141
2.5
143
0.03937
146
0.714286
147
1.4
171
     3
172
     1
179
     2
271
     2
272
     2
274
     3
278
    44
283
     0
284
    12
340
55
1001
AcadAnnotative
1000
AnnotativeData
1002
{
1070
     1
1070
     1
1002
}
  0
DIMSTYLE
105
A2
330
A
100
AcDbSymbolTableRecord
100
AcDbDimStyleTableRecord
  2
ISO-25
 70
     0
  4
in
 41
3.5
 42
2.1
 43
10.5
 44
2.1
 47
0.1
 48
0.1
 73
     0
 74
     0
 77
     1
 78
    12
 79
     3
140
3.5
141
0.0
143
0.03937
146
0.714286
147
1.4
171
     4
172
     1
176
   256
177
   256
178
   256
179
     2
271
     2
272
     2
274
     4
283
     0
284
    12
285
     8
340
55
1001
ACAD_DSTYLE_DIMJAG
1070
   388
1040
1.5
1001
ACAD_DSTYLE_DIMTALN
1070
   392
1070
     1
1001
ACAD_DSTYLE_DIMBREAK
1070
   391
1040
3.5
  0
DIMSTYLE
105
A3
330
A
100
AcDbSymbolTableRecord
100
AcDbDimStyleTableRecord
  2
Dim-ISO-25
 70
     0
 41
3.5
 42
2.1
 43
10.5
 44
2.1
 47
0.1
 48
0.1
 73
     0
 74
     0
 77
     1
 78
    12
 79
     3
140
3.5
141
0.0
143
0.03937
146
0.714286
147
1.4
172
     1
179
     2
271
     2
272
     2
283
     0
284
    12
285
    12
286
    12
340
55
1001
ACAD_DSTYLE_DIMJAG
1070
   388
1040
1.5
1001
ACAD_DSTYLE_DIMTALN
1070
   392
1070
     1
1001
ACAD_DSTYLE_DIMBREAK
1070
   391
1040
3.5
  0
ENDTAB
  0
TABLE
  2
BLOCK_RECORD
  5
1
330
0
100
AcDbSymbolTable
 70
     2
  0
BLOCK_RECORD
  5
70
102
{ACAD_XDICTIONARY
360
A4
102
}
330
1
100
AcDbSymbolTableRecord
100
AcDbBlockTableRecord
  2
*Model_Space
340
73
 70
     0
280
     1
281
     0
  0
BLOCK_RECORD
  5
6C
330
1
100
AcDbSymbolTableRecord
100
AcDbBlockTableRecord
  2
*Paper_Space
340
6F
 70
     0
280
     1
281
     0
  0
BLOCK_RECORD
  5
74
330
1
100
AcDbSymbolTableRecord
100
AcDbBlockTableRecord
  2
*Paper_Space0
340
77
 70
     0
280
     1
281
     0
  0
ENDTAB
  0
ENDSEC
  0
SECTION
  2
BLOCKS
  0
BLOCK
  5
71
330
70
100
AcDbEntity
  8
0
100
AcDbBlockBegin
  2
*Model_Space
 70
     0
 10
0.0
 20
0.0
 30
0.0
  3
*Model_Space
  1

  0
ENDBLK
  5
72
330
70
100
AcDbEntity
  8
0
100
AcDbBlockEnd
  0
BLOCK
  5
6D
330
6C
100
AcDbEntity
 67
     1
  8
0
100
AcDbBlockBegin
  2
*Paper_Space
 70
     0
 10
0.0
 20
0.0
 30
0.0
  3
*Paper_Space
  1

  0
ENDBLK
  5
6E
330
6C
100
AcDbEntity
 67
     1
  8
0
100
AcDbBlockEnd
  0
BLOCK
  5
75
330
74
100
AcDbEntity
 67
     1
  8
0
100
AcDbBlockBegin
  2
*Paper_Space0
 70
     0
 10
0.0
 20
0.0
 30
0.0
  3
*Paper_Space0
  1

  0
ENDBLK
  5
76
330
74
100
AcDbEntity
 67
     1
  8
0
100
AcDbBlockEnd
  0
ENDSEC
  0
SECTION
  2
ENTITIES
  0
CIRCLE
  5
689
330
70
100
AcDbEntity
  8
Visible
100
AcDbCircle
 10
-518.698387
 20
156.999015
 30
0.0
 40
10.0
210
0.0
220
0.0
230
-1.0
  0
LINE
  5
68A
330
70
100
AcDbEntity
  8
Visible
100
AcDbLine
 10
571.198387
 20
164.499015
 30
0.0
 11
571.198387
 21
144.499015
 31
0.0
  0
LINE
  5
68B
330
70
100
AcDbEntity
  8
Visible
100
AcDbLine
 10
568.198387
 20
164.499015
 30
0.0
 11
571.198387
 21
164.499015
 31
0.0
  0
LINE
  5
68C
330
70
100
AcDbEntity
  8
Visible
100
AcDbLine
 10
568.198387
 20
144.499015
 30
0.0
 11
568.198387
 21
164.499015
 31
0.0
  0
LINE
  5
68D
330
70
100
AcDbEntity
  8
Visible
100
AcDbLine
 10
571.198387
 20
144.499015
 30
0.0
 11
568.198387
 21
144.499015
 31
0.0
  0
LINE
  5
68E
330
70
100
AcDbEntity
  8
Visible
100
AcDbLine
 10
634.198387
 20
164.499015
 30
0.0
 11
637.198387
 21
164.499015
 31
0.0
  0
LINE
  5
68F
330
70
100
AcDbEntity
  8
Visible
100
AcDbLine
 10
634.198387
 20
144.499015
 30
0.0
 11
634.198387
 21
164.499015
 31
0.0
  0
LINE
  5
690
330
70
100
AcDbEntity
  8
Visible
100
AcDbLine
 10
637.198387
 20
144.499015
 30
0.0
 11
634.198387
 21
144.499015
 31
0.0
  0
LINE
  5
691
330
70
100
AcDbEntity
  8
Visible
100
AcDbLine
 10
637.198387
 20
164.499015
 30
0.0
 11
637.198387
 21
144.499015
 31
0.0
  0
LINE
  5
692
330
70
100
AcDbEntity
  8
Visible
100
AcDbLine
 10
601.198387
 20
164.499015
 30
0.0
 11
604.198387
 21
164.499015
 31
0.0
  0
LINE
  5
693
330
70
100
AcDbEntity
  8
Visible
100
AcDbLine
 10
601.198387
 20
144.499015
 30
0.0
 11
601.198387
 21
164.499015
 31
0.0
  0
LINE
  5
694
330
70
100
AcDbEntity
  8
Visible
100
AcDbLine
 10
604.198387
 20
144.499015
 30
0.0
 11
601.198387
 21
144.499015
 31
0.0
  0
LINE
  5
695
330
70
100
AcDbEntity
  8
Visible
100
AcDbLine
 10
604.198387
 20
164.499015
 30
0.0
 11
604.198387
 21
144.499015
 31
0.0
  0
LINE
  5
696
330
70
100
AcDbEntity
  8
Visible
100
AcDbLine
 10
538.198387
 20
164.499015
 30
0.0
 11
538.198387
 21
144.499015
 31
0.0
  0
LINE
  5
697
330
70
100
AcDbEntity
  8
Visible
100
AcDbLine
 10
535.198387
 20
164.499015
 30
0.0
 11
538.198387
 21
164.499015
 31
0.0
  0
LINE
  5
698
330
70
100
AcDbEntity
  8
Visible
100
AcDbLine
 10
535.198387
 20
144.499015
 30
0.0
 11
535.198387
 21
164.499015
 31
0.0
  0
LINE
  5
699
330
70
100
AcDbEntity
  8
Visible
100
AcDbLine
 10
538.198387
 20
144.499015
 30
0.0
 11
535.198387
 21
144.499015
 31
0.0
  0
LINE
  5
69A
330
70
100
AcDbEntity
  8
Visible
100
AcDbLine
 10
497.698387
 20
146.499015
 30
0.0
 11
497.698387
 21
139.499015
 31
0.0
  0
LINE
  5
69B
330
70
100
AcDbEntity
  8
Visible
100
AcDbLine
 10
503.698387
 20
146.499015
 30
0.0
 11
497.698387
 21
146.499015
 31
0.0
  0
LINE
  5
69C
330
70
100
AcDbEntity
  8
Visible
100
AcDbLine
 10
503.698387
 20
153.499015
 30
0.0
 11
503.698387
 21
146.499015
 31
0.0
  0
LINE
  5
69D
330
70
100
AcDbEntity
  8
Visible
100
AcDbLine
 10
497.698387
 20
153.499015
 30
0.0
 11
503.698387
 21
153.499015
 31
0.0
  0
LINE
  5
69E
330
70
100
AcDbEntity
  8
Visible
100
AcDbLine
 10
497.698387
 20
160.499015
 30
0.0
 11
497.698387
 21
153.499015
 31
0.0
  0
LINE
  5
69F
330
70
100
AcDbEntity
  8
Visible
100
AcDbLine
 10
503.698387
 20
160.499015
 30
0.0
 11
497.698387
 21
160.499015
 31
0.0
  0
LINE
  5
6A0
330
70
100
AcDbEntity
  8
Visible
100
AcDbLine
 10
503.698387
 20
167.499015
 30
0.0
 11
503.698387
 21
160.499015
 31
0.0
  0
LINE
  5
6A1
330
70
100
AcDbEntity
  8
Visible
100
AcDbLine
 10
497.698387
 20
167.499015
 30
0.0
 11
503.698387
 21
167.499015
 31
0.0
  0
LINE
  5
6A2
330
70
100
AcDbEntity
  8
Visible
100
AcDbLine
 10
497.698387
 20
174.499015
 30
0.0
 11
497.698387
 21
167.499015
 31
0.0
  0
LINE
  5
6A3
330
70
100
AcDbEntity
  8
Visible
100
AcDbLine
 10
674.698387
 20
174.499015
 30
0.0
 11
497.698387
 21
174.499015
 31
0.0
  0
LINE
  5
6A4
330
70
100
AcDbEntity
  8
Visible
100
AcDbLine
 10
674.698387
 20
167.499015
 30
0.0
 11
674.698387
 21
174.499015
 31
0.0
  0
LINE
  5
6A5
330
70
100
AcDbEntity
  8
Visible
100
AcDbLine
 10
668.698387
 20
167.499015
 30
0.0
 11
674.698387
 21
167.499015
 31
0.0
  0
LINE
  5
6A6
330
70
100
AcDbEntity
  8
Visible
100
AcDbLine
 10
668.698387
 20
160.499015
 30
0.0
 11
668.698387
 21
167.499015
 31
0.0
  0
LINE
  5
6A7
330
70
100
AcDbEntity
  8
Visible
100
AcDbLine
 10
674.698387
 20
160.499015
 30
0.0
 11
668.698387
 21
160.499015
 31
0.0
  0
LINE
  5
6A8
330
70
100
AcDbEntity
  8
Visible
100
AcDbLine
 10
674.698387
 20
153.499015
 30
0.0
 11
674.698387
 21
160.499015
 31
0.0
  0
LINE
  5
6A9
330
70
100
AcDbEntity
  8
Visible
100
AcDbLine
 10
668.698387
 20
153.499015
 30
0.0
 11
674.698387
 21
153.499015
 31
0.0
  0
LINE
  5
6AA
330
70
100
AcDbEntity
  8
Visible
100
AcDbLine
 10
668.698387
 20
146.499015
 30
0.0
 11
668.698387
 21
153.499015
 31
0.0
  0
LINE
  5
6AB
330
70
100
AcDbEntity
  8
Visible
100
AcDbLine
 10
674.698387
 20
146.499015
 30
0.0
 11
668.698387
 21
146.499015
 31
0.0
  0
LINE
  5
6AC
330
70
100
AcDbEntity
  8
Visible
100
AcDbLine
 10
674.698387
 20
139.499015
 30
0.0
 11
674.698387
 21
146.499015
 31
0.0
  0
LINE
  5
6AD
330
70
100
AcDbEntity
  8
Visible
100
AcDbLine
 10
646.427018
 20
139.499015
 30
0.0
 11
674.698387
 21
139.499015
 31
0.0
  0
LINE
  5
6AE
330
70
100
AcDbEntity
  8
Visible
100
AcDbLine
 10
646.427018
 20
133.499015
 30
0.0
 11
646.427018
 21
139.499015
 31
0.0
  0
LINE
  5
6AF
330
70
100
AcDbEntity
  8
Visible
100
AcDbLine
 10
637.20193
 20
133.499015
 30
0.0
 11
646.427018
 21
133.499015
 31
0.0
  0
LINE
  5
6B0
330
70
100
AcDbEntity
  8
Visible
100
AcDbLine
 10
637.20193
 20
124.499015
 30
0.0
 11
637.20193
 21
133.499015
 31
0.0
  0
LINE
  5
6B1
330
70
100
AcDbEntity
  8
Visible
100
AcDbLine
 10
614.20193
 20
124.499015
 30
0.0
 11
637.20193
 21
124.499015
 31
0.0
  0
LINE
  5
6B2
330
70
100
AcDbEntity
  8
Visible
100
AcDbLine
 10
614.20193
 20
133.499015
 30
0.0
 11
614.20193
 21
124.499015
 31
0.0
  0
LINE
  5
6B3
330
70
100
AcDbEntity
  8
Visible
100
AcDbLine
 10
609.20193
 20
133.499015
 30
0.0
 11
614.20193
 21
133.499015
 31
0.0
  0
LINE
  5
6B4
330
70
100
AcDbEntity
  8
Visible
100
AcDbLine
 10
609.20193
 20
139.499015
 30
0.0
 11
609.20193
 21
133.499015
 31
0.0
  0
LINE
  5
6B5
330
70
100
AcDbEntity
  8
Visible
100
AcDbLine
 10
576.52624
 20
139.499015
 30
0.0
 11
609.20193
 21
139.499015
 31
0.0
  0
LINE
  5
6B6
330
70
100
AcDbEntity
  8
Visible
100
AcDbLine
 10
576.52624
 20
133.499015
 30
0.0
 11
576.52624
 21
139.499015
 31
0.0
  0
LINE
  5
6B7
330
70
100
AcDbEntity
  8
Visible
100
AcDbLine
 10
571.52624
 20
133.499015
 30
0.0
 11
576.52624
 21
133.499015
 31
0.0
  0
LINE
  5
6B8
330
70
100
AcDbEntity
  8
Visible
100
AcDbLine
 10
571.52624
 20
124.499015
 30
0.0
 11
571.52624
 21
133.499015
 31
0.0
  0
LINE
  5
6B9
330
70
100
AcDbEntity
  8
Visible
100
AcDbLine
 10
548.52624
 20
124.499015
 30
0.0
 11
571.52624
 21
124.499015
 31
0.0
  0
LINE
  5
6BA
330
70
100
AcDbEntity
  8
Visible
100
AcDbLine
 10
548.52624
 20
133.499015
 30
0.0
 11
548.52624
 21
124.499015
 31
0.0
  0
LINE
  5
6BB
330
70
100
AcDbEntity
  8
Visible
100
AcDbLine
 10
543.52624
 20
133.499015
 30
0.0
 11
548.52624
 21
133.499015
 31
0.0
  0
LINE
  5
6BC
330
70
100
AcDbEntity
  8
Visible
100
AcDbLine
 10
543.52624
 20
139.499015
 30
0.0
 11
543.52624
 21
133.499015
 31
0.0
  0
LINE
  5
6BD
330
70
100
AcDbEntity
  8
Visible
100
AcDbLine
 10
497.698387
 20
139.499015
 30
0.0
 11
543.52624
 21
139.499015
 31
0.0
  0
CIRCLE
  5
6BE
330
70
100
AcDbEntity
  8
Visible
100
AcDbCircle
 10
-490.869739
 20
551.221888
 30
0.0
 40
10.0
210
0.0
220
0.0
230
-1.0
  0
LINE
  5
6BF
330
70
100
AcDbEntity
  8
Visible
100
AcDbLine
 10
579.869739
 20
518.721888
 30
0.0
 11
602.869739
 21
518.721888
 31
0.0
  0
LINE
  5
6C0
330
70
100
AcDbEntity
  8
Visible
100
AcDbLine
 10
602.869739
 20
518.721888
 30
0.0
 11
602.869739
 21
527.721888
 31
0.0
  0
LINE
  5
6C1
330
70
100
AcDbEntity
  8
Visible
100
AcDbLine
 10
579.869739
 20
527.721888
 30
0.0
 11
579.869739
 21
518.721888
 31
0.0
  0
LINE
  5
6C2
330
70
100
AcDbEntity
  8
Visible
100
AcDbLine
 10
602.869739
 20
527.721888
 30
0.0
 11
607.869739
 21
527.721888
 31
0.0
  0
LINE
  5
6C3
330
70
100
AcDbEntity
  8
Visible
100
AcDbLine
 10
574.869739
 20
527.721888
 30
0.0
 11
579.869739
 21
527.721888
 31
0.0
  0
LINE
  5
6C4
330
70
100
AcDbEntity
  8
Visible
100
AcDbLine
 10
513.869739
 20
518.721888
 30
0.0
 11
536.869739
 21
518.721888
 31
0.0
  0
LINE
  5
6C5
330
70
100
AcDbEntity
  8
Visible
100
AcDbLine
 10
536.869739
 20
518.721888
 30
0.0
 11
536.869739
 21
527.721888
 31
0.0
  0
LINE
  5
6C6
330
70
100
AcDbEntity
  8
Visible
100
AcDbLine
 10
513.869739
 20
527.721888
 30
0.0
 11
513.869739
 21
518.721888
 31
0.0
  0
LINE
  5
6C7
330
70
100
AcDbEntity
  8
Visible
100
AcDbLine
 10
536.869739
 20
527.721888
 30
0.0
 11
541.869739
 21
527.721888
 31
0.0
  0
LINE
  5
6C8
330
70
100
AcDbEntity
  8
Visible
100
AcDbLine
 10
508.869739
 20
527.721888
 30
0.0
 11
513.869739
 21
527.721888
 31
0.0
  0
LINE
  5
6C9
330
70
100
AcDbEntity
  8
Visible
100
AcDbLine
 10
504.869739
 20
574.721888
 30
0.0
 11
504.869739
 21
568.721888
 31
0.0
  0
LINE
  5
6CA
330
70
100
AcDbEntity
  8
Visible
100
AcDbLine
 10
539.869739
 20
574.721888
 30
0.0
 11
504.869739
 21
574.721888
 31
0.0
  0
LINE
  5
6CB
330
70
100
AcDbEntity
  8
Visible
100
AcDbLine
 10
539.869739
 20
568.721888
 30
0.0
 11
539.869739
 21
574.721888
 31
0.0
  0
LINE
  5
6CC
330
70
100
AcDbEntity
  8
Visible
100
AcDbLine
 10
576.869739
 20
568.721888
 30
0.0
 11
539.869739
 21
568.721888
 31
0.0
  0
LINE
  5
6CD
330
70
100
AcDbEntity
  8
Visible
100
AcDbLine
 10
576.869739
 20
574.721888
 30
0.0
 11
576.869739
 21
568.721888
 31
0.0
  0
LINE
  5
6CE
330
70
100
AcDbEntity
  8
Visible
100
AcDbLine
 10
611.869739
 20
574.721888
 30
0.0
 11
576.869739
 21
574.721888
 31
0.0
  0
LINE
  5
6CF
330
70
100
AcDbEntity
  8
Visible
100
AcDbLine
 10
611.869739
 20
568.721888
 30
0.0
 11
611.869739
 21
574.721888
 31
0.0
  0
LINE
  5
6D0
330
70
100
AcDbEntity
  8
Visible
100
AcDbLine
 10
646.869739
 20
568.721888
 30
0.0
 11
611.869739
 21
568.721888
 31
0.0
  0
LINE
  5
6D1
330
70
100
AcDbEntity
  8
Visible
100
AcDbLine
 10
646.869739
 20
561.721888
 30
0.0
 11
646.869739
 21
568.721888
 31
0.0
  0
LINE
  5
6D2
330
70
100
AcDbEntity
  8
Visible
100
AcDbLine
 10
640.869739
 20
561.721888
 30
0.0
 11
646.869739
 21
561.721888
 31
0.0
  0
LINE
  5
6D3
330
70
100
AcDbEntity
  8
Visible
100
AcDbLine
 10
640.869739
 20
554.721888
 30
0.0
 11
640.869739
 21
561.721888
 31
0.0
  0
LINE
  5
6D4
330
70
100
AcDbEntity
  8
Visible
100
AcDbLine
 10
646.869739
 20
554.721888
 30
0.0
 11
640.869739
 21
554.721888
 31
0.0
  0
LINE
  5
6D5
330
70
100
AcDbEntity
  8
Visible
100
AcDbLine
 10
646.869739
 20
547.721888
 30
0.0
 11
646.869739
 21
554.721888
 31
0.0
  0
LINE
  5
6D6
330
70
100
AcDbEntity
  8
Visible
100
AcDbLine
 10
640.869739
 20
547.721888
 30
0.0
 11
646.869739
 21
547.721888
 31
0.0
  0
LINE
  5
6D7
330
70
100
AcDbEntity
  8
Visible
100
AcDbLine
 10
640.869739
 20
540.721888
 30
0.0
 11
640.869739
 21
547.721888
 31
0.0
  0
LINE
  5
6D8
330
70
100
AcDbEntity
  8
Visible
100
AcDbLine
 10
646.869739
 20
540.721888
 30
0.0
 11
640.869739
 21
540.721888
 31
0.0
  0
LINE
  5
6D9
330
70
100
AcDbEntity
  8
Visible
100
AcDbLine
 10
646.869739
 20
533.721888
 30
0.0
 11
646.869739
 21
540.721888
 31
0.0
  0
LINE
  5
6DA
330
70
100
AcDbEntity
  8
Visible
100
AcDbLine
 10
607.869739
 20
533.721888
 30
0.0
 11
646.869739
 21
533.721888
 31
0.0
  0
LINE
  5
6DB
330
70
100
AcDbEntity
  8
Visible
100
AcDbLine
 10
607.869739
 20
527.721888
 30
0.0
 11
607.869739
 21
533.721888
 31
0.0
  0
LINE
  5
6DC
330
70
100
AcDbEntity
  8
Visible
100
AcDbLine
 10
574.869739
 20
533.721888
 30
0.0
 11
574.869739
 21
527.721888
 31
0.0
  0
LINE
  5
6DD
330
70
100
AcDbEntity
  8
Visible
100
AcDbLine
 10
541.869739
 20
533.721888
 30
0.0
 11
574.869739
 21
533.721888
 31
0.0
  0
LINE
  5
6DE
330
70
100
AcDbEntity
  8
Visible
100
AcDbLine
 10
541.869739
 20
527.721888
 30
0.0
 11
541.869739
 21
533.721888
 31
0.0
  0
LINE
  5
6DF
330
70
100
AcDbEntity
  8
Visible
100
AcDbLine
 10
508.869739
 20
533.721888
 30
0.0
 11
508.869739
 21
527.721888
 31
0.0
  0
LINE
  5
6E0
330
70
100
AcDbEntity
  8
Visible
100
AcDbLine
 10
469.869739
 20
533.721888
 30
0.0
 11
508.869739
 21
533.721888
 31
0.0
  0
LINE
  5
6E1
330
70
100
AcDbEntity
  8
Visible
100
AcDbLine
 10
469.869739
 20
540.721888
 30
0.0
 11
469.869739
 21
533.721888
 31
0.0
  0
LINE
  5
6E2
330
70
100
AcDbEntity
  8
Visible
100
AcDbLine
 10
475.869739
 20
540.721888
 30
0.0
 11
469.869739
 21
540.721888
 31
0.0
  0
LINE
  5
6E3
330
70
100
AcDbEntity
  8
Visible
100
AcDbLine
 10
475.869739
 20
547.721888
 30
0.0
 11
475.869739
 21
540.721888
 31
0.0
  0
LINE
  5
6E4
330
70
100
AcDbEntity
  8
Visible
100
AcDbLine
 10
469.869739
 20
547.721888
 30
0.0
 11
475.869739
 21
547.721888
 31
0.0
  0
LINE
  5
6E5
330
70
100
AcDbEntity
  8
Visible
100
AcDbLine
 10
469.869739
 20
554.721888
 30
0.0
 11
469.869739
 21
547.721888
 31
0.0
  0
LINE
  5
6E6
330
70
100
AcDbEntity
  8
Visible
100
AcDbLine
 10
475.869739
 20
554.721888
 30
0.0
 11
469.869739
 21
554.721888
 31
0.0
  0
LINE
  5
6E7
330
70
100
AcDbEntity
  8
Visible
100
AcDbLine
 10
475.869739
 20
561.721888
 30
0.0
 11
475.869739
 21
554.721888
 31
0.0
  0
LINE
  5
6E8
330
70
100
AcDbEntity
  8
Visible
100
AcDbLine
 10
469.869739
 20
561.721888
 30
0.0
 11
475.869739
 21
561.721888
 31
0.0
  0
LINE
  5
6E9
330
70
100
AcDbEntity
  8
Visible
100
AcDbLine
 10
469.869739
 20
568.721888
 30
0.0
 11
469.869739
 21
561.721888
 31
0.0
  0
LINE
  5
6EA
330
70
100
AcDbEntity
  8
Visible
100
AcDbLine
 10
504.869739
 20
568.721888
 30
0.0
 11
469.869739
 21
568.721888
 31
0.0
  0
LINE
  5
6EB
330
70
100
AcDbEntity
  8
Visible
100
AcDbLine
 10
447.414808
 20
-112.291068
 30
0.0
 11
456.414808
 21
-112.291068
 31
0.0
  0
LINE
  5
6EC
330
70
100
AcDbEntity
  8
Visible
100
AcDbLine
 10
456.414808
 20
-135.291068
 30
0.0
 11
447.414808
 21
-135.291068
 31
0.0
  0
LINE
  5
6ED
330
70
100
AcDbEntity
  8
Visible
100
AcDbLine
 10
456.414808
 20
-112.291068
 30
0.0
 11
456.414808
 21
-135.291068
 31
0.0
  0
LINE
  5
6EE
330
70
100
AcDbEntity
  8
Visible
100
AcDbLine
 10
447.414808
 20
-112.291068
 30
0.0
 11
447.414808
 21
-107.291068
 31
0.0
  0
LINE
  5
6EF
330
70
100
AcDbEntity
  8
Visible
100
AcDbLine
 10
447.414808
 20
-140.291068
 30
0.0
 11
447.414808
 21
-135.291068
 31
0.0
  0
LINE
  5
6F0
330
70
100
AcDbEntity
  8
Visible
100
AcDbLine
 10
447.414808
 20
-46.291068
 30
0.0
 11
456.414808
 21
-46.291068
 31
0.0
  0
LINE
  5
6F1
330
70
100
AcDbEntity
  8
Visible
100
AcDbLine
 10
456.414808
 20
-69.291068
 30
0.0
 11
447.414808
 21
-69.291068
 31
0.0
  0
LINE
  5
6F2
330
70
100
AcDbEntity
  8
Visible
100
AcDbLine
 10
456.414808
 20
-46.291068
 30
0.0
 11
456.414808
 21
-69.291068
 31
0.0
  0
LINE
  5
6F3
330
70
100
AcDbEntity
  8
Visible
100
AcDbLine
 10
447.414808
 20
-46.291068
 30
0.0
 11
447.414808
 21
-41.291068
 31
0.0
  0
LINE
  5
6F4
330
70
100
AcDbEntity
  8
Visible
100
AcDbLine
 10
447.414808
 20
-74.291068
 30
0.0
 11
447.414808
 21
-69.291068
 31
0.0
  0
LINE
  5
6F5
330
70
100
AcDbEntity
  8
Visible
100
AcDbLine
 10
436.414808
 20
-141.791068
 30
0.0
 11
416.414808
 21
-141.791068
 31
0.0
  0
LINE
  5
6F6
330
70
100
AcDbEntity
  8
Visible
100
AcDbLine
 10
436.414808
 20
-138.791068
 30
0.0
 11
436.414808
 21
-141.791068
 31
0.0
  0
LINE
  5
6F7
330
70
100
AcDbEntity
  8
Visible
100
AcDbLine
 10
416.414808
 20
-138.791068
 30
0.0
 11
436.414808
 21
-138.791068
 31
0.0
  0
LINE
  5
6F8
330
70
100
AcDbEntity
  8
Visible
100
AcDbLine
 10
416.414808
 20
-141.791068
 30
0.0
 11
416.414808
 21
-138.791068
 31
0.0
  0
LINE
  5
6F9
330
70
100
AcDbEntity
  8
Visible
100
AcDbLine
 10
436.414808
 20
-75.791068
 30
0.0
 11
416.414808
 21
-75.791068
 31
0.0
  0
LINE
  5
6FA
330
70
100
AcDbEntity
  8
Visible
100
AcDbLine
 10
436.414808
 20
-72.791068
 30
0.0
 11
436.414808
 21
-75.791068
 31
0.0
  0
LINE
  5
6FB
330
70
100
AcDbEntity
  8
Visible
100
AcDbLine
 10
416.414808
 20
-72.791068
 30
0.0
 11
436.414808
 21
-72.791068
 31
0.0
  0
LINE
  5
6FC
330
70
100
AcDbEntity
  8
Visible
100
AcDbLine
 10
416.414808
 20
-75.791068
 30
0.0
 11
416.414808
 21
-72.791068
 31
0.0
  0
LINE
  5
6FD
330
70
100
AcDbEntity
  8
Visible
100
AcDbLine
 10
436.414808
 20
-39.791068
 30
0.0
 11
436.414808
 21
-42.791068
 31
0.0
  0
LINE
  5
6FE
330
70
100
AcDbEntity
  8
Visible
100
AcDbLine
 10
416.414808
 20
-39.791068
 30
0.0
 11
436.414808
 21
-39.791068
 31
0.0
  0
LINE
  5
6FF
330
70
100
AcDbEntity
  8
Visible
100
AcDbLine
 10
416.414808
 20
-42.791068
 30
0.0
 11
416.414808
 21
-39.791068
 31
0.0
  0
LINE
  5
700
330
70
100
AcDbEntity
  8
Visible
100
AcDbLine
 10
436.414808
 20
-42.791068
 30
0.0
 11
416.414808
 21
-42.791068
 31
0.0
  0
LINE
  5
701
330
70
100
AcDbEntity
  8
Visible
100
AcDbLine
 10
416.414808
 20
-108.791068
 30
0.0
 11
416.414808
 21
-105.791068
 31
0.0
  0
LINE
  5
702
330
70
100
AcDbEntity
  8
Visible
100
AcDbLine
 10
436.414808
 20
-108.791068
 30
0.0
 11
416.414808
 21
-108.791068
 31
0.0
  0
LINE
  5
703
330
70
100
AcDbEntity
  8
Visible
100
AcDbLine
 10
436.414808
 20
-105.791068
 30
0.0
 11
436.414808
 21
-108.791068
 31
0.0
  0
LINE
  5
704
330
70
100
AcDbEntity
  8
Visible
100
AcDbLine
 10
416.414808
 20
-105.791068
 30
0.0
 11
436.414808
 21
-105.791068
 31
0.0
  0
LINE
  5
705
330
70
100
AcDbEntity
  8
Visible
100
AcDbLine
 10
434.414808
 20
-179.291068
 30
0.0
 11
441.414808
 21
-179.291068
 31
0.0
  0
LINE
  5
706
330
70
100
AcDbEntity
  8
Visible
100
AcDbLine
 10
434.414808
 20
-173.291068
 30
0.0
 11
434.414808
 21
-179.291068
 31
0.0
  0
LINE
  5
707
330
70
100
AcDbEntity
  8
Visible
100
AcDbLine
 10
427.414808
 20
-173.291068
 30
0.0
 11
434.414808
 21
-173.291068
 31
0.0
  0
LINE
  5
708
330
70
100
AcDbEntity
  8
Visible
100
AcDbLine
 10
427.414808
 20
-179.291068
 30
0.0
 11
427.414808
 21
-173.291068
 31
0.0
  0
LINE
  5
709
330
70
100
AcDbEntity
  8
Visible
100
AcDbLine
 10
420.414808
 20
-179.291068
 30
0.0
 11
427.414808
 21
-179.291068
 31
0.0
  0
LINE
  5
70A
330
70
100
AcDbEntity
  8
Visible
100
AcDbLine
 10
420.414808
 20
-173.291068
 30
0.0
 11
420.414808
 21
-179.291068
 31
0.0
  0
LINE
  5
70B
330
70
100
AcDbEntity
  8
Visible
100
AcDbLine
 10
413.414808
 20
-173.291068
 30
0.0
 11
420.414808
 21
-173.291068
 31
0.0
  0
LINE
  5
70C
330
70
100
AcDbEntity
  8
Visible
100
AcDbLine
 10
413.414808
 20
-179.291068
 30
0.0
 11
413.414808
 21
-173.291068
 31
0.0
  0
LINE
  5
70D
330
70
100
AcDbEntity
  8
Visible
100
AcDbLine
 10
406.414808
 20
-179.291068
 30
0.0
 11
413.414808
 21
-179.291068
 31
0.0
  0
LINE
  5
70E
330
70
100
AcDbEntity
  8
Visible
100
AcDbLine
 10
406.414808
 20
-2.291068
 30
0.0
 11
406.414808
 21
-179.291068
 31
0.0
  0
LINE
  5
70F
330
70
100
AcDbEntity
  8
Visible
100
AcDbLine
 10
413.414808
 20
-2.291068
 30
0.0
 11
406.414808
 21
-2.291068
 31
0.0
  0
LINE
  5
710
330
70
100
AcDbEntity
  8
Visible
100
AcDbLine
 10
413.414808
 20
-8.291068
 30
0.0
 11
413.414808
 21
-2.291068
 31
0.0
  0
LINE
  5
711
330
70
100
AcDbEntity
  8
Visible
100
AcDbLine
 10
420.414808
 20
-8.291068
 30
0.0
 11
413.414808
 21
-8.291068
 31
0.0
  0
LINE
  5
712
330
70
100
AcDbEntity
  8
Visible
100
AcDbLine
 10
420.414808
 20
-2.291068
 30
0.0
 11
420.414808
 21
-8.291068
 31
0.0
  0
LINE
  5
713
330
70
100
AcDbEntity
  8
Visible
100
AcDbLine
 10
427.414808
 20
-2.291068
 30
0.0
 11
420.414808
 21
-2.291068
 31
0.0
  0
LINE
  5
714
330
70
100
AcDbEntity
  8
Visible
100
AcDbLine
 10
427.414808
 20
-8.291068
 30
0.0
 11
427.414808
 21
-2.291068
 31
0.0
  0
LINE
  5
715
330
70
100
AcDbEntity
  8
Visible
100
AcDbLine
 10
434.414808
 20
-8.291068
 30
0.0
 11
427.414808
 21
-8.291068
 31
0.0
  0
LINE
  5
716
330
70
100
AcDbEntity
  8
Visible
100
AcDbLine
 10
434.414808
 20
-2.291068
 30
0.0
 11
434.414808
 21
-8.291068
 31
0.0
  0
LINE
  5
717
330
70
100
AcDbEntity
  8
Visible
100
AcDbLine
 10
441.414808
 20
-2.291068
 30
0.0
 11
434.414808
 21
-2.291068
 31
0.0
  0
LINE
  5
718
330
70
100
AcDbEntity
  8
Visible
100
AcDbLine
 10
441.414808
 20
-41.291068
 30
0.0
 11
441.414808
 21
-2.291068
 31
0.0
  0
LINE
  5
719
330
70
100
AcDbEntity
  8
Visible
100
AcDbLine
 10
447.414808
 20
-41.291068
 30
0.0
 11
441.414808
 21
-41.291068
 31
0.0
  0
LINE
  5
71A
330
70
100
AcDbEntity
  8
Visible
100
AcDbLine
 10
441.414808
 20
-74.291068
 30
0.0
 11
447.414808
 21
-74.291068
 31
0.0
  0
LINE
  5
71B
330
70
100
AcDbEntity
  8
Visible
100
AcDbLine
 10
441.414808
 20
-107.291068
 30
0.0
 11
441.414808
 21
-74.291068
 31
0.0
  0
LINE
  5
71C
330
70
100
AcDbEntity
  8
Visible
100
AcDbLine
 10
447.414808
 20
-107.291068
 30
0.0
 11
441.414808
 21
-107.291068
 31
0.0
  0
LINE
  5
71D
330
70
100
AcDbEntity
  8
Visible
100
AcDbLine
 10
441.414808
 20
-140.291068
 30
0.0
 11
447.414808
 21
-140.291068
 31
0.0
  0
LINE
  5
71E
330
70
100
AcDbEntity
  8
Visible
100
AcDbLine
 10
441.414808
 20
-179.291068
 30
0.0
 11
441.414808
 21
-140.291068
 31
0.0
  0
LINE
  5
71F
330
70
100
AcDbEntity
  8
Visible
100
AcDbLine
 10
696.757839
 20
619.423075
 30
0.0
 11
705.757839
 21
619.423075
 31
0.0
  0
LINE
  5
720
330
70
100
AcDbEntity
  8
Visible
100
AcDbLine
 10
705.757839
 20
609.423075
 30
0.0
 11
696.757839
 21
609.423075
 31
0.0
  0
LINE
  5
721
330
70
100
AcDbEntity
  8
Visible
100
AcDbLine
 10
705.757839
 20
619.423075
 30
0.0
 11
705.757839
 21
609.423075
 31
0.0
  0
LINE
  5
722
330
70
100
AcDbEntity
  8
Visible
100
AcDbLine
 10
696.757839
 20
619.423075
 30
0.0
 11
696.757839
 21
624.423075
 31
0.0
  0
LINE
  5
723
330
70
100
AcDbEntity
  8
Visible
100
AcDbLine
 10
696.757839
 20
604.423075
 30
0.0
 11
696.757839
 21
609.423075
 31
0.0
  0
LINE
  5
724
330
70
100
AcDbEntity
  8
Visible
100
AcDbLine
 10
655.757839
 20
643.423075
 30
0.0
 11
655.757839
 21
624.423075
 31
0.0
  0
LINE
  5
725
330
70
100
AcDbEntity
  8
Visible
100
AcDbLine
 10
662.757839
 20
643.423075
 30
0.0
 11
655.757839
 21
643.423075
 31
0.0
  0
LINE
  5
726
330
70
100
AcDbEntity
  8
Visible
100
AcDbLine
 10
662.757839
 20
649.423075
 30
0.0
 11
662.757839
 21
643.423075
 31
0.0
  0
LINE
  5
727
330
70
100
AcDbEntity
  8
Visible
100
AcDbLine
 10
669.757839
 20
649.423075
 30
0.0
 11
662.757839
 21
649.423075
 31
0.0
  0
LINE
  5
728
330
70
100
AcDbEntity
  8
Visible
100
AcDbLine
 10
669.757839
 20
643.423075
 30
0.0
 11
669.757839
 21
649.423075
 31
0.0
  0
LINE
  5
729
330
70
100
AcDbEntity
  8
Visible
100
AcDbLine
 10
676.757839
 20
643.423075
 30
0.0
 11
669.757839
 21
643.423075
 31
0.0
  0
LINE
  5
72A
330
70
100
AcDbEntity
  8
Visible
100
AcDbLine
 10
676.757839
 20
649.423075
 30
0.0
 11
676.757839
 21
643.423075
 31
0.0
  0
LINE
  5
72B
330
70
100
AcDbEntity
  8
Visible
100
AcDbLine
 10
683.757839
 20
649.423075
 30
0.0
 11
676.757839
 21
649.423075
 31
0.0
  0
LINE
  5
72C
330
70
100
AcDbEntity
  8
Visible
100
AcDbLine
 10
683.757839
 20
643.423075
 30
0.0
 11
683.757839
 21
649.423075
 31
0.0
  0
LINE
  5
72D
330
70
100
AcDbEntity
  8
Visible
100
AcDbLine
 10
690.757839
 20
643.423075
 30
0.0
 11
683.757839
 21
643.423075
 31
0.0
  0
LINE
  5
72E
330
70
100
AcDbEntity
  8
Visible
100
AcDbLine
 10
690.757839
 20
624.423075
 30
0.0
 11
690.757839
 21
643.423075
 31
0.0
  0
LINE
  5
72F
330
70
100
AcDbEntity
  8
Visible
100
AcDbLine
 10
696.757839
 20
624.423075
 30
0.0
 11
690.757839
 21
624.423075
 31
0.0
  0
LINE
  5
730
330
70
100
AcDbEntity
  8
Visible
100
AcDbLine
 10
690.757839
 20
604.423075
 30
0.0
 11
696.757839
 21
604.423075
 31
0.0
  0
LINE
  5
731
330
70
100
AcDbEntity
  8
Visible
100
AcDbLine
 10
690.757839
 20
585.423075
 30
0.0
 11
690.757839
 21
604.423075
 31
0.0
  0
LINE
  5
732
330
70
100
AcDbEntity
  8
Visible
100
AcDbLine
 10
683.757839
 20
585.423075
 30
0.0
 11
690.757839
 21
585.423075
 31
0.0
  0
LINE
  5
733
330
70
100
AcDbEntity
  8
Visible
100
AcDbLine
 10
683.757839
 20
579.423075
 30
0.0
 11
683.757839
 21
585.423075
 31
0.0
  0
LINE
  5
734
330
70
100
AcDbEntity
  8
Visible
100
AcDbLine
 10
676.757839
 20
579.423075
 30
0.0
 11
683.757839
 21
579.423075
 31
0.0
  0
LINE
  5
735
330
70
100
AcDbEntity
  8
Visible
100
AcDbLine
 10
676.757839
 20
585.423075
 30
0.0
 11
676.757839
 21
579.423075
 31
0.0
  0
LINE
  5
736
330
70
100
AcDbEntity
  8
Visible
100
AcDbLine
 10
669.757839
 20
585.423075
 30
0.0
 11
676.757839
 21
585.423075
 31
0.0
  0
LINE
  5
737
330
70
100
AcDbEntity
  8
Visible
100
AcDbLine
 10
669.757839
 20
579.423075
 30
0.0
 11
669.757839
 21
585.423075
 31
0.0
  0
LINE
  5
738
330
70
100
AcDbEntity
  8
Visible
100
AcDbLine
 10
662.757839
 20
579.423075
 30
0.0
 11
669.757839
 21
579.423075
 31
0.0
  0
LINE
  5
739
330
70
100
AcDbEntity
  8
Visible
100
AcDbLine
 10
662.757839
 20
585.423075
 30
0.0
 11
662.757839
 21
579.423075
 31
0.0
  0
LINE
  5
73A
330
70
100
AcDbEntity
  8
Visible
100
AcDbLine
 10
655.757839
 20
585.423075
 30
0.0
 11
662.757839
 21
585.423075
 31
0.0
  0
LINE
  5
73B
330
70
100
AcDbEntity
  8
Visible
100
AcDbLine
 10
655.757839
 20
604.423075
 30
0.0
 11
655.757839
 21
585.423075
 31
0.0
  0
LINE
  5
73C
330
70
100
AcDbEntity
  8
Visible
100
AcDbLine
 10
649.757839
 20
604.423075
 30
0.0
 11
655.757839
 21
604.423075
 31
0.0
  0
LINE
  5
73D
330
70
100
AcDbEntity
  8
Visible
100
AcDbLine
 10
649.757839
 20
624.423075
 30
0.0
 11
649.757839
 21
604.423075
 31
0.0
  0
LINE
  5
73E
330
70
100
AcDbEntity
  8
Visible
100
AcDbLine
 10
655.757839
 20
624.423075
 30
0.0
 11
649.757839
 21
624.423075
 31
0.0
  0
CIRCLE
  5
73F
330
70
100
AcDbEntity
  8
Visible
100
AcDbCircle
 10
-444.41147
 20
628.295601
 30
0.0
 40
10.0
210
0.0
220
0.0
230
-1.0
  0
LINE
  5
740
330
70
100
AcDbEntity
  8
Visible
100
AcDbLine
 10
411.91147
 20
619.295601
 30
0.0
 11
411.91147
 21
609.295601
 31
0.0
  0
LINE
  5
741
330
70
100
AcDbEntity
  8
Visible
100
AcDbLine
 10
411.91147
 20
609.295601
 30
0.0
 11
420.91147
 21
609.295601
 31
0.0
  0
LINE
  5
742
330
70
100
AcDbEntity
  8
Visible
100
AcDbLine
 10
420.91147
 20
619.295601
 30
0.0
 11
411.91147
 21
619.295601
 31
0.0
  0
LINE
  5
743
330
70
100
AcDbEntity
  8
Visible
100
AcDbLine
 10
420.91147
 20
609.295601
 30
0.0
 11
420.91147
 21
604.295601
 31
0.0
  0
LINE
  5
744
330
70
100
AcDbEntity
  8
Visible
100
AcDbLine
 10
420.91147
 20
624.295601
 30
0.0
 11
420.91147
 21
619.295601
 31
0.0
  0
LINE
  5
745
330
70
100
AcDbEntity
  8
Visible
100
AcDbLine
 10
426.91147
 20
643.295601
 30
0.0
 11
426.91147
 21
624.295601
 31
0.0
  0
LINE
  5
746
330
70
100
AcDbEntity
  8
Visible
100
AcDbLine
 10
433.91147
 20
643.295601
 30
0.0
 11
426.91147
 21
643.295601
 31
0.0
  0
LINE
  5
747
330
70
100
AcDbEntity
  8
Visible
100
AcDbLine
 10
433.91147
 20
649.295601
 30
0.0
 11
433.91147
 21
643.295601
 31
0.0
  0
LINE
  5
748
330
70
100
AcDbEntity
  8
Visible
100
AcDbLine
 10
440.91147
 20
649.295601
 30
0.0
 11
433.91147
 21
649.295601
 31
0.0
  0
LINE
  5
749
330
70
100
AcDbEntity
  8
Visible
100
AcDbLine
 10
440.91147
 20
643.295601
 30
0.0
 11
440.91147
 21
649.295601
 31
0.0
  0
LINE
  5
74A
330
70
100
AcDbEntity
  8
Visible
100
AcDbLine
 10
447.91147
 20
643.295601
 30
0.0
 11
440.91147
 21
643.295601
 31
0.0
  0
LINE
  5
74B
330
70
100
AcDbEntity
  8
Visible
100
AcDbLine
 10
447.91147
 20
649.295601
 30
0.0
 11
447.91147
 21
643.295601
 31
0.0
  0
LINE
  5
74C
330
70
100
AcDbEntity
  8
Visible
100
AcDbLine
 10
454.91147
 20
649.295601
 30
0.0
 11
447.91147
 21
649.295601
 31
0.0
  0
LINE
  5
74D
330
70
100
AcDbEntity
  8
Visible
100
AcDbLine
 10
454.91147
 20
643.295601
 30
0.0
 11
454.91147
 21
649.295601
 31
0.0
  0
LINE
  5
74E
330
70
100
AcDbEntity
  8
Visible
100
AcDbLine
 10
461.91147
 20
643.295601
 30
0.0
 11
454.91147
 21
643.295601
 31
0.0
  0
LINE
  5
74F
330
70
100
AcDbEntity
  8
Visible
100
AcDbLine
 10
461.91147
 20
624.295601
 30
0.0
 11
461.91147
 21
643.295601
 31
0.0
  0
LINE
  5
750
330
70
100
AcDbEntity
  8
Visible
100
AcDbLine
 10
467.91147
 20
624.295601
 30
0.0
 11
461.91147
 21
624.295601
 31
0.0
  0
LINE
  5
751
330
70
100
AcDbEntity
  8
Visible
100
AcDbLine
 10
467.91147
 20
604.295601
 30
0.0
 11
467.91147
 21
624.295601
 31
0.0
  0
LINE
  5
752
330
70
100
AcDbEntity
  8
Visible
100
AcDbLine
 10
461.91147
 20
604.295601
 30
0.0
 11
467.91147
 21
604.295601
 31
0.0
  0
LINE
  5
753
330
70
100
AcDbEntity
  8
Visible
100
AcDbLine
 10
461.91147
 20
585.295601
 30
0.0
 11
461.91147
 21
604.295601
 31
0.0
  0
LINE
  5
754
330
70
100
AcDbEntity
  8
Visible
100
AcDbLine
 10
454.91147
 20
585.295601
 30
0.0
 11
461.91147
 21
585.295601
 31
0.0
  0
LINE
  5
755
330
70
100
AcDbEntity
  8
Visible
100
AcDbLine
 10
454.91147
 20
579.295601
 30
0.0
 11
454.91147
 21
585.295601
 31
0.0
  0
LINE
  5
756
330
70
100
AcDbEntity
  8
Visible
100
AcDbLine
 10
447.91147
 20
579.295601
 30
0.0
 11
454.91147
 21
579.295601
 31
0.0
  0
LINE
  5
757
330
70
100
AcDbEntity
  8
Visible
100
AcDbLine
 10
447.91147
 20
585.295601
 30
0.0
 11
447.91147
 21
579.295601
 31
0.0
  0
LINE
  5
758
330
70
100
AcDbEntity
  8
Visible
100
AcDbLine
 10
440.91147
 20
585.295601
 30
0.0
 11
447.91147
 21
585.295601
 31
0.0
  0
LINE
  5
759
330
70
100
AcDbEntity
  8
Visible
100
AcDbLine
 10
440.91147
 20
579.295601
 30
0.0
 11
440.91147
 21
585.295601
 31
0.0
  0
LINE
  5
75A
330
70
100
AcDbEntity
  8
Visible
100
AcDbLine
 10
433.91147
 20
579.295601
 30
0.0
 11
440.91147
 21
579.295601
 31
0.0
  0
LINE
  5
75B
330
70
100
AcDbEntity
  8
Visible
100
AcDbLine
 10
433.91147
 20
585.295601
 30
0.0
 11
433.91147
 21
579.295601
 31
0.0
  0
LINE
  5
75C
330
70
100
AcDbEntity
  8
Visible
100
AcDbLine
 10
426.91147
 20
585.295601
 30
0.0
 11
433.91147
 21
585.295601
 31
0.0
  0
LINE
  5
75D
330
70
100
AcDbEntity
  8
Visible
100
AcDbLine
 10
426.91147
 20
604.295601
 30
0.0
 11
426.91147
 21
585.295601
 31
0.0
  0
LINE
  5
75E
330
70
100
AcDbEntity
  8
Visible
100
AcDbLine
 10
420.91147
 20
604.295601
 30
0.0
 11
426.91147
 21
604.295601
 31
0.0
  0
LINE
  5
75F
330
70
100
AcDbEntity
  8
Visible
100
AcDbLine
 10
426.91147
 20
624.295601
 30
0.0
 11
420.91147
 21
624.295601
 31
0.0
  0
LINE
  5
760
330
70
100
AcDbEntity
  8
Visible
100
AcDbLine
 10
579.342627
 20
702.307713
 30
0.0
 11
579.342627
 21
711.307713
 31
0.0
  0
LINE
  5
761
330
70
100
AcDbEntity
  8
Visible
100
AcDbLine
 10
602.342627
 20
711.307713
 30
0.0
 11
602.342627
 21
702.307713
 31
0.0
  0
LINE
  5
762
330
70
100
AcDbEntity
  8
Visible
100
AcDbLine
 10
579.342627
 20
711.307713
 30
0.0
 11
602.342627
 21
711.307713
 31
0.0
  0
LINE
  5
763
330
70
100
AcDbEntity
  8
Visible
100
AcDbLine
 10
579.342627
 20
702.307713
 30
0.0
 11
574.342627
 21
702.307713
 31
0.0
  0
LINE
  5
764
330
70
100
AcDbEntity
  8
Visible
100
AcDbLine
 10
607.342627
 20
702.307713
 30
0.0
 11
602.342627
 21
702.307713
 31
0.0
  0
LINE
  5
765
330
70
100
AcDbEntity
  8
Visible
100
AcDbLine
 10
513.342627
 20
702.307713
 30
0.0
 11
513.342627
 21
711.307713
 31
0.0
  0
LINE
  5
766
330
70
100
AcDbEntity
  8
Visible
100
AcDbLine
 10
536.342627
 20
711.307713
 30
0.0
 11
536.342627
 21
702.307713
 31
0.0
  0
LINE
  5
767
330
70
100
AcDbEntity
  8
Visible
100
AcDbLine
 10
513.342627
 20
711.307713
 30
0.0
 11
536.342627
 21
711.307713
 31
0.0
  0
LINE
  5
768
330
70
100
AcDbEntity
  8
Visible
100
AcDbLine
 10
513.342627
 20
702.307713
 30
0.0
 11
508.342627
 21
702.307713
 31
0.0
  0
LINE
  5
769
330
70
100
AcDbEntity
  8
Visible
100
AcDbLine
 10
541.342627
 20
702.307713
 30
0.0
 11
536.342627
 21
702.307713
 31
0.0
  0
LINE
  5
76A
330
70
100
AcDbEntity
  8
Visible
100
AcDbLine
 10
539.342627
 20
655.307713
 30
0.0
 11
539.342627
 21
661.307713
 31
0.0
  0
LINE
  5
76B
330
70
100
AcDbEntity
  8
Visible
100
AcDbLine
 10
504.342627
 20
655.307713
 30
0.0
 11
539.342627
 21
655.307713
 31
0.0
  0
LINE
  5
76C
330
70
100
AcDbEntity
  8
Visible
100
AcDbLine
 10
504.342627
 20
661.307713
 30
0.0
 11
504.342627
 21
655.307713
 31
0.0
  0
LINE
  5
76D
330
70
100
AcDbEntity
  8
Visible
100
AcDbLine
 10
469.342627
 20
661.307713
 30
0.0
 11
504.342627
 21
661.307713
 31
0.0
  0
LINE
  5
76E
330
70
100
AcDbEntity
  8
Visible
100
AcDbLine
 10
469.342627
 20
668.307713
 30
0.0
 11
469.342627
 21
661.307713
 31
0.0
  0
LINE
  5
76F
330
70
100
AcDbEntity
  8
Visible
100
AcDbLine
 10
475.342627
 20
668.307713
 30
0.0
 11
469.342627
 21
668.307713
 31
0.0
  0
LINE
  5
770
330
70
100
AcDbEntity
  8
Visible
100
AcDbLine
 10
475.342627
 20
675.307713
 30
0.0
 11
475.342627
 21
668.307713
 31
0.0
  0
LINE
  5
771
330
70
100
AcDbEntity
  8
Visible
100
AcDbLine
 10
469.342627
 20
675.307713
 30
0.0
 11
475.342627
 21
675.307713
 31
0.0
  0
LINE
  5
772
330
70
100
AcDbEntity
  8
Visible
100
AcDbLine
 10
469.342627
 20
682.307713
 30
0.0
 11
469.342627
 21
675.307713
 31
0.0
  0
LINE
  5
773
330
70
100
AcDbEntity
  8
Visible
100
AcDbLine
 10
475.342627
 20
682.307713
 30
0.0
 11
469.342627
 21
682.307713
 31
0.0
  0
LINE
  5
774
330
70
100
AcDbEntity
  8
Visible
100
AcDbLine
 10
475.342627
 20
689.307713
 30
0.0
 11
475.342627
 21
682.307713
 31
0.0
  0
LINE
  5
775
330
70
100
AcDbEntity
  8
Visible
100
AcDbLine
 10
469.342627
 20
689.307713
 30
0.0
 11
475.342627
 21
689.307713
 31
0.0
  0
LINE
  5
776
330
70
100
AcDbEntity
  8
Visible
100
AcDbLine
 10
469.342627
 20
696.307713
 30
0.0
 11
469.342627
 21
689.307713
 31
0.0
  0
LINE
  5
777
330
70
100
AcDbEntity
  8
Visible
100
AcDbLine
 10
508.342627
 20
696.307713
 30
0.0
 11
469.342627
 21
696.307713
 31
0.0
  0
LINE
  5
778
330
70
100
AcDbEntity
  8
Visible
100
AcDbLine
 10
508.342627
 20
702.307713
 30
0.0
 11
508.342627
 21
696.307713
 31
0.0
  0
LINE
  5
779
330
70
100
AcDbEntity
  8
Visible
100
AcDbLine
 10
541.342627
 20
696.307713
 30
0.0
 11
541.342627
 21
702.307713
 31
0.0
  0
LINE
  5
77A
330
70
100
AcDbEntity
  8
Visible
100
AcDbLine
 10
574.342627
 20
696.307713
 30
0.0
 11
541.342627
 21
696.307713
 31
0.0
  0
LINE
  5
77B
330
70
100
AcDbEntity
  8
Visible
100
AcDbLine
 10
574.342627
 20
702.307713
 30
0.0
 11
574.342627
 21
696.307713
 31
0.0
  0
LINE
  5
77C
330
70
100
AcDbEntity
  8
Visible
100
AcDbLine
 10
607.342627
 20
696.307713
 30
0.0
 11
607.342627
 21
702.307713
 31
0.0
  0
LINE
  5
77D
330
70
100
AcDbEntity
  8
Visible
100
AcDbLine
 10
646.342627
 20
696.307713
 30
0.0
 11
607.342627
 21
696.307713
 31
0.0
  0
LINE
  5
77E
330
70
100
AcDbEntity
  8
Visible
100
AcDbLine
 10
646.342627
 20
689.307713
 30
0.0
 11
646.342627
 21
696.307713
 31
0.0
  0
LINE
  5
77F
330
70
100
AcDbEntity
  8
Visible
100
AcDbLine
 10
640.342627
 20
689.307713
 30
0.0
 11
646.342627
 21
689.307713
 31
0.0
  0
LINE
  5
780
330
70
100
AcDbEntity
  8
Visible
100
AcDbLine
 10
640.342627
 20
682.307713
 30
0.0
 11
640.342627
 21
689.307713
 31
0.0
  0
LINE
  5
781
330
70
100
AcDbEntity
  8
Visible
100
AcDbLine
 10
646.342627
 20
682.307713
 30
0.0
 11
640.342627
 21
682.307713
 31
0.0
  0
LINE
  5
782
330
70
100
AcDbEntity
  8
Visible
100
AcDbLine
 10
646.342627
 20
675.307713
 30
0.0
 11
646.342627
 21
682.307713
 31
0.0
  0
LINE
  5
783
330
70
100
AcDbEntity
  8
Visible
100
AcDbLine
 10
640.342627
 20
675.307713
 30
0.0
 11
646.342627
 21
675.307713
 31
0.0
  0
LINE
  5
784
330
70
100
AcDbEntity
  8
Visible
100
AcDbLine
 10
640.342627
 20
668.307713
 30
0.0
 11
640.342627
 21
675.307713
 31
0.0
  0
LINE
  5
785
330
70
100
AcDbEntity
  8
Visible
100
AcDbLine
 10
646.342627
 20
668.307713
 30
0.0
 11
640.342627
 21
668.307713
 31
0.0
  0
LINE
  5
786
330
70
100
AcDbEntity
  8
Visible
100
AcDbLine
 10
646.342627
 20
661.307713
 30
0.0
 11
646.342627
 21
668.307713
 31
0.0
  0
LINE
  5
787
330
70
100
AcDbEntity
  8
Visible
100
AcDbLine
 10
611.342627
 20
661.307713
 30
0.0
 11
646.342627
 21
661.307713
 31
0.0
  0
LINE
  5
788
330
70
100
AcDbEntity
  8
Visible
100
AcDbLine
 10
611.342627
 20
655.307713
 30
0.0
 11
611.342627
 21
661.307713
 31
0.0
  0
LINE
  5
789
330
70
100
AcDbEntity
  8
Visible
100
AcDbLine
 10
576.342627
 20
655.307713
 30
0.0
 11
611.342627
 21
655.307713
 31
0.0
  0
LINE
  5
78A
330
70
100
AcDbEntity
  8
Visible
100
AcDbLine
 10
576.342627
 20
661.307713
 30
0.0
 11
576.342627
 21
655.307713
 31
0.0
  0
LINE
  5
78B
330
70
100
AcDbEntity
  8
Visible
100
AcDbLine
 10
539.342627
 20
661.307713
 30
0.0
 11
576.342627
 21
661.307713
 31
0.0
  0
LINE
  5
78C
330
70
100
AcDbEntity
  8
Visible
100
AcDbLine
 10
627.828469
 20
-299.473122
 30
0.0
 11
627.828469
 21
-290.473122
 31
0.0
  0
LINE
  5
78D
330
70
100
AcDbEntity
  8
Visible
100
AcDbLine
 10
650.828469
 20
-290.473122
 30
0.0
 11
650.828469
 21
-299.473122
 31
0.0
  0
LINE
  5
78E
330
70
100
AcDbEntity
  8
Visible
100
AcDbLine
 10
627.828469
 20
-290.473122
 30
0.0
 11
650.828469
 21
-290.473122
 31
0.0
  0
LINE
  5
78F
330
70
100
AcDbEntity
  8
Visible
100
AcDbLine
 10
627.828469
 20
-299.473122
 30
0.0
 11
622.828469
 21
-299.473122
 31
0.0
  0
LINE
  5
790
330
70
100
AcDbEntity
  8
Visible
100
AcDbLine
 10
655.828469
 20
-299.473122
 30
0.0
 11
650.828469
 21
-299.473122
 31
0.0
  0
LINE
  5
791
330
70
100
AcDbEntity
  8
Visible
100
AcDbLine
 10
561.828469
 20
-299.473122
 30
0.0
 11
561.828469
 21
-290.473122
 31
0.0
  0
LINE
  5
792
330
70
100
AcDbEntity
  8
Visible
100
AcDbLine
 10
584.828469
 20
-290.473122
 30
0.0
 11
584.828469
 21
-299.473122
 31
0.0
  0
LINE
  5
793
330
70
100
AcDbEntity
  8
Visible
100
AcDbLine
 10
561.828469
 20
-290.473122
 30
0.0
 11
584.828469
 21
-290.473122
 31
0.0
  0
LINE
  5
794
330
70
100
AcDbEntity
  8
Visible
100
AcDbLine
 10
561.828469
 20
-299.473122
 30
0.0
 11
556.828469
 21
-299.473122
 31
0.0
  0
LINE
  5
795
330
70
100
AcDbEntity
  8
Visible
100
AcDbLine
 10
589.828469
 20
-299.473122
 30
0.0
 11
584.828469
 21
-299.473122
 31
0.0
  0
LINE
  5
796
330
70
100
AcDbEntity
  8
Visible
100
AcDbLine
 10
657.328469
 20
-330.473122
 30
0.0
 11
654.328469
 21
-330.473122
 31
0.0
  0
LINE
  5
797
330
70
100
AcDbEntity
  8
Visible
100
AcDbLine
 10
657.328469
 20
-310.473122
 30
0.0
 11
657.328469
 21
-330.473122
 31
0.0
  0
LINE
  5
798
330
70
100
AcDbEntity
  8
Visible
100
AcDbLine
 10
654.328469
 20
-310.473122
 30
0.0
 11
657.328469
 21
-310.473122
 31
0.0
  0
LINE
  5
799
330
70
100
AcDbEntity
  8
Visible
100
AcDbLine
 10
654.328469
 20
-330.473122
 30
0.0
 11
654.328469
 21
-310.473122
 31
0.0
  0
LINE
  5
79A
330
70
100
AcDbEntity
  8
Visible
100
AcDbLine
 10
624.328469
 20
-330.473122
 30
0.0
 11
621.328469
 21
-330.473122
 31
0.0
  0
LINE
  5
79B
330
70
100
AcDbEntity
  8
Visible
100
AcDbLine
 10
624.328469
 20
-310.473122
 30
0.0
 11
624.328469
 21
-330.473122
 31
0.0
  0
LINE
  5
79C
330
70
100
AcDbEntity
  8
Visible
100
AcDbLine
 10
621.328469
 20
-310.473122
 30
0.0
 11
624.328469
 21
-310.473122
 31
0.0
  0
LINE
  5
79D
330
70
100
AcDbEntity
  8
Visible
100
AcDbLine
 10
621.328469
 20
-330.473122
 30
0.0
 11
621.328469
 21
-310.473122
 31
0.0
  0
LINE
  5
79E
330
70
100
AcDbEntity
  8
Visible
100
AcDbLine
 10
591.328469
 20
-330.473122
 30
0.0
 11
588.328469
 21
-330.473122
 31
0.0
  0
LINE
  5
79F
330
70
100
AcDbEntity
  8
Visible
100
AcDbLine
 10
591.328469
 20
-310.473122
 30
0.0
 11
591.328469
 21
-330.473122
 31
0.0
  0
LINE
  5
7A0
330
70
100
AcDbEntity
  8
Visible
100
AcDbLine
 10
588.328469
 20
-310.473122
 30
0.0
 11
591.328469
 21
-310.473122
 31
0.0
  0
LINE
  5
7A1
330
70
100
AcDbEntity
  8
Visible
100
AcDbLine
 10
588.328469
 20
-330.473122
 30
0.0
 11
588.328469
 21
-310.473122
 31
0.0
  0
LINE
  5
7A2
330
70
100
AcDbEntity
  8
Visible
100
AcDbLine
 10
558.328469
 20
-330.473122
 30
0.0
 11
555.328469
 21
-330.473122
 31
0.0
  0
LINE
  5
7A3
330
70
100
AcDbEntity
  8
Visible
100
AcDbLine
 10
558.328469
 20
-310.473122
 30
0.0
 11
558.328469
 21
-330.473122
 31
0.0
  0
LINE
  5
7A4
330
70
100
AcDbEntity
  8
Visible
100
AcDbLine
 10
555.328469
 20
-310.473122
 30
0.0
 11
558.328469
 21
-310.473122
 31
0.0
  0
LINE
  5
7A5
330
70
100
AcDbEntity
  8
Visible
100
AcDbLine
 10
555.328469
 20
-330.473122
 30
0.0
 11
555.328469
 21
-310.473122
 31
0.0
  0
LINE
  5
7A6
330
70
100
AcDbEntity
  8
Visible
100
AcDbLine
 10
694.828469
 20
-312.473122
 30
0.0
 11
688.828469
 21
-312.473122
 31
0.0
  0
LINE
  5
7A7
330
70
100
AcDbEntity
  8
Visible
100
AcDbLine
 10
694.828469
 20
-319.473122
 30
0.0
 11
694.828469
 21
-312.473122
 31
0.0
  0
LINE
  5
7A8
330
70
100
AcDbEntity
  8
Visible
100
AcDbLine
 10
688.828469
 20
-319.473122
 30
0.0
 11
694.828469
 21
-319.473122
 31
0.0
  0
LINE
  5
7A9
330
70
100
AcDbEntity
  8
Visible
100
AcDbLine
 10
688.828469
 20
-326.473122
 30
0.0
 11
688.828469
 21
-319.473122
 31
0.0
  0
LINE
  5
7AA
330
70
100
AcDbEntity
  8
Visible
100
AcDbLine
 10
694.828469
 20
-326.473122
 30
0.0
 11
688.828469
 21
-326.473122
 31
0.0
  0
LINE
  5
7AB
330
70
100
AcDbEntity
  8
Visible
100
AcDbLine
 10
694.828469
 20
-333.473122
 30
0.0
 11
694.828469
 21
-326.473122
 31
0.0
  0
LINE
  5
7AC
330
70
100
AcDbEntity
  8
Visible
100
AcDbLine
 10
688.828469
 20
-333.473122
 30
0.0
 11
694.828469
 21
-333.473122
 31
0.0
  0
LINE
  5
7AD
330
70
100
AcDbEntity
  8
Visible
100
AcDbLine
 10
688.828469
 20
-340.473122
 30
0.0
 11
688.828469
 21
-333.473122
 31
0.0
  0
LINE
  5
7AE
330
70
100
AcDbEntity
  8
Visible
100
AcDbLine
 10
523.828469
 20
-340.473122
 30
0.0
 11
688.828469
 21
-340.473122
 31
0.0
  0
LINE
  5
7AF
330
70
100
AcDbEntity
  8
Visible
100
AcDbLine
 10
523.828469
 20
-333.473122
 30
0.0
 11
523.828469
 21
-340.473122
 31
0.0
  0
LINE
  5
7B0
330
70
100
AcDbEntity
  8
Visible
100
AcDbLine
 10
517.828469
 20
-333.473122
 30
0.0
 11
523.828469
 21
-333.473122
 31
0.0
  0
LINE
  5
7B1
330
70
100
AcDbEntity
  8
Visible
100
AcDbLine
 10
517.828469
 20
-326.473122
 30
0.0
 11
517.828469
 21
-333.473122
 31
0.0
  0
LINE
  5
7B2
330
70
100
AcDbEntity
  8
Visible
100
AcDbLine
 10
523.828469
 20
-326.473122
 30
0.0
 11
517.828469
 21
-326.473122
 31
0.0
  0
LINE
  5
7B3
330
70
100
AcDbEntity
  8
Visible
100
AcDbLine
 10
523.828469
 20
-319.473122
 30
0.0
 11
523.828469
 21
-326.473122
 31
0.0
  0
LINE
  5
7B4
330
70
100
AcDbEntity
  8
Visible
100
AcDbLine
 10
517.828469
 20
-319.473122
 30
0.0
 11
523.828469
 21
-319.473122
 31
0.0
  0
LINE
  5
7B5
330
70
100
AcDbEntity
  8
Visible
100
AcDbLine
 10
517.828469
 20
-312.473122
 30
0.0
 11
517.828469
 21
-319.473122
 31
0.0
  0
LINE
  5
7B6
330
70
100
AcDbEntity
  8
Visible
100
AcDbLine
 10
523.828469
 20
-312.473122
 30
0.0
 11
517.828469
 21
-312.473122
 31
0.0
  0
LINE
  5
7B7
330
70
100
AcDbEntity
  8
Visible
100
AcDbLine
 10
523.828469
 20
-305.473122
 30
0.0
 11
523.828469
 21
-312.473122
 31
0.0
  0
LINE
  5
7B8
330
70
100
AcDbEntity
  8
Visible
100
AcDbLine
 10
556.828469
 20
-305.473122
 30
0.0
 11
523.828469
 21
-305.473122
 31
0.0
  0
LINE
  5
7B9
330
70
100
AcDbEntity
  8
Visible
100
AcDbLine
 10
556.828469
 20
-299.473122
 30
0.0
 11
556.828469
 21
-305.473122
 31
0.0
  0
LINE
  5
7BA
330
70
100
AcDbEntity
  8
Visible
100
AcDbLine
 10
589.828469
 20
-305.473122
 30
0.0
 11
589.828469
 21
-299.473122
 31
0.0
  0
LINE
  5
7BB
330
70
100
AcDbEntity
  8
Visible
100
AcDbLine
 10
622.828469
 20
-305.473122
 30
0.0
 11
589.828469
 21
-305.473122
 31
0.0
  0
LINE
  5
7BC
330
70
100
AcDbEntity
  8
Visible
100
AcDbLine
 10
622.828469
 20
-299.473122
 30
0.0
 11
622.828469
 21
-305.473122
 31
0.0
  0
LINE
  5
7BD
330
70
100
AcDbEntity
  8
Visible
100
AcDbLine
 10
655.828469
 20
-305.473122
 30
0.0
 11
655.828469
 21
-299.473122
 31
0.0
  0
LINE
  5
7BE
330
70
100
AcDbEntity
  8
Visible
100
AcDbLine
 10
688.828469
 20
-305.473122
 30
0.0
 11
655.828469
 21
-305.473122
 31
0.0
  0
LINE
  5
7BF
330
70
100
AcDbEntity
  8
Visible
100
AcDbLine
 10
688.828469
 20
-312.473122
 30
0.0
 11
688.828469
 21
-305.473122
 31
0.0
  0
LINE
  5
7C0
330
70
100
AcDbEntity
  8
Visible
100
AcDbLine
 10
717.403068
 20
-96.782874
 30
0.0
 11
717.403068
 21
-119.782874
 31
0.0
  0
LINE
  5
7C1
330
70
100
AcDbEntity
  8
Visible
100
AcDbLine
 10
717.403068
 20
-119.782874
 30
0.0
 11
726.403068
 21
-119.782874
 31
0.0
  0
LINE
  5
7C2
330
70
100
AcDbEntity
  8
Visible
100
AcDbLine
 10
726.403068
 20
-96.782874
 30
0.0
 11
717.403068
 21
-96.782874
 31
0.0
  0
LINE
  5
7C3
330
70
100
AcDbEntity
  8
Visible
100
AcDbLine
 10
726.403068
 20
-119.782874
 30
0.0
 11
726.403068
 21
-124.782874
 31
0.0
  0
LINE
  5
7C4
330
70
100
AcDbEntity
  8
Visible
100
AcDbLine
 10
726.403068
 20
-91.782874
 30
0.0
 11
726.403068
 21
-96.782874
 31
0.0
  0
LINE
  5
7C5
330
70
100
AcDbEntity
  8
Visible
100
AcDbLine
 10
717.403068
 20
-30.782874
 30
0.0
 11
717.403068
 21
-53.782874
 31
0.0
  0
LINE
  5
7C6
330
70
100
AcDbEntity
  8
Visible
100
AcDbLine
 10
717.403068
 20
-53.782874
 30
0.0
 11
726.403068
 21
-53.782874
 31
0.0
  0
LINE
  5
7C7
330
70
100
AcDbEntity
  8
Visible
100
AcDbLine
 10
726.403068
 20
-30.782874
 30
0.0
 11
717.403068
 21
-30.782874
 31
0.0
  0
LINE
  5
7C8
330
70
100
AcDbEntity
  8
Visible
100
AcDbLine
 10
726.403068
 20
-53.782874
 30
0.0
 11
726.403068
 21
-58.782874
 31
0.0
  0
LINE
  5
7C9
330
70
100
AcDbEntity
  8
Visible
100
AcDbLine
 10
726.403068
 20
-25.782874
 30
0.0
 11
726.403068
 21
-30.782874
 31
0.0
  0
LINE
  5
7CA
330
70
100
AcDbEntity
  8
Visible
100
AcDbLine
 10
737.403068
 20
-90.282874
 30
0.0
 11
757.403068
 21
-90.282874
 31
0.0
  0
LINE
  5
7CB
330
70
100
AcDbEntity
  8
Visible
100
AcDbLine
 10
737.403068
 20
-93.282874
 30
0.0
 11
737.403068
 21
-90.282874
 31
0.0
  0
LINE
  5
7CC
330
70
100
AcDbEntity
  8
Visible
100
AcDbLine
 10
757.403068
 20
-93.282874
 30
0.0
 11
737.403068
 21
-93.282874
 31
0.0
  0
LINE
  5
7CD
330
70
100
AcDbEntity
  8
Visible
100
AcDbLine
 10
757.403068
 20
-90.282874
 30
0.0
 11
757.403068
 21
-93.282874
 31
0.0
  0
LINE
  5
7CE
330
70
100
AcDbEntity
  8
Visible
100
AcDbLine
 10
737.403068
 20
-57.282874
 30
0.0
 11
757.403068
 21
-57.282874
 31
0.0
  0
LINE
  5
7CF
330
70
100
AcDbEntity
  8
Visible
100
AcDbLine
 10
737.403068
 20
-60.282874
 30
0.0
 11
737.403068
 21
-57.282874
 31
0.0
  0
LINE
  5
7D0
330
70
100
AcDbEntity
  8
Visible
100
AcDbLine
 10
757.403068
 20
-60.282874
 30
0.0
 11
737.403068
 21
-60.282874
 31
0.0
  0
LINE
  5
7D1
330
70
100
AcDbEntity
  8
Visible
100
AcDbLine
 10
757.403068
 20
-57.282874
 30
0.0
 11
757.403068
 21
-60.282874
 31
0.0
  0
LINE
  5
7D2
330
70
100
AcDbEntity
  8
Visible
100
AcDbLine
 10
757.403068
 20
-27.282874
 30
0.0
 11
737.403068
 21
-27.282874
 31
0.0
  0
LINE
  5
7D3
330
70
100
AcDbEntity
  8
Visible
100
AcDbLine
 10
757.403068
 20
-24.282874
 30
0.0
 11
757.403068
 21
-27.282874
 31
0.0
  0
LINE
  5
7D4
330
70
100
AcDbEntity
  8
Visible
100
AcDbLine
 10
737.403068
 20
-24.282874
 30
0.0
 11
757.403068
 21
-24.282874
 31
0.0
  0
LINE
  5
7D5
330
70
100
AcDbEntity
  8
Visible
100
AcDbLine
 10
737.403068
 20
-27.282874
 30
0.0
 11
737.403068
 21
-24.282874
 31
0.0
  0
LINE
  5
7D6
330
70
100
AcDbEntity
  8
Visible
100
AcDbLine
 10
737.403068
 20
-126.282874
 30
0.0
 11
737.403068
 21
-123.282874
 31
0.0
  0
LINE
  5
7D7
330
70
100
AcDbEntity
  8
Visible
100
AcDbLine
 10
757.403068
 20
-126.282874
 30
0.0
 11
737.403068
 21
-126.282874
 31
0.0
  0
LINE
  5
7D8
330
70
100
AcDbEntity
  8
Visible
100
AcDbLine
 10
757.403068
 20
-123.282874
 30
0.0
 11
757.403068
 21
-126.282874
 31
0.0
  0
LINE
  5
7D9
330
70
100
AcDbEntity
  8
Visible
100
AcDbLine
 10
737.403068
 20
-123.282874
 30
0.0
 11
757.403068
 21
-123.282874
 31
0.0
  0
LINE
  5
7DA
330
70
100
AcDbEntity
  8
Visible
100
AcDbLine
 10
739.403068
 20
13.217126
 30
0.0
 11
739.403068
 21
7.217126
 31
0.0
  0
LINE
  5
7DB
330
70
100
AcDbEntity
  8
Visible
100
AcDbLine
 10
746.403068
 20
13.217126
 30
0.0
 11
739.403068
 21
13.217126
 31
0.0
  0
LINE
  5
7DC
330
70
100
AcDbEntity
  8
Visible
100
AcDbLine
 10
746.403068
 20
7.217126
 30
0.0
 11
746.403068
 21
13.217126
 31
0.0
  0
LINE
  5
7DD
330
70
100
AcDbEntity
  8
Visible
100
AcDbLine
 10
753.403068
 20
7.217126
 30
0.0
 11
746.403068
 21
7.217126
 31
0.0
  0
LINE
  5
7DE
330
70
100
AcDbEntity
  8
Visible
100
AcDbLine
 10
753.403068
 20
13.217126
 30
0.0
 11
753.403068
 21
7.217126
 31
0.0
  0
LINE
  5
7DF
330
70
100
AcDbEntity
  8
Visible
100
AcDbLine
 10
760.403068
 20
13.217126
 30
0.0
 11
753.403068
 21
13.217126
 31
0.0
  0
LINE
  5
7E0
330
70
100
AcDbEntity
  8
Visible
100
AcDbLine
 10
760.403068
 20
7.217126
 30
0.0
 11
760.403068
 21
13.217126
 31
0.0
  0
LINE
  5
7E1
330
70
100
AcDbEntity
  8
Visible
100
AcDbLine
 10
767.403068
 20
7.217126
 30
0.0
 11
760.403068
 21
7.217126
 31
0.0
  0
LINE
  5
7E2
330
70
100
AcDbEntity
  8
Visible
100
AcDbLine
 10
767.403068
 20
-157.782874
 30
0.0
 11
767.403068
 21
7.217126
 31
0.0
  0
LINE
  5
7E3
330
70
100
AcDbEntity
  8
Visible
100
AcDbLine
 10
760.403068
 20
-157.782874
 30
0.0
 11
767.403068
 21
-157.782874
 31
0.0
  0
LINE
  5
7E4
330
70
100
AcDbEntity
  8
Visible
100
AcDbLine
 10
760.403068
 20
-163.782874
 30
0.0
 11
760.403068
 21
-157.782874
 31
0.0
  0
LINE
  5
7E5
330
70
100
AcDbEntity
  8
Visible
100
AcDbLine
 10
753.403068
 20
-163.782874
 30
0.0
 11
760.403068
 21
-163.782874
 31
0.0
  0
LINE
  5
7E6
330
70
100
AcDbEntity
  8
Visible
100
AcDbLine
 10
753.403068
 20
-157.782874
 30
0.0
 11
753.403068
 21
-163.782874
 31
0.0
  0
LINE
  5
7E7
330
70
100
AcDbEntity
  8
Visible
100
AcDbLine
 10
746.403068
 20
-157.782874
 30
0.0
 11
753.403068
 21
-157.782874
 31
0.0
  0
LINE
  5
7E8
330
70
100
AcDbEntity
  8
Visible
100
AcDbLine
 10
746.403068
 20
-163.782874
 30
0.0
 11
746.403068
 21
-157.782874
 31
0.0
  0
LINE
  5
7E9
330
70
100
AcDbEntity
  8
Visible
100
AcDbLine
 10
739.403068
 20
-163.782874
 30
0.0
 11
746.403068
 21
-163.782874
 31
0.0
  0
LINE
  5
7EA
330
70
100
AcDbEntity
  8
Visible
100
AcDbLine
 10
739.403068
 20
-157.782874
 30
0.0
 11
739.403068
 21
-163.782874
 31
0.0
  0
LINE
  5
7EB
330
70
100
AcDbEntity
  8
Visible
100
AcDbLine
 10
732.403068
 20
-157.782874
 30
0.0
 11
739.403068
 21
-157.782874
 31
0.0
  0
LINE
  5
7EC
330
70
100
AcDbEntity
  8
Visible
100
AcDbLine
 10
732.403068
 20
-124.782874
 30
0.0
 11
732.403068
 21
-157.782874
 31
0.0
  0
LINE
  5
7ED
330
70
100
AcDbEntity
  8
Visible
100
AcDbLine
 10
726.403068
 20
-124.782874
 30
0.0
 11
732.403068
 21
-124.782874
 31
0.0
  0
LINE
  5
7EE
330
70
100
AcDbEntity
  8
Visible
100
AcDbLine
 10
732.403068
 20
-91.782874
 30
0.0
 11
726.403068
 21
-91.782874
 31
0.0
  0
LINE
  5
7EF
330
70
100
AcDbEntity
  8
Visible
100
AcDbLine
 10
732.403068
 20
-58.782874
 30
0.0
 11
732.403068
 21
-91.782874
 31
0.0
  0
LINE
  5
7F0
330
70
100
AcDbEntity
  8
Visible
100
AcDbLine
 10
726.403068
 20
-58.782874
 30
0.0
 11
732.403068
 21
-58.782874
 31
0.0
  0
LINE
  5
7F1
330
70
100
AcDbEntity
  8
Visible
100
AcDbLine
 10
732.403068
 20
-25.782874
 30
0.0
 11
726.403068
 21
-25.782874
 31
0.0
  0
LINE
  5
7F2
330
70
100
AcDbEntity
  8
Visible
100
AcDbLine
 10
732.403068
 20
7.217126
 30
0.0
 11
732.403068
 21
-25.782874
 31
0.0
  0
LINE
  5
7F3
330
70
100
AcDbEntity
  8
Visible
100
AcDbLine
 10
739.403068
 20
7.217126
 30
0.0
 11
732.403068
 21
7.217126
 31
0.0
  0
LINE
  5
7F4
330
70
100
AcDbEntity
  8
Visible
100
AcDbLine
 10
617.735286
 20
635.090171
 30
0.0
 11
617.735286
 21
594.090171
 31
0.0
  0
LINE
  5
7F5
330
70
100
AcDbEntity
  8
Visible
100
AcDbLine
 10
497.735286
 20
635.090171
 30
0.0
 11
617.735286
 21
635.090171
 31
0.0
  0
LINE
  5
7F6
330
70
100
AcDbEntity
  8
Visible
100
AcDbLine
 10
497.735286
 20
594.090171
 30
0.0
 11
497.735286
 21
635.090171
 31
0.0
  0
LINE
  5
7F7
330
70
100
AcDbEntity
  8
Visible
100
AcDbLine
 10
617.735286
 20
594.090171
 30
0.0
 11
497.735286
 21
594.090171
 31
0.0
  0
LINE
  5
7F8
330
70
100
AcDbEntity
  8
Visible
100
AcDbLine
 10
469.235286
 20
649.590171
 30
0.0
 11
469.235286
 21
624.590171
 31
0.0
  0
LINE
  5
7F9
330
70
100
AcDbEntity
  8
Visible
100
AcDbLine
 10
504.235286
 20
649.590171
 30
0.0
 11
469.235286
 21
649.590171
 31
0.0
  0
LINE
  5
7FA
330
70
100
AcDbEntity
  8
Visible
100
AcDbLine
 10
504.235286
 20
643.590171
 30
0.0
 11
504.235286
 21
649.590171
 31
0.0
  0
LINE
  5
7FB
330
70
100
AcDbEntity
  8
Visible
100
AcDbLine
 10
539.235286
 20
643.590171
 30
0.0
 11
504.235286
 21
643.590171
 31
0.0
  0
LINE
  5
7FC
330
70
100
AcDbEntity
  8
Visible
100
AcDbLine
 10
539.235286
 20
649.590171
 30
0.0
 11
539.235286
 21
643.590171
 31
0.0
  0
LINE
  5
7FD
330
70
100
AcDbEntity
  8
Visible
100
AcDbLine
 10
576.235286
 20
649.590171
 30
0.0
 11
539.235286
 21
649.590171
 31
0.0
  0
LINE
  5
7FE
330
70
100
AcDbEntity
  8
Visible
100
AcDbLine
 10
576.235286
 20
643.590171
 30
0.0
 11
576.235286
 21
649.590171
 31
0.0
  0
LINE
  5
7FF
330
70
100
AcDbEntity
  8
Visible
100
AcDbLine
 10
611.235286
 20
643.590171
 30
0.0
 11
576.235286
 21
643.590171
 31
0.0
  0
LINE
  5
800
330
70
100
AcDbEntity
  8
Visible
100
AcDbLine
 10
611.235286
 20
649.590171
 30
0.0
 11
611.235286
 21
643.590171
 31
0.0
  0
LINE
  5
801
330
70
100
AcDbEntity
  8
Visible
100
AcDbLine
 10
646.235286
 20
649.590171
 30
0.0
 11
611.235286
 21
649.590171
 31
0.0
  0
LINE
  5
802
330
70
100
AcDbEntity
  8
Visible
100
AcDbLine
 10
646.235286
 20
624.590171
 30
0.0
 11
646.235286
 21
649.590171
 31
0.0
  0
LINE
  5
803
330
70
100
AcDbEntity
  8
Visible
100
AcDbLine
 10
640.235286
 20
624.590171
 30
0.0
 11
646.235286
 21
624.590171
 31
0.0
  0
LINE
  5
804
330
70
100
AcDbEntity
  8
Visible
100
AcDbLine
 10
640.235286
 20
604.590171
 30
0.0
 11
640.235286
 21
624.590171
 31
0.0
  0
LINE
  5
805
330
70
100
AcDbEntity
  8
Visible
100
AcDbLine
 10
646.235286
 20
604.590171
 30
0.0
 11
640.235286
 21
604.590171
 31
0.0
  0
LINE
  5
806
330
70
100
AcDbEntity
  8
Visible
100
AcDbLine
 10
646.235286
 20
579.590171
 30
0.0
 11
646.235286
 21
604.590171
 31
0.0
  0
LINE
  5
807
330
70
100
AcDbEntity
  8
Visible
100
AcDbLine
 10
611.235286
 20
579.590171
 30
0.0
 11
646.235286
 21
579.590171
 31
0.0
  0
LINE
  5
808
330
70
100
AcDbEntity
  8
Visible
100
AcDbLine
 10
611.235286
 20
585.590171
 30
0.0
 11
611.235286
 21
579.590171
 31
0.0
  0
LINE
  5
809
330
70
100
AcDbEntity
  8
Visible
100
AcDbLine
 10
576.235286
 20
585.590171
 30
0.0
 11
611.235286
 21
585.590171
 31
0.0
  0
LINE
  5
80A
330
70
100
AcDbEntity
  8
Visible
100
AcDbLine
 10
576.235286
 20
579.590171
 30
0.0
 11
576.235286
 21
585.590171
 31
0.0
  0
LINE
  5
80B
330
70
100
AcDbEntity
  8
Visible
100
AcDbLine
 10
539.235286
 20
579.590171
 30
0.0
 11
576.235286
 21
579.590171
 31
0.0
  0
LINE
  5
80C
330
70
100
AcDbEntity
  8
Visible
100
AcDbLine
 10
539.235286
 20
585.590171
 30
0.0
 11
539.235286
 21
579.590171
 31
0.0
  0
LINE
  5
80D
330
70
100
AcDbEntity
  8
Visible
100
AcDbLine
 10
504.235286
 20
585.590171
 30
0.0
 11
539.235286
 21
585.590171
 31
0.0
  0
LINE
  5
80E
330
70
100
AcDbEntity
  8
Visible
100
AcDbLine
 10
504.235286
 20
579.590171
 30
0.0
 11
504.235286
 21
585.590171
 31
0.0
  0
LINE
  5
80F
330
70
100
AcDbEntity
  8
Visible
100
AcDbLine
 10
469.235286
 20
579.590171
 30
0.0
 11
504.235286
 21
579.590171
 31
0.0
  0
LINE
  5
810
330
70
100
AcDbEntity
  8
Visible
100
AcDbLine
 10
469.235286
 20
604.590171
 30
0.0
 11
469.235286
 21
579.590171
 31
0.0
  0
LINE
  5
811
330
70
100
AcDbEntity
  8
Visible
100
AcDbLine
 10
475.235286
 20
604.590171
 30
0.0
 11
469.235286
 21
604.590171
 31
0.0
  0
LINE
  5
812
330
70
100
AcDbEntity
  8
Visible
100
AcDbLine
 10
475.235286
 20
624.590171
 30
0.0
 11
475.235286
 21
604.590171
 31
0.0
  0
LINE
  5
813
330
70
100
AcDbEntity
  8
Visible
100
AcDbLine
 10
469.235286
 20
624.590171
 30
0.0
 11
475.235286
 21
624.590171
 31
0.0
  0
LINE
  5
814
330
70
100
AcDbEntity
  8
Visible
100
AcDbLine
 10
519.861439
 20
107.18504
 30
0.0
 11
519.861439
 21
101.18504
 31
0.0
  0
LINE
  5
815
330
70
100
AcDbEntity
  8
Visible
100
AcDbLine
 10
499.861439
 20
107.18504
 30
0.0
 11
519.861439
 21
107.18504
 31
0.0
  0
LINE
  5
816
330
70
100
AcDbEntity
  8
Visible
100
AcDbLine
 10
499.861439
 20
101.18504
 30
0.0
 11
499.861439
 21
107.18504
 31
0.0
  0
LINE
  5
817
330
70
100
AcDbEntity
  8
Visible
100
AcDbLine
 10
494.861439
 20
101.18504
 30
0.0
 11
499.861439
 21
101.18504
 31
0.0
  0
LINE
  5
818
330
70
100
AcDbEntity
  8
Visible
100
AcDbLine
 10
494.861439
 20
90.68504
 30
0.0
 11
494.861439
 21
101.18504
 31
0.0
  0
LINE
  5
819
330
70
100
AcDbEntity
  8
Visible
100
AcDbLine
 10
496.861439
 20
90.68504
 30
0.0
 11
494.861439
 21
90.68504
 31
0.0
  0
LINE
  5
81A
330
70
100
AcDbEntity
  8
Visible
100
AcDbLine
 10
496.861439
 20
78.68504
 30
0.0
 11
496.861439
 21
90.68504
 31
0.0
  0
LINE
  5
81B
330
70
100
AcDbEntity
  8
Visible
100
AcDbLine
 10
494.861439
 20
78.68504
 30
0.0
 11
496.861439
 21
78.68504
 31
0.0
  0
LINE
  5
81C
330
70
100
AcDbEntity
  8
Visible
100
AcDbLine
 10
494.861439
 20
57.68504
 30
0.0
 11
494.861439
 21
78.68504
 31
0.0
  0
LINE
  5
81D
330
70
100
AcDbEntity
  8
Visible
100
AcDbLine
 10
496.861439
 20
57.68504
 30
0.0
 11
494.861439
 21
57.68504
 31
0.0
  0
LINE
  5
81E
330
70
100
AcDbEntity
  8
Visible
100
AcDbLine
 10
496.861439
 20
45.68504
 30
0.0
 11
496.861439
 21
57.68504
 31
0.0
  0
LINE
  5
81F
330
70
100
AcDbEntity
  8
Visible
100
AcDbLine
 10
494.861439
 20
45.68504
 30
0.0
 11
496.861439
 21
45.68504
 31
0.0
  0
LINE
  5
820
330
70
100
AcDbEntity
  8
Visible
100
AcDbLine
 10
494.861439
 20
24.68504
 30
0.0
 11
494.861439
 21
45.68504
 31
0.0
  0
LINE
  5
821
330
70
100
AcDbEntity
  8
Visible
100
AcDbLine
 10
496.861439
 20
24.68504
 30
0.0
 11
494.861439
 21
24.68504
 31
0.0
  0
LINE
  5
822
330
70
100
AcDbEntity
  8
Visible
100
AcDbLine
 10
496.861439
 20
12.68504
 30
0.0
 11
496.861439
 21
24.68504
 31
0.0
  0
LINE
  5
823
330
70
100
AcDbEntity
  8
Visible
100
AcDbLine
 10
494.861439
 20
12.68504
 30
0.0
 11
496.861439
 21
12.68504
 31
0.0
  0
LINE
  5
824
330
70
100
AcDbEntity
  8
Visible
100
AcDbLine
 10
494.861439
 20
-8.31496
 30
0.0
 11
494.861439
 21
12.68504
 31
0.0
  0
LINE
  5
825
330
70
100
AcDbEntity
  8
Visible
100
AcDbLine
 10
496.861439
 20
-8.31496
 30
0.0
 11
494.861439
 21
-8.31496
 31
0.0
  0
LINE
  5
826
330
70
100
AcDbEntity
  8
Visible
100
AcDbLine
 10
496.861439
 20
-20.31496
 30
0.0
 11
496.861439
 21
-8.31496
 31
0.0
  0
LINE
  5
827
330
70
100
AcDbEntity
  8
Visible
100
AcDbLine
 10
494.861439
 20
-20.31496
 30
0.0
 11
496.861439
 21
-20.31496
 31
0.0
  0
LINE
  5
828
330
70
100
AcDbEntity
  8
Visible
100
AcDbLine
 10
494.861439
 20
-41.31496
 30
0.0
 11
494.861439
 21
-20.31496
 31
0.0
  0
LINE
  5
829
330
70
100
AcDbEntity
  8
Visible
100
AcDbLine
 10
496.861439
 20
-41.31496
 30
0.0
 11
494.861439
 21
-41.31496
 31
0.0
  0
LINE
  5
82A
330
70
100
AcDbEntity
  8
Visible
100
AcDbLine
 10
496.861439
 20
-53.31496
 30
0.0
 11
496.861439
 21
-41.31496
 31
0.0
  0
LINE
  5
82B
330
70
100
AcDbEntity
  8
Visible
100
AcDbLine
 10
494.861439
 20
-53.31496
 30
0.0
 11
496.861439
 21
-53.31496
 31
0.0
  0
LINE
  5
82C
330
70
100
AcDbEntity
  8
Visible
100
AcDbLine
 10
494.861439
 20
-63.81496
 30
0.0
 11
494.861439
 21
-53.31496
 31
0.0
  0
LINE
  5
82D
330
70
100
AcDbEntity
  8
Visible
100
AcDbLine
 10
499.861439
 20
-63.81496
 30
0.0
 11
494.861439
 21
-63.81496
 31
0.0
  0
LINE
  5
82E
330
70
100
AcDbEntity
  8
Visible
100
AcDbLine
 10
499.861439
 20
-69.81496
 30
0.0
 11
499.861439
 21
-63.81496
 31
0.0
  0
LINE
  5
82F
330
70
100
AcDbEntity
  8
Visible
100
AcDbLine
 10
519.861439
 20
-69.81496
 30
0.0
 11
499.861439
 21
-69.81496
 31
0.0
  0
LINE
  5
830
330
70
100
AcDbEntity
  8
Visible
100
AcDbLine
 10
519.861439
 20
-63.81496
 30
0.0
 11
519.861439
 21
-69.81496
 31
0.0
  0
LINE
  5
831
330
70
100
AcDbEntity
  8
Visible
100
AcDbLine
 10
524.861439
 20
-63.81496
 30
0.0
 11
519.861439
 21
-63.81496
 31
0.0
  0
LINE
  5
832
330
70
100
AcDbEntity
  8
Visible
100
AcDbLine
 10
524.861439
 20
-32.31496
 30
0.0
 11
524.861439
 21
-63.81496
 31
0.0
  0
LINE
  5
833
330
70
100
AcDbEntity
  8
Visible
100
AcDbLine
 10
509.861439
 20
-32.31496
 30
0.0
 11
524.861439
 21
-32.31496
 31
0.0
  0
LINE
  5
834
330
70
100
AcDbEntity
  8
Visible
100
AcDbLine
 10
509.861439
 20
-29.31496
 30
0.0
 11
509.861439
 21
-32.31496
 31
0.0
  0
LINE
  5
835
330
70
100
AcDbEntity
  8
Visible
100
AcDbLine
 10
524.861439
 20
-29.31496
 30
0.0
 11
509.861439
 21
-29.31496
 31
0.0
  0
LINE
  5
836
330
70
100
AcDbEntity
  8
Visible
100
AcDbLine
 10
524.861439
 20
0.68504
 30
0.0
 11
524.861439
 21
-29.31496
 31
0.0
  0
LINE
  5
837
330
70
100
AcDbEntity
  8
Visible
100
AcDbLine
 10
509.861439
 20
0.68504
 30
0.0
 11
524.861439
 21
0.68504
 31
0.0
  0
LINE
  5
838
330
70
100
AcDbEntity
  8
Visible
100
AcDbLine
 10
509.861439
 20
3.68504
 30
0.0
 11
509.861439
 21
0.68504
 31
0.0
  0
LINE
  5
839
330
70
100
AcDbEntity
  8
Visible
100
AcDbLine
 10
524.861439
 20
3.68504
 30
0.0
 11
509.861439
 21
3.68504
 31
0.0
  0
LINE
  5
83A
330
70
100
AcDbEntity
  8
Visible
100
AcDbLine
 10
524.861439
 20
33.68504
 30
0.0
 11
524.861439
 21
3.68504
 31
0.0
  0
LINE
  5
83B
330
70
100
AcDbEntity
  8
Visible
100
AcDbLine
 10
509.861439
 20
33.68504
 30
0.0
 11
524.861439
 21
33.68504
 31
0.0
  0
LINE
  5
83C
330
70
100
AcDbEntity
  8
Visible
100
AcDbLine
 10
509.861439
 20
36.68504
 30
0.0
 11
509.861439
 21
33.68504
 31
0.0
  0
LINE
  5
83D
330
70
100
AcDbEntity
  8
Visible
100
AcDbLine
 10
524.861439
 20
36.68504
 30
0.0
 11
509.861439
 21
36.68504
 31
0.0
  0
LINE
  5
83E
330
70
100
AcDbEntity
  8
Visible
100
AcDbLine
 10
524.861439
 20
66.68504
 30
0.0
 11
524.861439
 21
36.68504
 31
0.0
  0
LINE
  5
83F
330
70
100
AcDbEntity
  8
Visible
100
AcDbLine
 10
509.861439
 20
66.68504
 30
0.0
 11
524.861439
 21
66.68504
 31
0.0
  0
LINE
  5
840
330
70
100
AcDbEntity
  8
Visible
100
AcDbLine
 10
509.861439
 20
69.68504
 30
0.0
 11
509.861439
 21
66.68504
 31
0.0
  0
LINE
  5
841
330
70
100
AcDbEntity
  8
Visible
100
AcDbLine
 10
524.861439
 20
69.68504
 30
0.0
 11
509.861439
 21
69.68504
 31
0.0
  0
LINE
  5
842
330
70
100
AcDbEntity
  8
Visible
100
AcDbLine
 10
524.861439
 20
101.18504
 30
0.0
 11
524.861439
 21
69.68504
 31
0.0
  0
LINE
  5
843
330
70
100
AcDbEntity
  8
Visible
100
AcDbLine
 10
519.861439
 20
101.18504
 30
0.0
 11
524.861439
 21
101.18504
 31
0.0
  0
LINE
  5
844
330
70
100
AcDbEntity
  8
Visible
100
AcDbLine
 10
578.407489
 20
113.546703
 30
0.0
 11
578.407489
 21
107.546703
 31
0.0
  0
LINE
  5
845
330
70
100
AcDbEntity
  8
Visible
100
AcDbLine
 10
558.407489
 20
113.546703
 30
0.0
 11
578.407489
 21
113.546703
 31
0.0
  0
LINE
  5
846
330
70
100
AcDbEntity
  8
Visible
100
AcDbLine
 10
558.407489
 20
107.546703
 30
0.0
 11
558.407489
 21
113.546703
 31
0.0
  0
LINE
  5
847
330
70
100
AcDbEntity
  8
Visible
100
AcDbLine
 10
553.407489
 20
107.546703
 30
0.0
 11
558.407489
 21
107.546703
 31
0.0
  0
LINE
  5
848
330
70
100
AcDbEntity
  8
Visible
100
AcDbLine
 10
553.407489
 20
-57.453297
 30
0.0
 11
553.407489
 21
107.546703
 31
0.0
  0
LINE
  5
849
330
70
100
AcDbEntity
  8
Visible
100
AcDbLine
 10
558.407489
 20
-57.453297
 30
0.0
 11
553.407489
 21
-57.453297
 31
0.0
  0
LINE
  5
84A
330
70
100
AcDbEntity
  8
Visible
100
AcDbLine
 10
558.407489
 20
-63.453297
 30
0.0
 11
558.407489
 21
-57.453297
 31
0.0
  0
LINE
  5
84B
330
70
100
AcDbEntity
  8
Visible
100
AcDbLine
 10
578.407489
 20
-63.453297
 30
0.0
 11
558.407489
 21
-63.453297
 31
0.0
  0
LINE
  5
84C
330
70
100
AcDbEntity
  8
Visible
100
AcDbLine
 10
578.407489
 20
-57.453297
 30
0.0
 11
578.407489
 21
-63.453297
 31
0.0
  0
LINE
  5
84D
330
70
100
AcDbEntity
  8
Visible
100
AcDbLine
 10
583.407489
 20
-57.453297
 30
0.0
 11
578.407489
 21
-57.453297
 31
0.0
  0
LINE
  5
84E
330
70
100
AcDbEntity
  8
Visible
100
AcDbLine
 10
583.407489
 20
-25.953297
 30
0.0
 11
583.407489
 21
-57.453297
 31
0.0
  0
LINE
  5
84F
330
70
100
AcDbEntity
  8
Visible
100
AcDbLine
 10
568.407489
 20
-25.953297
 30
0.0
 11
583.407489
 21
-25.953297
 31
0.0
  0
LINE
  5
850
330
70
100
AcDbEntity
  8
Visible
100
AcDbLine
 10
568.407489
 20
-22.953297
 30
0.0
 11
568.407489
 21
-25.953297
 31
0.0
  0
LINE
  5
851
330
70
100
AcDbEntity
  8
Visible
100
AcDbLine
 10
583.407489
 20
-22.953297
 30
0.0
 11
568.407489
 21
-22.953297
 31
0.0
  0
LINE
  5
852
330
70
100
AcDbEntity
  8
Visible
100
AcDbLine
 10
583.407489
 20
7.046703
 30
0.0
 11
583.407489
 21
-22.953297
 31
0.0
  0
LINE
  5
853
330
70
100
AcDbEntity
  8
Visible
100
AcDbLine
 10
568.407489
 20
7.046703
 30
0.0
 11
583.407489
 21
7.046703
 31
0.0
  0
LINE
  5
854
330
70
100
AcDbEntity
  8
Visible
100
AcDbLine
 10
568.407489
 20
10.046703
 30
0.0
 11
568.407489
 21
7.046703
 31
0.0
  0
LINE
  5
855
330
70
100
AcDbEntity
  8
Visible
100
AcDbLine
 10
583.407489
 20
10.046703
 30
0.0
 11
568.407489
 21
10.046703
 31
0.0
  0
LINE
  5
856
330
70
100
AcDbEntity
  8
Visible
100
AcDbLine
 10
583.407489
 20
40.046703
 30
0.0
 11
583.407489
 21
10.046703
 31
0.0
  0
LINE
  5
857
330
70
100
AcDbEntity
  8
Visible
100
AcDbLine
 10
568.407489
 20
40.046703
 30
0.0
 11
583.407489
 21
40.046703
 31
0.0
  0
LINE
  5
858
330
70
100
AcDbEntity
  8
Visible
100
AcDbLine
 10
568.407489
 20
43.046703
 30
0.0
 11
568.407489
 21
40.046703
 31
0.0
  0
LINE
  5
859
330
70
100
AcDbEntity
  8
Visible
100
AcDbLine
 10
583.407489
 20
43.046703
 30
0.0
 11
568.407489
 21
43.046703
 31
0.0
  0
LINE
  5
85A
330
70
100
AcDbEntity
  8
Visible
100
AcDbLine
 10
583.407489
 20
73.046703
 30
0.0
 11
583.407489
 21
43.046703
 31
0.0
  0
LINE
  5
85B
330
70
100
AcDbEntity
  8
Visible
100
AcDbLine
 10
568.407489
 20
73.046703
 30
0.0
 11
583.407489
 21
73.046703
 31
0.0
  0
LINE
  5
85C
330
70
100
AcDbEntity
  8
Visible
100
AcDbLine
 10
568.407489
 20
76.046703
 30
0.0
 11
568.407489
 21
73.046703
 31
0.0
  0
LINE
  5
85D
330
70
100
AcDbEntity
  8
Visible
100
AcDbLine
 10
583.407489
 20
76.046703
 30
0.0
 11
568.407489
 21
76.046703
 31
0.0
  0
LINE
  5
85E
330
70
100
AcDbEntity
  8
Visible
100
AcDbLine
 10
583.407489
 20
107.546703
 30
0.0
 11
583.407489
 21
76.046703
 31
0.0
  0
LINE
  5
85F
330
70
100
AcDbEntity
  8
Visible
100
AcDbLine
 10
578.407489
 20
107.546703
 30
0.0
 11
583.407489
 21
107.546703
 31
0.0
  0
LINE
  5
860
330
70
100
AcDbEntity
  8
Visible
100
AcDbLine
 10
569.477216
 20
-99.603104
 30
0.0
 11
569.477216
 21
-105.603104
 31
0.0
  0
LINE
  5
861
330
70
100
AcDbEntity
  8
Visible
100
AcDbLine
 10
549.477216
 20
-99.603104
 30
0.0
 11
569.477216
 21
-99.603104
 31
0.0
  0
LINE
  5
862
330
70
100
AcDbEntity
  8
Visible
100
AcDbLine
 10
549.477216
 20
-105.603104
 30
0.0
 11
549.477216
 21
-99.603104
 31
0.0
  0
LINE
  5
863
330
70
100
AcDbEntity
  8
Visible
100
AcDbLine
 10
544.477216
 20
-105.603104
 30
0.0
 11
549.477216
 21
-105.603104
 31
0.0
  0
LINE
  5
864
330
70
100
AcDbEntity
  8
Visible
100
AcDbLine
 10
544.477216
 20
-270.603104
 30
0.0
 11
544.477216
 21
-105.603104
 31
0.0
  0
LINE
  5
865
330
70
100
AcDbEntity
  8
Visible
100
AcDbLine
 10
549.477216
 20
-270.603104
 30
0.0
 11
544.477216
 21
-270.603104
 31
0.0
  0
LINE
  5
866
330
70
100
AcDbEntity
  8
Visible
100
AcDbLine
 10
549.477216
 20
-276.603104
 30
0.0
 11
549.477216
 21
-270.603104
 31
0.0
  0
LINE
  5
867
330
70
100
AcDbEntity
  8
Visible
100
AcDbLine
 10
569.477216
 20
-276.603104
 30
0.0
 11
549.477216
 21
-276.603104
 31
0.0
  0
LINE
  5
868
330
70
100
AcDbEntity
  8
Visible
100
AcDbLine
 10
569.477216
 20
-270.603104
 30
0.0
 11
569.477216
 21
-276.603104
 31
0.0
  0
LINE
  5
869
330
70
100
AcDbEntity
  8
Visible
100
AcDbLine
 10
574.477216
 20
-270.603104
 30
0.0
 11
569.477216
 21
-270.603104
 31
0.0
  0
LINE
  5
86A
330
70
100
AcDbEntity
  8
Visible
100
AcDbLine
 10
574.477216
 20
-239.103104
 30
0.0
 11
574.477216
 21
-270.603104
 31
0.0
  0
LINE
  5
86B
330
70
100
AcDbEntity
  8
Visible
100
AcDbLine
 10
559.477216
 20
-239.103104
 30
0.0
 11
574.477216
 21
-239.103104
 31
0.0
  0
LINE
  5
86C
330
70
100
AcDbEntity
  8
Visible
100
AcDbLine
 10
559.477216
 20
-236.103104
 30
0.0
 11
559.477216
 21
-239.103104
 31
0.0
  0
LINE
  5
86D
330
70
100
AcDbEntity
  8
Visible
100
AcDbLine
 10
574.477216
 20
-236.103104
 30
0.0
 11
559.477216
 21
-236.103104
 31
0.0
  0
LINE
  5
86E
330
70
100
AcDbEntity
  8
Visible
100
AcDbLine
 10
574.477216
 20
-206.103104
 30
0.0
 11
574.477216
 21
-236.103104
 31
0.0
  0
LINE
  5
86F
330
70
100
AcDbEntity
  8
Visible
100
AcDbLine
 10
559.477216
 20
-206.103104
 30
0.0
 11
574.477216
 21
-206.103104
 31
0.0
  0
LINE
  5
870
330
70
100
AcDbEntity
  8
Visible
100
AcDbLine
 10
559.477216
 20
-203.103104
 30
0.0
 11
559.477216
 21
-206.103104
 31
0.0
  0
LINE
  5
871
330
70
100
AcDbEntity
  8
Visible
100
AcDbLine
 10
574.477216
 20
-203.103104
 30
0.0
 11
559.477216
 21
-203.103104
 31
0.0
  0
LINE
  5
872
330
70
100
AcDbEntity
  8
Visible
100
AcDbLine
 10
574.477216
 20
-173.103104
 30
0.0
 11
574.477216
 21
-203.103104
 31
0.0
  0
LINE
  5
873
330
70
100
AcDbEntity
  8
Visible
100
AcDbLine
 10
559.477216
 20
-173.103104
 30
0.0
 11
574.477216
 21
-173.103104
 31
0.0
  0
LINE
  5
874
330
70
100
AcDbEntity
  8
Visible
100
AcDbLine
 10
559.477216
 20
-170.103104
 30
0.0
 11
559.477216
 21
-173.103104
 31
0.0
  0
LINE
  5
875
330
70
100
AcDbEntity
  8
Visible
100
AcDbLine
 10
574.477216
 20
-170.103104
 30
0.0
 11
559.477216
 21
-170.103104
 31
0.0
  0
LINE
  5
876
330
70
100
AcDbEntity
  8
Visible
100
AcDbLine
 10
574.477216
 20
-140.103104
 30
0.0
 11
574.477216
 21
-170.103104
 31
0.0
  0
LINE
  5
877
330
70
100
AcDbEntity
  8
Visible
100
AcDbLine
 10
559.477216
 20
-140.103104
 30
0.0
 11
574.477216
 21
-140.103104
 31
0.0
  0
LINE
  5
878
330
70
100
AcDbEntity
  8
Visible
100
AcDbLine
 10
559.477216
 20
-137.103104
 30
0.0
 11
559.477216
 21
-140.103104
 31
0.0
  0
LINE
  5
879
330
70
100
AcDbEntity
  8
Visible
100
AcDbLine
 10
574.477216
 20
-137.103104
 30
0.0
 11
559.477216
 21
-137.103104
 31
0.0
  0
LINE
  5
87A
330
70
100
AcDbEntity
  8
Visible
100
AcDbLine
 10
574.477216
 20
-105.603104
 30
0.0
 11
574.477216
 21
-137.103104
 31
0.0
  0
LINE
  5
87B
330
70
100
AcDbEntity
  8
Visible
100
AcDbLine
 10
569.477216
 20
-105.603104
 30
0.0
 11
574.477216
 21
-105.603104
 31
0.0
  0
LINE
  5
87C
330
70
100
AcDbEntity
  8
Visible
100
AcDbLine
 10
638.067267
 20
112.867872
 30
0.0
 11
638.067267
 21
106.867872
 31
0.0
  0
LINE
  5
87D
330
70
100
AcDbEntity
  8
Visible
100
AcDbLine
 10
618.067267
 20
112.867872
 30
0.0
 11
638.067267
 21
112.867872
 31
0.0
  0
LINE
  5
87E
330
70
100
AcDbEntity
  8
Visible
100
AcDbLine
 10
618.067267
 20
106.867872
 30
0.0
 11
618.067267
 21
112.867872
 31
0.0
  0
LINE
  5
87F
330
70
100
AcDbEntity
  8
Visible
100
AcDbLine
 10
613.067267
 20
106.867872
 30
0.0
 11
618.067267
 21
106.867872
 31
0.0
  0
LINE
  5
880
330
70
100
AcDbEntity
  8
Visible
100
AcDbLine
 10
613.067267
 20
96.367872
 30
0.0
 11
613.067267
 21
106.867872
 31
0.0
  0
LINE
  5
881
330
70
100
AcDbEntity
  8
Visible
100
AcDbLine
 10
615.067267
 20
96.367872
 30
0.0
 11
613.067267
 21
96.367872
 31
0.0
  0
LINE
  5
882
330
70
100
AcDbEntity
  8
Visible
100
AcDbLine
 10
615.067267
 20
84.367872
 30
0.0
 11
615.067267
 21
96.367872
 31
0.0
  0
LINE
  5
883
330
70
100
AcDbEntity
  8
Visible
100
AcDbLine
 10
613.067267
 20
84.367872
 30
0.0
 11
615.067267
 21
84.367872
 31
0.0
  0
LINE
  5
884
330
70
100
AcDbEntity
  8
Visible
100
AcDbLine
 10
613.067267
 20
63.367872
 30
0.0
 11
613.067267
 21
84.367872
 31
0.0
  0
LINE
  5
885
330
70
100
AcDbEntity
  8
Visible
100
AcDbLine
 10
615.067267
 20
63.367872
 30
0.0
 11
613.067267
 21
63.367872
 31
0.0
  0
LINE
  5
886
330
70
100
AcDbEntity
  8
Visible
100
AcDbLine
 10
615.067267
 20
51.367872
 30
0.0
 11
615.067267
 21
63.367872
 31
0.0
  0
LINE
  5
887
330
70
100
AcDbEntity
  8
Visible
100
AcDbLine
 10
613.067267
 20
51.367872
 30
0.0
 11
615.067267
 21
51.367872
 31
0.0
  0
LINE
  5
888
330
70
100
AcDbEntity
  8
Visible
100
AcDbLine
 10
613.067267
 20
30.367872
 30
0.0
 11
613.067267
 21
51.367872
 31
0.0
  0
LINE
  5
889
330
70
100
AcDbEntity
  8
Visible
100
AcDbLine
 10
615.067267
 20
30.367872
 30
0.0
 11
613.067267
 21
30.367872
 31
0.0
  0
LINE
  5
88A
330
70
100
AcDbEntity
  8
Visible
100
AcDbLine
 10
615.067267
 20
18.367872
 30
0.0
 11
615.067267
 21
30.367872
 31
0.0
  0
LINE
  5
88B
330
70
100
AcDbEntity
  8
Visible
100
AcDbLine
 10
613.067267
 20
18.367872
 30
0.0
 11
615.067267
 21
18.367872
 31
0.0
  0
LINE
  5
88C
330
70
100
AcDbEntity
  8
Visible
100
AcDbLine
 10
613.067267
 20
-2.632128
 30
0.0
 11
613.067267
 21
18.367872
 31
0.0
  0
LINE
  5
88D
330
70
100
AcDbEntity
  8
Visible
100
AcDbLine
 10
615.067267
 20
-2.632128
 30
0.0
 11
613.067267
 21
-2.632128
 31
0.0
  0
LINE
  5
88E
330
70
100
AcDbEntity
  8
Visible
100
AcDbLine
 10
615.067267
 20
-14.632128
 30
0.0
 11
615.067267
 21
-2.632128
 31
0.0
  0
LINE
  5
88F
330
70
100
AcDbEntity
  8
Visible
100
AcDbLine
 10
613.067267
 20
-14.632128
 30
0.0
 11
615.067267
 21
-14.632128
 31
0.0
  0
LINE
  5
890
330
70
100
AcDbEntity
  8
Visible
100
AcDbLine
 10
613.067267
 20
-35.632128
 30
0.0
 11
613.067267
 21
-14.632128
 31
0.0
  0
LINE
  5
891
330
70
100
AcDbEntity
  8
Visible
100
AcDbLine
 10
615.067267
 20
-35.632128
 30
0.0
 11
613.067267
 21
-35.632128
 31
0.0
  0
LINE
  5
892
330
70
100
AcDbEntity
  8
Visible
100
AcDbLine
 10
615.067267
 20
-47.632128
 30
0.0
 11
615.067267
 21
-35.632128
 31
0.0
  0
LINE
  5
893
330
70
100
AcDbEntity
  8
Visible
100
AcDbLine
 10
613.067267
 20
-47.632128
 30
0.0
 11
615.067267
 21
-47.632128
 31
0.0
  0
LINE
  5
894
330
70
100
AcDbEntity
  8
Visible
100
AcDbLine
 10
613.067267
 20
-58.132128
 30
0.0
 11
613.067267
 21
-47.632128
 31
0.0
  0
LINE
  5
895
330
70
100
AcDbEntity
  8
Visible
100
AcDbLine
 10
618.067267
 20
-58.132128
 30
0.0
 11
613.067267
 21
-58.132128
 31
0.0
  0
LINE
  5
896
330
70
100
AcDbEntity
  8
Visible
100
AcDbLine
 10
618.067267
 20
-64.132128
 30
0.0
 11
618.067267
 21
-58.132128
 31
0.0
  0
LINE
  5
897
330
70
100
AcDbEntity
  8
Visible
100
AcDbLine
 10
638.067267
 20
-64.132128
 30
0.0
 11
618.067267
 21
-64.132128
 31
0.0
  0
LINE
  5
898
330
70
100
AcDbEntity
  8
Visible
100
AcDbLine
 10
638.067267
 20
-58.132128
 30
0.0
 11
638.067267
 21
-64.132128
 31
0.0
  0
LINE
  5
899
330
70
100
AcDbEntity
  8
Visible
100
AcDbLine
 10
643.067267
 20
-58.132128
 30
0.0
 11
638.067267
 21
-58.132128
 31
0.0
  0
LINE
  5
89A
330
70
100
AcDbEntity
  8
Visible
100
AcDbLine
 10
643.067267
 20
-26.632128
 30
0.0
 11
643.067267
 21
-58.132128
 31
0.0
  0
LINE
  5
89B
330
70
100
AcDbEntity
  8
Visible
100
AcDbLine
 10
628.067267
 20
-26.632128
 30
0.0
 11
643.067267
 21
-26.632128
 31
0.0
  0
LINE
  5
89C
330
70
100
AcDbEntity
  8
Visible
100
AcDbLine
 10
628.067267
 20
-23.632128
 30
0.0
 11
628.067267
 21
-26.632128
 31
0.0
  0
LINE
  5
89D
330
70
100
AcDbEntity
  8
Visible
100
AcDbLine
 10
643.067267
 20
-23.632128
 30
0.0
 11
628.067267
 21
-23.632128
 31
0.0
  0
LINE
  5
89E
330
70
100
AcDbEntity
  8
Visible
100
AcDbLine
 10
643.067267
 20
6.367872
 30
0.0
 11
643.067267
 21
-23.632128
 31
0.0
  0
LINE
  5
89F
330
70
100
AcDbEntity
  8
Visible
100
AcDbLine
 10
628.067267
 20
6.367872
 30
0.0
 11
643.067267
 21
6.367872
 31
0.0
  0
LINE
  5
8A0
330
70
100
AcDbEntity
  8
Visible
100
AcDbLine
 10
628.067267
 20
9.367872
 30
0.0
 11
628.067267
 21
6.367872
 31
0.0
  0
LINE
  5
8A1
330
70
100
AcDbEntity
  8
Visible
100
AcDbLine
 10
643.067267
 20
9.367872
 30
0.0
 11
628.067267
 21
9.367872
 31
0.0
  0
LINE
  5
8A2
330
70
100
AcDbEntity
  8
Visible
100
AcDbLine
 10
643.067267
 20
39.367872
 30
0.0
 11
643.067267
 21
9.367872
 31
0.0
  0
LINE
  5
8A3
330
70
100
AcDbEntity
  8
Visible
100
AcDbLine
 10
628.067267
 20
39.367872
 30
0.0
 11
643.067267
 21
39.367872
 31
0.0
  0
LINE
  5
8A4
330
70
100
AcDbEntity
  8
Visible
100
AcDbLine
 10
628.067267
 20
42.367872
 30
0.0
 11
628.067267
 21
39.367872
 31
0.0
  0
LINE
  5
8A5
330
70
100
AcDbEntity
  8
Visible
100
AcDbLine
 10
643.067267
 20
42.367872
 30
0.0
 11
628.067267
 21
42.367872
 31
0.0
  0
LINE
  5
8A6
330
70
100
AcDbEntity
  8
Visible
100
AcDbLine
 10
643.067267
 20
72.367872
 30
0.0
 11
643.067267
 21
42.367872
 31
0.0
  0
LINE
  5
8A7
330
70
100
AcDbEntity
  8
Visible
100
AcDbLine
 10
628.067267
 20
72.367872
 30
0.0
 11
643.067267
 21
72.367872
 31
0.0
  0
LINE
  5
8A8
330
70
100
AcDbEntity
  8
Visible
100
AcDbLine
 10
628.067267
 20
75.367872
 30
0.0
 11
628.067267
 21
72.367872
 31
0.0
  0
LINE
  5
8A9
330
70
100
AcDbEntity
  8
Visible
100
AcDbLine
 10
643.067267
 20
75.367872
 30
0.0
 11
628.067267
 21
75.367872
 31
0.0
  0
LINE
  5
8AA
330
70
100
AcDbEntity
  8
Visible
100
AcDbLine
 10
643.067267
 20
106.867872
 30
0.0
 11
643.067267
 21
75.367872
 31
0.0
  0
LINE
  5
8AB
330
70
100
AcDbEntity
  8
Visible
100
AcDbLine
 10
638.067267
 20
106.867872
 30
0.0
 11
643.067267
 21
106.867872
 31
0.0
  0
LINE
  5
8AC
330
70
100
AcDbEntity
  8
Visible
100
AcDbLine
 10
632.643754
 20
-90.852633
 30
0.0
 11
632.643754
 21
-96.852633
 31
0.0
  0
LINE
  5
8AD
330
70
100
AcDbEntity
  8
Visible
100
AcDbLine
 10
612.643754
 20
-90.852633
 30
0.0
 11
632.643754
 21
-90.852633
 31
0.0
  0
LINE
  5
8AE
330
70
100
AcDbEntity
  8
Visible
100
AcDbLine
 10
612.643754
 20
-96.852633
 30
0.0
 11
612.643754
 21
-90.852633
 31
0.0
  0
LINE
  5
8AF
330
70
100
AcDbEntity
  8
Visible
100
AcDbLine
 10
607.643754
 20
-96.852633
 30
0.0
 11
612.643754
 21
-96.852633
 31
0.0
  0
LINE
  5
8B0
330
70
100
AcDbEntity
  8
Visible
100
AcDbLine
 10
607.643754
 20
-107.352633
 30
0.0
 11
607.643754
 21
-96.852633
 31
0.0
  0
LINE
  5
8B1
330
70
100
AcDbEntity
  8
Visible
100
AcDbLine
 10
609.643754
 20
-107.352633
 30
0.0
 11
607.643754
 21
-107.352633
 31
0.0
  0
LINE
  5
8B2
330
70
100
AcDbEntity
  8
Visible
100
AcDbLine
 10
609.643754
 20
-119.352633
 30
0.0
 11
609.643754
 21
-107.352633
 31
0.0
  0
LINE
  5
8B3
330
70
100
AcDbEntity
  8
Visible
100
AcDbLine
 10
607.643754
 20
-119.352633
 30
0.0
 11
609.643754
 21
-119.352633
 31
0.0
  0
LINE
  5
8B4
330
70
100
AcDbEntity
  8
Visible
100
AcDbLine
 10
607.643754
 20
-140.352633
 30
0.0
 11
607.643754
 21
-119.352633
 31
0.0
  0
LINE
  5
8B5
330
70
100
AcDbEntity
  8
Visible
100
AcDbLine
 10
609.643754
 20
-140.352633
 30
0.0
 11
607.643754
 21
-140.352633
 31
0.0
  0
LINE
  5
8B6
330
70
100
AcDbEntity
  8
Visible
100
AcDbLine
 10
609.643754
 20
-152.352633
 30
0.0
 11
609.643754
 21
-140.352633
 31
0.0
  0
LINE
  5
8B7
330
70
100
AcDbEntity
  8
Visible
100
AcDbLine
 10
607.643754
 20
-152.352633
 30
0.0
 11
609.643754
 21
-152.352633
 31
0.0
  0
LINE
  5
8B8
330
70
100
AcDbEntity
  8
Visible
100
AcDbLine
 10
607.643754
 20
-173.352633
 30
0.0
 11
607.643754
 21
-152.352633
 31
0.0
  0
LINE
  5
8B9
330
70
100
AcDbEntity
  8
Visible
100
AcDbLine
 10
609.643754
 20
-173.352633
 30
0.0
 11
607.643754
 21
-173.352633
 31
0.0
  0
LINE
  5
8BA
330
70
100
AcDbEntity
  8
Visible
100
AcDbLine
 10
609.643754
 20
-185.352633
 30
0.0
 11
609.643754
 21
-173.352633
 31
0.0
  0
LINE
  5
8BB
330
70
100
AcDbEntity
  8
Visible
100
AcDbLine
 10
607.643754
 20
-185.352633
 30
0.0
 11
609.643754
 21
-185.352633
 31
0.0
  0
LINE
  5
8BC
330
70
100
AcDbEntity
  8
Visible
100
AcDbLine
 10
607.643754
 20
-206.352633
 30
0.0
 11
607.643754
 21
-185.352633
 31
0.0
  0
LINE
  5
8BD
330
70
100
AcDbEntity
  8
Visible
100
AcDbLine
 10
609.643754
 20
-206.352633
 30
0.0
 11
607.643754
 21
-206.352633
 31
0.0
  0
LINE
  5
8BE
330
70
100
AcDbEntity
  8
Visible
100
AcDbLine
 10
609.643754
 20
-218.352633
 30
0.0
 11
609.643754
 21
-206.352633
 31
0.0
  0
LINE
  5
8BF
330
70
100
AcDbEntity
  8
Visible
100
AcDbLine
 10
607.643754
 20
-218.352633
 30
0.0
 11
609.643754
 21
-218.352633
 31
0.0
  0
LINE
  5
8C0
330
70
100
AcDbEntity
  8
Visible
100
AcDbLine
 10
607.643754
 20
-239.352633
 30
0.0
 11
607.643754
 21
-218.352633
 31
0.0
  0
LINE
  5
8C1
330
70
100
AcDbEntity
  8
Visible
100
AcDbLine
 10
609.643754
 20
-239.352633
 30
0.0
 11
607.643754
 21
-239.352633
 31
0.0
  0
LINE
  5
8C2
330
70
100
AcDbEntity
  8
Visible
100
AcDbLine
 10
609.643754
 20
-251.352633
 30
0.0
 11
609.643754
 21
-239.352633
 31
0.0
  0
LINE
  5
8C3
330
70
100
AcDbEntity
  8
Visible
100
AcDbLine
 10
607.643754
 20
-251.352633
 30
0.0
 11
609.643754
 21
-251.352633
 31
0.0
  0
LINE
  5
8C4
330
70
100
AcDbEntity
  8
Visible
100
AcDbLine
 10
607.643754
 20
-261.852633
 30
0.0
 11
607.643754
 21
-251.352633
 31
0.0
  0
LINE
  5
8C5
330
70
100
AcDbEntity
  8
Visible
100
AcDbLine
 10
612.643754
 20
-261.852633
 30
0.0
 11
607.643754
 21
-261.852633
 31
0.0
  0
LINE
  5
8C6
330
70
100
AcDbEntity
  8
Visible
100
AcDbLine
 10
612.643754
 20
-267.852633
 30
0.0
 11
612.643754
 21
-261.852633
 31
0.0
  0
LINE
  5
8C7
330
70
100
AcDbEntity
  8
Visible
100
AcDbLine
 10
632.643754
 20
-267.852633
 30
0.0
 11
612.643754
 21
-267.852633
 31
0.0
  0
LINE
  5
8C8
330
70
100
AcDbEntity
  8
Visible
100
AcDbLine
 10
632.643754
 20
-261.852633
 30
0.0
 11
632.643754
 21
-267.852633
 31
0.0
  0
LINE
  5
8C9
330
70
100
AcDbEntity
  8
Visible
100
AcDbLine
 10
637.643754
 20
-261.852633
 30
0.0
 11
632.643754
 21
-261.852633
 31
0.0
  0
LINE
  5
8CA
330
70
100
AcDbEntity
  8
Visible
100
AcDbLine
 10
637.643754
 20
-230.352633
 30
0.0
 11
637.643754
 21
-261.852633
 31
0.0
  0
LINE
  5
8CB
330
70
100
AcDbEntity
  8
Visible
100
AcDbLine
 10
622.643754
 20
-230.352633
 30
0.0
 11
637.643754
 21
-230.352633
 31
0.0
  0
LINE
  5
8CC
330
70
100
AcDbEntity
  8
Visible
100
AcDbLine
 10
622.643754
 20
-227.352633
 30
0.0
 11
622.643754
 21
-230.352633
 31
0.0
  0
LINE
  5
8CD
330
70
100
AcDbEntity
  8
Visible
100
AcDbLine
 10
637.643754
 20
-227.352633
 30
0.0
 11
622.643754
 21
-227.352633
 31
0.0
  0
LINE
  5
8CE
330
70
100
AcDbEntity
  8
Visible
100
AcDbLine
 10
637.643754
 20
-197.352633
 30
0.0
 11
637.643754
 21
-227.352633
 31
0.0
  0
LINE
  5
8CF
330
70
100
AcDbEntity
  8
Visible
100
AcDbLine
 10
622.643754
 20
-197.352633
 30
0.0
 11
637.643754
 21
-197.352633
 31
0.0
  0
LINE
  5
8D0
330
70
100
AcDbEntity
  8
Visible
100
AcDbLine
 10
622.643754
 20
-194.352633
 30
0.0
 11
622.643754
 21
-197.352633
 31
0.0
  0
LINE
  5
8D1
330
70
100
AcDbEntity
  8
Visible
100
AcDbLine
 10
637.643754
 20
-194.352633
 30
0.0
 11
622.643754
 21
-194.352633
 31
0.0
  0
LINE
  5
8D2
330
70
100
AcDbEntity
  8
Visible
100
AcDbLine
 10
637.643754
 20
-164.352633
 30
0.0
 11
637.643754
 21
-194.352633
 31
0.0
  0
LINE
  5
8D3
330
70
100
AcDbEntity
  8
Visible
100
AcDbLine
 10
622.643754
 20
-164.352633
 30
0.0
 11
637.643754
 21
-164.352633
 31
0.0
  0
LINE
  5
8D4
330
70
100
AcDbEntity
  8
Visible
100
AcDbLine
 10
622.643754
 20
-161.352633
 30
0.0
 11
622.643754
 21
-164.352633
 31
0.0
  0
LINE
  5
8D5
330
70
100
AcDbEntity
  8
Visible
100
AcDbLine
 10
637.643754
 20
-161.352633
 30
0.0
 11
622.643754
 21
-161.352633
 31
0.0
  0
LINE
  5
8D6
330
70
100
AcDbEntity
  8
Visible
100
AcDbLine
 10
637.643754
 20
-131.352633
 30
0.0
 11
637.643754
 21
-161.352633
 31
0.0
  0
LINE
  5
8D7
330
70
100
AcDbEntity
  8
Visible
100
AcDbLine
 10
622.643754
 20
-131.352633
 30
0.0
 11
637.643754
 21
-131.352633
 31
0.0
  0
LINE
  5
8D8
330
70
100
AcDbEntity
  8
Visible
100
AcDbLine
 10
622.643754
 20
-128.352633
 30
0.0
 11
622.643754
 21
-131.352633
 31
0.0
  0
LINE
  5
8D9
330
70
100
AcDbEntity
  8
Visible
100
AcDbLine
 10
637.643754
 20
-128.352633
 30
0.0
 11
622.643754
 21
-128.352633
 31
0.0
  0
LINE
  5
8DA
330
70
100
AcDbEntity
  8
Visible
100
AcDbLine
 10
637.643754
 20
-96.852633
 30
0.0
 11
637.643754
 21
-128.352633
 31
0.0
  0
LINE
  5
8DB
330
70
100
AcDbEntity
  8
Visible
100
AcDbLine
 10
632.643754
 20
-96.852633
 30
0.0
 11
637.643754
 21
-96.852633
 31
0.0
  0
LINE
  5
8DC
330
70
100
AcDbEntity
  8
Visible
100
AcDbLine
 10
529.175004
 20
-77.294942
 30
0.0
 11
529.175004
 21
-83.294942
 31
0.0
  0
LINE
  5
8DD
330
70
100
AcDbEntity
  8
Visible
100
AcDbLine
 10
509.175004
 20
-77.294942
 30
0.0
 11
529.175004
 21
-77.294942
 31
0.0
  0
LINE
  5
8DE
330
70
100
AcDbEntity
  8
Visible
100
AcDbLine
 10
509.175004
 20
-83.294942
 30
0.0
 11
509.175004
 21
-77.294942
 31
0.0
  0
LINE
  5
8DF
330
70
100
AcDbEntity
  8
Visible
100
AcDbLine
 10
504.175004
 20
-83.294942
 30
0.0
 11
509.175004
 21
-83.294942
 31
0.0
  0
LINE
  5
8E0
330
70
100
AcDbEntity
  8
Visible
100
AcDbLine
 10
504.175004
 20
-93.794942
 30
0.0
 11
504.175004
 21
-83.294942
 31
0.0
  0
LINE
  5
8E1
330
70
100
AcDbEntity
  8
Visible
100
AcDbLine
 10
506.175004
 20
-93.794942
 30
0.0
 11
504.175004
 21
-93.794942
 31
0.0
  0
LINE
  5
8E2
330
70
100
AcDbEntity
  8
Visible
100
AcDbLine
 10
506.175004
 20
-105.794942
 30
0.0
 11
506.175004
 21
-93.794942
 31
0.0
  0
LINE
  5
8E3
330
70
100
AcDbEntity
  8
Visible
100
AcDbLine
 10
504.175004
 20
-105.794942
 30
0.0
 11
506.175004
 21
-105.794942
 31
0.0
  0
LINE
  5
8E4
330
70
100
AcDbEntity
  8
Visible
100
AcDbLine
 10
504.175004
 20
-126.794942
 30
0.0
 11
504.175004
 21
-105.794942
 31
0.0
  0
LINE
  5
8E5
330
70
100
AcDbEntity
  8
Visible
100
AcDbLine
 10
506.175004
 20
-126.794942
 30
0.0
 11
504.175004
 21
-126.794942
 31
0.0
  0
LINE
  5
8E6
330
70
100
AcDbEntity
  8
Visible
100
AcDbLine
 10
506.175004
 20
-138.794942
 30
0.0
 11
506.175004
 21
-126.794942
 31
0.0
  0
LINE
  5
8E7
330
70
100
AcDbEntity
  8
Visible
100
AcDbLine
 10
504.175004
 20
-138.794942
 30
0.0
 11
506.175004
 21
-138.794942
 31
0.0
  0
LINE
  5
8E8
330
70
100
AcDbEntity
  8
Visible
100
AcDbLine
 10
504.175004
 20
-159.794942
 30
0.0
 11
504.175004
 21
-138.794942
 31
0.0
  0
LINE
  5
8E9
330
70
100
AcDbEntity
  8
Visible
100
AcDbLine
 10
506.175004
 20
-159.794942
 30
0.0
 11
504.175004
 21
-159.794942
 31
0.0
  0
LINE
  5
8EA
330
70
100
AcDbEntity
  8
Visible
100
AcDbLine
 10
506.175004
 20
-171.794942
 30
0.0
 11
506.175004
 21
-159.794942
 31
0.0
  0
LINE
  5
8EB
330
70
100
AcDbEntity
  8
Visible
100
AcDbLine
 10
504.175004
 20
-171.794942
 30
0.0
 11
506.175004
 21
-171.794942
 31
0.0
  0
LINE
  5
8EC
330
70
100
AcDbEntity
  8
Visible
100
AcDbLine
 10
504.175004
 20
-192.794942
 30
0.0
 11
504.175004
 21
-171.794942
 31
0.0
  0
LINE
  5
8ED
330
70
100
AcDbEntity
  8
Visible
100
AcDbLine
 10
506.175004
 20
-192.794942
 30
0.0
 11
504.175004
 21
-192.794942
 31
0.0
  0
LINE
  5
8EE
330
70
100
AcDbEntity
  8
Visible
100
AcDbLine
 10
506.175004
 20
-204.794942
 30
0.0
 11
506.175004
 21
-192.794942
 31
0.0
  0
LINE
  5
8EF
330
70
100
AcDbEntity
  8
Visible
100
AcDbLine
 10
504.175004
 20
-204.794942
 30
0.0
 11
506.175004
 21
-204.794942
 31
0.0
  0
LINE
  5
8F0
330
70
100
AcDbEntity
  8
Visible
100
AcDbLine
 10
504.175004
 20
-225.794942
 30
0.0
 11
504.175004
 21
-204.794942
 31
0.0
  0
LINE
  5
8F1
330
70
100
AcDbEntity
  8
Visible
100
AcDbLine
 10
506.175004
 20
-225.794942
 30
0.0
 11
504.175004
 21
-225.794942
 31
0.0
  0
LINE
  5
8F2
330
70
100
AcDbEntity
  8
Visible
100
AcDbLine
 10
506.175004
 20
-237.794942
 30
0.0
 11
506.175004
 21
-225.794942
 31
0.0
  0
LINE
  5
8F3
330
70
100
AcDbEntity
  8
Visible
100
AcDbLine
 10
504.175004
 20
-237.794942
 30
0.0
 11
506.175004
 21
-237.794942
 31
0.0
  0
LINE
  5
8F4
330
70
100
AcDbEntity
  8
Visible
100
AcDbLine
 10
504.175004
 20
-248.294942
 30
0.0
 11
504.175004
 21
-237.794942
 31
0.0
  0
LINE
  5
8F5
330
70
100
AcDbEntity
  8
Visible
100
AcDbLine
 10
509.175004
 20
-248.294942
 30
0.0
 11
504.175004
 21
-248.294942
 31
0.0
  0
LINE
  5
8F6
330
70
100
AcDbEntity
  8
Visible
100
AcDbLine
 10
509.175004
 20
-254.294942
 30
0.0
 11
509.175004
 21
-248.294942
 31
0.0
  0
LINE
  5
8F7
330
70
100
AcDbEntity
  8
Visible
100
AcDbLine
 10
529.175004
 20
-254.294942
 30
0.0
 11
509.175004
 21
-254.294942
 31
0.0
  0
LINE
  5
8F8
330
70
100
AcDbEntity
  8
Visible
100
AcDbLine
 10
529.175004
 20
-248.294942
 30
0.0
 11
529.175004
 21
-254.294942
 31
0.0
  0
LINE
  5
8F9
330
70
100
AcDbEntity
  8
Visible
100
AcDbLine
 10
534.175004
 20
-248.294942
 30
0.0
 11
529.175004
 21
-248.294942
 31
0.0
  0
LINE
  5
8FA
330
70
100
AcDbEntity
  8
Visible
100
AcDbLine
 10
534.175004
 20
-216.794942
 30
0.0
 11
534.175004
 21
-248.294942
 31
0.0
  0
LINE
  5
8FB
330
70
100
AcDbEntity
  8
Visible
100
AcDbLine
 10
519.175004
 20
-216.794942
 30
0.0
 11
534.175004
 21
-216.794942
 31
0.0
  0
LINE
  5
8FC
330
70
100
AcDbEntity
  8
Visible
100
AcDbLine
 10
519.175004
 20
-213.794942
 30
0.0
 11
519.175004
 21
-216.794942
 31
0.0
  0
LINE
  5
8FD
330
70
100
AcDbEntity
  8
Visible
100
AcDbLine
 10
534.175004
 20
-213.794942
 30
0.0
 11
519.175004
 21
-213.794942
 31
0.0
  0
LINE
  5
8FE
330
70
100
AcDbEntity
  8
Visible
100
AcDbLine
 10
534.175004
 20
-183.794942
 30
0.0
 11
534.175004
 21
-213.794942
 31
0.0
  0
LINE
  5
8FF
330
70
100
AcDbEntity
  8
Visible
100
AcDbLine
 10
519.175004
 20
-183.794942
 30
0.0
 11
534.175004
 21
-183.794942
 31
0.0
  0
LINE
  5
900
330
70
100
AcDbEntity
  8
Visible
100
AcDbLine
 10
519.175004
 20
-180.794942
 30
0.0
 11
519.175004
 21
-183.794942
 31
0.0
  0
LINE
  5
901
330
70
100
AcDbEntity
  8
Visible
100
AcDbLine
 10
534.175004
 20
-180.794942
 30
0.0
 11
519.175004
 21
-180.794942
 31
0.0
  0
LINE
  5
902
330
70
100
AcDbEntity
  8
Visible
100
AcDbLine
 10
534.175004
 20
-150.794942
 30
0.0
 11
534.175004
 21
-180.794942
 31
0.0
  0
LINE
  5
903
330
70
100
AcDbEntity
  8
Visible
100
AcDbLine
 10
519.175004
 20
-150.794942
 30
0.0
 11
534.175004
 21
-150.794942
 31
0.0
  0
LINE
  5
904
330
70
100
AcDbEntity
  8
Visible
100
AcDbLine
 10
519.175004
 20
-147.794942
 30
0.0
 11
519.175004
 21
-150.794942
 31
0.0
  0
LINE
  5
905
330
70
100
AcDbEntity
  8
Visible
100
AcDbLine
 10
534.175004
 20
-147.794942
 30
0.0
 11
519.175004
 21
-147.794942
 31
0.0
  0
LINE
  5
906
330
70
100
AcDbEntity
  8
Visible
100
AcDbLine
 10
534.175004
 20
-117.794942
 30
0.0
 11
534.175004
 21
-147.794942
 31
0.0
  0
LINE
  5
907
330
70
100
AcDbEntity
  8
Visible
100
AcDbLine
 10
519.175004
 20
-117.794942
 30
0.0
 11
534.175004
 21
-117.794942
 31
0.0
  0
LINE
  5
908
330
70
100
AcDbEntity
  8
Visible
100
AcDbLine
 10
519.175004
 20
-114.794942
 30
0.0
 11
519.175004
 21
-117.794942
 31
0.0
  0
LINE
  5
909
330
70
100
AcDbEntity
  8
Visible
100
AcDbLine
 10
534.175004
 20
-114.794942
 30
0.0
 11
519.175004
 21
-114.794942
 31
0.0
  0
LINE
  5
90A
330
70
100
AcDbEntity
  8
Visible
100
AcDbLine
 10
534.175004
 20
-83.294942
 30
0.0
 11
534.175004
 21
-114.794942
 31
0.0
  0
LINE
  5
90B
330
70
100
AcDbEntity
  8
Visible
100
AcDbLine
 10
529.175004
 20
-83.294942
 30
0.0
 11
534.175004
 21
-83.294942
 31
0.0
  0
LINE
  5
90C
330
70
100
AcDbEntity
  8
Visible
100
AcDbLine
 10
683.69715
 20
116.839258
 30
0.0
 11
683.69715
 21
110.839258
 31
0.0
  0
LINE
  5
90D
330
70
100
AcDbEntity
  8
Visible
100
AcDbLine
 10
663.69715
 20
116.839258
 30
0.0
 11
683.69715
 21
116.839258
 31
0.0
  0
LINE
  5
90E
330
70
100
AcDbEntity
  8
Visible
100
AcDbLine
 10
663.69715
 20
110.839258
 30
0.0
 11
663.69715
 21
116.839258
 31
0.0
  0
LINE
  5
90F
330
70
100
AcDbEntity
  8
Visible
100
AcDbLine
 10
658.69715
 20
110.839258
 30
0.0
 11
663.69715
 21
110.839258
 31
0.0
  0
LINE
  5
910
330
70
100
AcDbEntity
  8
Visible
100
AcDbLine
 10
658.69715
 20
-54.160742
 30
0.0
 11
658.69715
 21
110.839258
 31
0.0
  0
LINE
  5
911
330
70
100
AcDbEntity
  8
Visible
100
AcDbLine
 10
663.69715
 20
-54.160742
 30
0.0
 11
658.69715
 21
-54.160742
 31
0.0
  0
LINE
  5
912
330
70
100
AcDbEntity
  8
Visible
100
AcDbLine
 10
663.69715
 20
-60.160742
 30
0.0
 11
663.69715
 21
-54.160742
 31
0.0
  0
LINE
  5
913
330
70
100
AcDbEntity
  8
Visible
100
AcDbLine
 10
683.69715
 20
-60.160742
 30
0.0
 11
663.69715
 21
-60.160742
 31
0.0
  0
LINE
  5
914
330
70
100
AcDbEntity
  8
Visible
100
AcDbLine
 10
683.69715
 20
-54.160742
 30
0.0
 11
683.69715
 21
-60.160742
 31
0.0
  0
LINE
  5
915
330
70
100
AcDbEntity
  8
Visible
100
AcDbLine
 10
688.69715
 20
-54.160742
 30
0.0
 11
683.69715
 21
-54.160742
 31
0.0
  0
LINE
  5
916
330
70
100
AcDbEntity
  8
Visible
100
AcDbLine
 10
688.69715
 20
-22.660742
 30
0.0
 11
688.69715
 21
-54.160742
 31
0.0
  0
LINE
  5
917
330
70
100
AcDbEntity
  8
Visible
100
AcDbLine
 10
673.69715
 20
-22.660742
 30
0.0
 11
688.69715
 21
-22.660742
 31
0.0
  0
LINE
  5
918
330
70
100
AcDbEntity
  8
Visible
100
AcDbLine
 10
673.69715
 20
-19.660742
 30
0.0
 11
673.69715
 21
-22.660742
 31
0.0
  0
LINE
  5
919
330
70
100
AcDbEntity
  8
Visible
100
AcDbLine
 10
688.69715
 20
-19.660742
 30
0.0
 11
673.69715
 21
-19.660742
 31
0.0
  0
LINE
  5
91A
330
70
100
AcDbEntity
  8
Visible
100
AcDbLine
 10
688.69715
 20
10.339258
 30
0.0
 11
688.69715
 21
-19.660742
 31
0.0
  0
LINE
  5
91B
330
70
100
AcDbEntity
  8
Visible
100
AcDbLine
 10
673.69715
 20
10.339258
 30
0.0
 11
688.69715
 21
10.339258
 31
0.0
  0
LINE
  5
91C
330
70
100
AcDbEntity
  8
Visible
100
AcDbLine
 10
673.69715
 20
13.339258
 30
0.0
 11
673.69715
 21
10.339258
 31
0.0
  0
LINE
  5
91D
330
70
100
AcDbEntity
  8
Visible
100
AcDbLine
 10
688.69715
 20
13.339258
 30
0.0
 11
673.69715
 21
13.339258
 31
0.0
  0
LINE
  5
91E
330
70
100
AcDbEntity
  8
Visible
100
AcDbLine
 10
688.69715
 20
43.339258
 30
0.0
 11
688.69715
 21
13.339258
 31
0.0
  0
LINE
  5
91F
330
70
100
AcDbEntity
  8
Visible
100
AcDbLine
 10
673.69715
 20
43.339258
 30
0.0
 11
688.69715
 21
43.339258
 31
0.0
  0
LINE
  5
920
330
70
100
AcDbEntity
  8
Visible
100
AcDbLine
 10
673.69715
 20
46.339258
 30
0.0
 11
673.69715
 21
43.339258
 31
0.0
  0
LINE
  5
921
330
70
100
AcDbEntity
  8
Visible
100
AcDbLine
 10
688.69715
 20
46.339258
 30
0.0
 11
673.69715
 21
46.339258
 31
0.0
  0
LINE
  5
922
330
70
100
AcDbEntity
  8
Visible
100
AcDbLine
 10
688.69715
 20
76.339258
 30
0.0
 11
688.69715
 21
46.339258
 31
0.0
  0
LINE
  5
923
330
70
100
AcDbEntity
  8
Visible
100
AcDbLine
 10
673.69715
 20
76.339258
 30
0.0
 11
688.69715
 21
76.339258
 31
0.0
  0
LINE
  5
924
330
70
100
AcDbEntity
  8
Visible
100
AcDbLine
 10
673.69715
 20
79.339258
 30
0.0
 11
673.69715
 21
76.339258
 31
0.0
  0
LINE
  5
925
330
70
100
AcDbEntity
  8
Visible
100
AcDbLine
 10
688.69715
 20
79.339258
 30
0.0
 11
673.69715
 21
79.339258
 31
0.0
  0
LINE
  5
926
330
70
100
AcDbEntity
  8
Visible
100
AcDbLine
 10
688.69715
 20
110.839258
 30
0.0
 11
688.69715
 21
79.339258
 31
0.0
  0
LINE
  5
927
330
70
100
AcDbEntity
  8
Visible
100
AcDbLine
 10
683.69715
 20
110.839258
 30
0.0
 11
688.69715
 21
110.839258
 31
0.0
  0
LINE
  5
928
330
70
100
AcDbEntity
  8
Visible
100
AcDbLine
 10
683.819045
 20
-86.224288
 30
0.0
 11
683.819045
 21
-92.224288
 31
0.0
  0
LINE
  5
929
330
70
100
AcDbEntity
  8
Visible
100
AcDbLine
 10
663.819045
 20
-86.224288
 30
0.0
 11
683.819045
 21
-86.224288
 31
0.0
  0
LINE
  5
92A
330
70
100
AcDbEntity
  8
Visible
100
AcDbLine
 10
663.819045
 20
-92.224288
 30
0.0
 11
663.819045
 21
-86.224288
 31
0.0
  0
LINE
  5
92B
330
70
100
AcDbEntity
  8
Visible
100
AcDbLine
 10
658.819045
 20
-92.224288
 30
0.0
 11
663.819045
 21
-92.224288
 31
0.0
  0
LINE
  5
92C
330
70
100
AcDbEntity
  8
Visible
100
AcDbLine
 10
658.819045
 20
-257.224288
 30
0.0
 11
658.819045
 21
-92.224288
 31
0.0
  0
LINE
  5
92D
330
70
100
AcDbEntity
  8
Visible
100
AcDbLine
 10
663.819045
 20
-257.224288
 30
0.0
 11
658.819045
 21
-257.224288
 31
0.0
  0
LINE
  5
92E
330
70
100
AcDbEntity
  8
Visible
100
AcDbLine
 10
663.819045
 20
-263.224288
 30
0.0
 11
663.819045
 21
-257.224288
 31
0.0
  0
LINE
  5
92F
330
70
100
AcDbEntity
  8
Visible
100
AcDbLine
 10
683.819045
 20
-263.224288
 30
0.0
 11
663.819045
 21
-263.224288
 31
0.0
  0
LINE
  5
930
330
70
100
AcDbEntity
  8
Visible
100
AcDbLine
 10
683.819045
 20
-257.224288
 30
0.0
 11
683.819045
 21
-263.224288
 31
0.0
  0
LINE
  5
931
330
70
100
AcDbEntity
  8
Visible
100
AcDbLine
 10
688.819045
 20
-257.224288
 30
0.0
 11
683.819045
 21
-257.224288
 31
0.0
  0
LINE
  5
932
330
70
100
AcDbEntity
  8
Visible
100
AcDbLine
 10
688.819045
 20
-225.724288
 30
0.0
 11
688.819045
 21
-257.224288
 31
0.0
  0
LINE
  5
933
330
70
100
AcDbEntity
  8
Visible
100
AcDbLine
 10
673.819045
 20
-225.724288
 30
0.0
 11
688.819045
 21
-225.724288
 31
0.0
  0
LINE
  5
934
330
70
100
AcDbEntity
  8
Visible
100
AcDbLine
 10
673.819045
 20
-222.724288
 30
0.0
 11
673.819045
 21
-225.724288
 31
0.0
  0
LINE
  5
935
330
70
100
AcDbEntity
  8
Visible
100
AcDbLine
 10
688.819045
 20
-222.724288
 30
0.0
 11
673.819045
 21
-222.724288
 31
0.0
  0
LINE
  5
936
330
70
100
AcDbEntity
  8
Visible
100
AcDbLine
 10
688.819045
 20
-192.724288
 30
0.0
 11
688.819045
 21
-222.724288
 31
0.0
  0
LINE
  5
937
330
70
100
AcDbEntity
  8
Visible
100
AcDbLine
 10
673.819045
 20
-192.724288
 30
0.0
 11
688.819045
 21
-192.724288
 31
0.0
  0
LINE
  5
938
330
70
100
AcDbEntity
  8
Visible
100
AcDbLine
 10
673.819045
 20
-189.724288
 30
0.0
 11
673.819045
 21
-192.724288
 31
0.0
  0
LINE
  5
939
330
70
100
AcDbEntity
  8
Visible
100
AcDbLine
 10
688.819045
 20
-189.724288
 30
0.0
 11
673.819045
 21
-189.724288
 31
0.0
  0
LINE
  5
93A
330
70
100
AcDbEntity
  8
Visible
100
AcDbLine
 10
688.819045
 20
-159.724288
 30
0.0
 11
688.819045
 21
-189.724288
 31
0.0
  0
LINE
  5
93B
330
70
100
AcDbEntity
  8
Visible
100
AcDbLine
 10
673.819045
 20
-159.724288
 30
0.0
 11
688.819045
 21
-159.724288
 31
0.0
  0
LINE
  5
93C
330
70
100
AcDbEntity
  8
Visible
100
AcDbLine
 10
673.819045
 20
-156.724288
 30
0.0
 11
673.819045
 21
-159.724288
 31
0.0
  0
LINE
  5
93D
330
70
100
AcDbEntity
  8
Visible
100
AcDbLine
 10
688.819045
 20
-156.724288
 30
0.0
 11
673.819045
 21
-156.724288
 31
0.0
  0
LINE
  5
93E
330
70
100
AcDbEntity
  8
Visible
100
AcDbLine
 10
688.819045
 20
-126.724288
 30
0.0
 11
688.819045
 21
-156.724288
 31
0.0
  0
LINE
  5
93F
330
70
100
AcDbEntity
  8
Visible
100
AcDbLine
 10
673.819045
 20
-126.724288
 30
0.0
 11
688.819045
 21
-126.724288
 31
0.0
  0
LINE
  5
940
330
70
100
AcDbEntity
  8
Visible
100
AcDbLine
 10
673.819045
 20
-123.724288
 30
0.0
 11
673.819045
 21
-126.724288
 31
0.0
  0
LINE
  5
941
330
70
100
AcDbEntity
  8
Visible
100
AcDbLine
 10
688.819045
 20
-123.724288
 30
0.0
 11
673.819045
 21
-123.724288
 31
0.0
  0
LINE
  5
942
330
70
100
AcDbEntity
  8
Visible
100
AcDbLine
 10
688.819045
 20
-92.224288
 30
0.0
 11
688.819045
 21
-123.724288
 31
0.0
  0
LINE
  5
943
330
70
100
AcDbEntity
  8
Visible
100
AcDbLine
 10
683.819045
 20
-92.224288
 30
0.0
 11
688.819045
 21
-92.224288
 31
0.0
  0
CIRCLE
  5
944
330
70
100
AcDbEntity
  8
Visible
100
AcDbCircle
 10
-920.066195
 20
313.782174
 30
0.0
 40
10.0
210
0.0
220
0.0
230
-1.0
  0
LINE
  5
945
330
70
100
AcDbEntity
  8
Visible
100
AcDbLine
 10
927.566195
 20
-134.717826
 30
0.0
 11
907.566195
 21
-134.717826
 31
0.0
  0
LINE
  5
946
330
70
100
AcDbEntity
  8
Visible
100
AcDbLine
 10
927.566195
 20
-131.717826
 30
0.0
 11
927.566195
 21
-134.717826
 31
0.0
  0
LINE
  5
947
330
70
100
AcDbEntity
  8
Visible
100
AcDbLine
 10
907.566195
 20
-131.717826
 30
0.0
 11
927.566195
 21
-131.717826
 31
0.0
  0
LINE
  5
948
330
70
100
AcDbEntity
  8
Visible
100
AcDbLine
 10
907.566195
 20
-134.717826
 30
0.0
 11
907.566195
 21
-131.717826
 31
0.0
  0
LINE
  5
949
330
70
100
AcDbEntity
  8
Visible
100
AcDbLine
 10
927.566195
 20
198.282174
 30
0.0
 11
927.566195
 21
195.282174
 31
0.0
  0
LINE
  5
94A
330
70
100
AcDbEntity
  8
Visible
100
AcDbLine
 10
907.566195
 20
198.282174
 30
0.0
 11
927.566195
 21
198.282174
 31
0.0
  0
LINE
  5
94B
330
70
100
AcDbEntity
  8
Visible
100
AcDbLine
 10
907.566195
 20
195.282174
 30
0.0
 11
907.566195
 21
198.282174
 31
0.0
  0
LINE
  5
94C
330
70
100
AcDbEntity
  8
Visible
100
AcDbLine
 10
927.566195
 20
195.282174
 30
0.0
 11
907.566195
 21
195.282174
 31
0.0
  0
LINE
  5
94D
330
70
100
AcDbEntity
  8
Visible
100
AcDbLine
 10
927.566195
 20
30.282174
 30
0.0
 11
907.566195
 21
30.282174
 31
0.0
  0
LINE
  5
94E
330
70
100
AcDbEntity
  8
Visible
100
AcDbLine
 10
927.566195
 20
33.282174
 30
0.0
 11
927.566195
 21
30.282174
 31
0.0
  0
LINE
  5
94F
330
70
100
AcDbEntity
  8
Visible
100
AcDbLine
 10
907.566195
 20
33.282174
 30
0.0
 11
927.566195
 21
33.282174
 31
0.0
  0
LINE
  5
950
330
70
100
AcDbEntity
  8
Visible
100
AcDbLine
 10
907.566195
 20
30.282174
 30
0.0
 11
907.566195
 21
33.282174
 31
0.0
  0
LINE
  5
951
330
70
100
AcDbEntity
  8
Visible
100
AcDbLine
 10
927.566195
 20
-164.717826
 30
0.0
 11
927.566195
 21
-167.717826
 31
0.0
  0
LINE
  5
952
330
70
100
AcDbEntity
  8
Visible
100
AcDbLine
 10
907.566195
 20
-164.717826
 30
0.0
 11
927.566195
 21
-164.717826
 31
0.0
  0
LINE
  5
953
330
70
100
AcDbEntity
  8
Visible
100
AcDbLine
 10
907.566195
 20
-167.717826
 30
0.0
 11
907.566195
 21
-164.717826
 31
0.0
  0
LINE
  5
954
330
70
100
AcDbEntity
  8
Visible
100
AcDbLine
 10
927.566195
 20
-167.717826
 30
0.0
 11
907.566195
 21
-167.717826
 31
0.0
  0
LINE
  5
955
330
70
100
AcDbEntity
  8
Visible
100
AcDbLine
 10
927.566195
 20
-68.717826
 30
0.0
 11
907.566195
 21
-68.717826
 31
0.0
  0
LINE
  5
956
330
70
100
AcDbEntity
  8
Visible
100
AcDbLine
 10
927.566195
 20
-65.717826
 30
0.0
 11
927.566195
 21
-68.717826
 31
0.0
  0
LINE
  5
957
330
70
100
AcDbEntity
  8
Visible
100
AcDbLine
 10
907.566195
 20
-65.717826
 30
0.0
 11
927.566195
 21
-65.717826
 31
0.0
  0
LINE
  5
958
330
70
100
AcDbEntity
  8
Visible
100
AcDbLine
 10
907.566195
 20
-68.717826
 30
0.0
 11
907.566195
 21
-65.717826
 31
0.0
  0
LINE
  5
959
330
70
100
AcDbEntity
  8
Visible
100
AcDbLine
 10
907.566195
 20
297.282174
 30
0.0
 11
927.566195
 21
297.282174
 31
0.0
  0
LINE
  5
95A
330
70
100
AcDbEntity
  8
Visible
100
AcDbLine
 10
907.566195
 20
294.282174
 30
0.0
 11
907.566195
 21
297.282174
 31
0.0
  0
LINE
  5
95B
330
70
100
AcDbEntity
  8
Visible
100
AcDbLine
 10
927.566195
 20
294.282174
 30
0.0
 11
907.566195
 21
294.282174
 31
0.0
  0
LINE
  5
95C
330
70
100
AcDbEntity
  8
Visible
100
AcDbLine
 10
927.566195
 20
297.282174
 30
0.0
 11
927.566195
 21
294.282174
 31
0.0
  0
LINE
  5
95D
330
70
100
AcDbEntity
  8
Visible
100
AcDbLine
 10
927.566195
 20
261.282174
 30
0.0
 11
907.566195
 21
261.282174
 31
0.0
  0
LINE
  5
95E
330
70
100
AcDbEntity
  8
Visible
100
AcDbLine
 10
927.566195
 20
264.282174
 30
0.0
 11
927.566195
 21
261.282174
 31
0.0
  0
LINE
  5
95F
330
70
100
AcDbEntity
  8
Visible
100
AcDbLine
 10
907.566195
 20
264.282174
 30
0.0
 11
927.566195
 21
264.282174
 31
0.0
  0
LINE
  5
960
330
70
100
AcDbEntity
  8
Visible
100
AcDbLine
 10
907.566195
 20
261.282174
 30
0.0
 11
907.566195
 21
264.282174
 31
0.0
  0
LINE
  5
961
330
70
100
AcDbEntity
  8
Visible
100
AcDbLine
 10
907.566195
 20
231.282174
 30
0.0
 11
927.566195
 21
231.282174
 31
0.0
  0
LINE
  5
962
330
70
100
AcDbEntity
  8
Visible
100
AcDbLine
 10
907.566195
 20
228.282174
 30
0.0
 11
907.566195
 21
231.282174
 31
0.0
  0
LINE
  5
963
330
70
100
AcDbEntity
  8
Visible
100
AcDbLine
 10
927.566195
 20
228.282174
 30
0.0
 11
907.566195
 21
228.282174
 31
0.0
  0
LINE
  5
964
330
70
100
AcDbEntity
  8
Visible
100
AcDbLine
 10
927.566195
 20
231.282174
 30
0.0
 11
927.566195
 21
228.282174
 31
0.0
  0
LINE
  5
965
330
70
100
AcDbEntity
  8
Visible
100
AcDbLine
 10
927.566195
 20
0.282174
 30
0.0
 11
927.566195
 21
-2.717826
 31
0.0
  0
LINE
  5
966
330
70
100
AcDbEntity
  8
Visible
100
AcDbLine
 10
907.566195
 20
0.282174
 30
0.0
 11
927.566195
 21
0.282174
 31
0.0
  0
LINE
  5
967
330
70
100
AcDbEntity
  8
Visible
100
AcDbLine
 10
907.566195
 20
-2.717826
 30
0.0
 11
907.566195
 21
0.282174
 31
0.0
  0
LINE
  5
968
330
70
100
AcDbEntity
  8
Visible
100
AcDbLine
 10
927.566195
 20
-2.717826
 30
0.0
 11
907.566195
 21
-2.717826
 31
0.0
  0
LINE
  5
969
330
70
100
AcDbEntity
  8
Visible
100
AcDbLine
 10
927.566195
 20
-200.717826
 30
0.0
 11
907.566195
 21
-200.717826
 31
0.0
  0
LINE
  5
96A
330
70
100
AcDbEntity
  8
Visible
100
AcDbLine
 10
927.566195
 20
-197.717826
 30
0.0
 11
927.566195
 21
-200.717826
 31
0.0
  0
LINE
  5
96B
330
70
100
AcDbEntity
  8
Visible
100
AcDbLine
 10
907.566195
 20
-197.717826
 30
0.0
 11
927.566195
 21
-197.717826
 31
0.0
  0
LINE
  5
96C
330
70
100
AcDbEntity
  8
Visible
100
AcDbLine
 10
907.566195
 20
-200.717826
 30
0.0
 11
907.566195
 21
-197.717826
 31
0.0
  0
LINE
  5
96D
330
70
100
AcDbEntity
  8
Visible
100
AcDbLine
 10
927.566195
 20
-101.717826
 30
0.0
 11
907.566195
 21
-101.717826
 31
0.0
  0
LINE
  5
96E
330
70
100
AcDbEntity
  8
Visible
100
AcDbLine
 10
927.566195
 20
-98.717826
 30
0.0
 11
927.566195
 21
-101.717826
 31
0.0
  0
LINE
  5
96F
330
70
100
AcDbEntity
  8
Visible
100
AcDbLine
 10
907.566195
 20
-98.717826
 30
0.0
 11
927.566195
 21
-98.717826
 31
0.0
  0
LINE
  5
970
330
70
100
AcDbEntity
  8
Visible
100
AcDbLine
 10
907.566195
 20
-101.717826
 30
0.0
 11
907.566195
 21
-98.717826
 31
0.0
  0
LINE
  5
971
330
70
100
AcDbEntity
  8
Visible
100
AcDbLine
 10
907.566195
 20
99.282174
 30
0.0
 11
927.566195
 21
99.282174
 31
0.0
  0
LINE
  5
972
330
70
100
AcDbEntity
  8
Visible
100
AcDbLine
 10
907.566195
 20
96.282174
 30
0.0
 11
907.566195
 21
99.282174
 31
0.0
  0
LINE
  5
973
330
70
100
AcDbEntity
  8
Visible
100
AcDbLine
 10
927.566195
 20
96.282174
 30
0.0
 11
907.566195
 21
96.282174
 31
0.0
  0
LINE
  5
974
330
70
100
AcDbEntity
  8
Visible
100
AcDbLine
 10
927.566195
 20
99.282174
 30
0.0
 11
927.566195
 21
96.282174
 31
0.0
  0
LINE
  5
975
330
70
100
AcDbEntity
  8
Visible
100
AcDbLine
 10
927.566195
 20
-230.717826
 30
0.0
 11
927.566195
 21
-233.717826
 31
0.0
  0
LINE
  5
976
330
70
100
AcDbEntity
  8
Visible
100
AcDbLine
 10
907.566195
 20
-230.717826
 30
0.0
 11
927.566195
 21
-230.717826
 31
0.0
  0
LINE
  5
977
330
70
100
AcDbEntity
  8
Visible
100
AcDbLine
 10
907.566195
 20
-233.717826
 30
0.0
 11
907.566195
 21
-230.717826
 31
0.0
  0
LINE
  5
978
330
70
100
AcDbEntity
  8
Visible
100
AcDbLine
 10
927.566195
 20
-233.717826
 30
0.0
 11
907.566195
 21
-233.717826
 31
0.0
  0
LINE
  5
979
330
70
100
AcDbEntity
  8
Visible
100
AcDbLine
 10
907.566195
 20
162.282174
 30
0.0
 11
907.566195
 21
165.282174
 31
0.0
  0
LINE
  5
97A
330
70
100
AcDbEntity
  8
Visible
100
AcDbLine
 10
927.566195
 20
162.282174
 30
0.0
 11
907.566195
 21
162.282174
 31
0.0
  0
LINE
  5
97B
330
70
100
AcDbEntity
  8
Visible
100
AcDbLine
 10
927.566195
 20
165.282174
 30
0.0
 11
927.566195
 21
162.282174
 31
0.0
  0
LINE
  5
97C
330
70
100
AcDbEntity
  8
Visible
100
AcDbLine
 10
907.566195
 20
165.282174
 30
0.0
 11
927.566195
 21
165.282174
 31
0.0
  0
LINE
  5
97D
330
70
100
AcDbEntity
  8
Visible
100
AcDbLine
 10
907.566195
 20
129.282174
 30
0.0
 11
907.566195
 21
132.282174
 31
0.0
  0
LINE
  5
97E
330
70
100
AcDbEntity
  8
Visible
100
AcDbLine
 10
927.566195
 20
129.282174
 30
0.0
 11
907.566195
 21
129.282174
 31
0.0
  0
LINE
  5
97F
330
70
100
AcDbEntity
  8
Visible
100
AcDbLine
 10
927.566195
 20
132.282174
 30
0.0
 11
927.566195
 21
129.282174
 31
0.0
  0
LINE
  5
980
330
70
100
AcDbEntity
  8
Visible
100
AcDbLine
 10
907.566195
 20
132.282174
 30
0.0
 11
927.566195
 21
132.282174
 31
0.0
  0
LINE
  5
981
330
70
100
AcDbEntity
  8
Visible
100
AcDbLine
 10
907.566195
 20
-32.717826
 30
0.0
 11
927.566195
 21
-32.717826
 31
0.0
  0
LINE
  5
982
330
70
100
AcDbEntity
  8
Visible
100
AcDbLine
 10
907.566195
 20
-35.717826
 30
0.0
 11
907.566195
 21
-32.717826
 31
0.0
  0
LINE
  5
983
330
70
100
AcDbEntity
  8
Visible
100
AcDbLine
 10
927.566195
 20
-35.717826
 30
0.0
 11
907.566195
 21
-35.717826
 31
0.0
  0
LINE
  5
984
330
70
100
AcDbEntity
  8
Visible
100
AcDbLine
 10
927.566195
 20
-32.717826
 30
0.0
 11
927.566195
 21
-35.717826
 31
0.0
  0
LINE
  5
985
330
70
100
AcDbEntity
  8
Visible
100
AcDbLine
 10
907.566195
 20
-263.717826
 30
0.0
 11
927.566195
 21
-263.717826
 31
0.0
  0
LINE
  5
986
330
70
100
AcDbEntity
  8
Visible
100
AcDbLine
 10
907.566195
 20
-266.717826
 30
0.0
 11
907.566195
 21
-263.717826
 31
0.0
  0
LINE
  5
987
330
70
100
AcDbEntity
  8
Visible
100
AcDbLine
 10
927.566195
 20
-266.717826
 30
0.0
 11
907.566195
 21
-266.717826
 31
0.0
  0
LINE
  5
988
330
70
100
AcDbEntity
  8
Visible
100
AcDbLine
 10
927.566195
 20
-263.717826
 30
0.0
 11
927.566195
 21
-266.717826
 31
0.0
  0
LINE
  5
989
330
70
100
AcDbEntity
  8
Visible
100
AcDbLine
 10
907.566195
 20
-296.717826
 30
0.0
 11
927.566195
 21
-296.717826
 31
0.0
  0
LINE
  5
98A
330
70
100
AcDbEntity
  8
Visible
100
AcDbLine
 10
907.566195
 20
-299.717826
 30
0.0
 11
907.566195
 21
-296.717826
 31
0.0
  0
LINE
  5
98B
330
70
100
AcDbEntity
  8
Visible
100
AcDbLine
 10
927.566195
 20
-299.717826
 30
0.0
 11
907.566195
 21
-299.717826
 31
0.0
  0
LINE
  5
98C
330
70
100
AcDbEntity
  8
Visible
100
AcDbLine
 10
927.566195
 20
-296.717826
 30
0.0
 11
927.566195
 21
-299.717826
 31
0.0
  0
LINE
  5
98D
330
70
100
AcDbEntity
  8
Visible
100
AcDbLine
 10
907.566195
 20
66.282174
 30
0.0
 11
927.566195
 21
66.282174
 31
0.0
  0
LINE
  5
98E
330
70
100
AcDbEntity
  8
Visible
100
AcDbLine
 10
907.566195
 20
63.282174
 30
0.0
 11
907.566195
 21
66.282174
 31
0.0
  0
LINE
  5
98F
330
70
100
AcDbEntity
  8
Visible
100
AcDbLine
 10
927.566195
 20
63.282174
 30
0.0
 11
907.566195
 21
63.282174
 31
0.0
  0
LINE
  5
990
330
70
100
AcDbEntity
  8
Visible
100
AcDbLine
 10
927.566195
 20
66.282174
 30
0.0
 11
927.566195
 21
63.282174
 31
0.0
  0
LINE
  5
991
330
70
100
AcDbEntity
  8
Visible
100
AcDbLine
 10
902.566195
 20
-211.217826
 30
0.0
 11
902.566195
 21
-271.217826
 31
0.0
  0
LINE
  5
992
330
70
100
AcDbEntity
  8
Visible
100
AcDbLine
 10
896.566195
 20
-211.217826
 30
0.0
 11
902.566195
 21
-211.217826
 31
0.0
  0
LINE
  5
993
330
70
100
AcDbEntity
  8
Visible
100
AcDbLine
 10
896.566195
 20
-206.217826
 30
0.0
 11
896.566195
 21
-211.217826
 31
0.0
  0
LINE
  5
994
330
70
100
AcDbEntity
  8
Visible
100
AcDbLine
 10
887.566195
 20
-206.217826
 30
0.0
 11
896.566195
 21
-206.217826
 31
0.0
  0
LINE
  5
995
330
70
100
AcDbEntity
  8
Visible
100
AcDbLine
 10
887.566195
 20
-156.217826
 30
0.0
 11
887.566195
 21
-206.217826
 31
0.0
  0
LINE
  5
996
330
70
100
AcDbEntity
  8
Visible
100
AcDbLine
 10
896.566195
 20
-156.217826
 30
0.0
 11
887.566195
 21
-156.217826
 31
0.0
  0
LINE
  5
997
330
70
100
AcDbEntity
  8
Visible
100
AcDbLine
 10
896.566195
 20
-151.217826
 30
0.0
 11
896.566195
 21
-156.217826
 31
0.0
  0
LINE
  5
998
330
70
100
AcDbEntity
  8
Visible
100
AcDbLine
 10
902.566195
 20
-151.217826
 30
0.0
 11
896.566195
 21
-151.217826
 31
0.0
  0
LINE
  5
999
330
70
100
AcDbEntity
  8
Visible
100
AcDbLine
 10
902.566195
 20
-91.217826
 30
0.0
 11
902.566195
 21
-151.217826
 31
0.0
  0
LINE
  5
99A
330
70
100
AcDbEntity
  8
Visible
100
AcDbLine
 10
896.566195
 20
-91.217826
 30
0.0
 11
902.566195
 21
-91.217826
 31
0.0
  0
LINE
  5
99B
330
70
100
AcDbEntity
  8
Visible
100
AcDbLine
 10
896.566195
 20
-86.217826
 30
0.0
 11
896.566195
 21
-91.217826
 31
0.0
  0
LINE
  5
99C
330
70
100
AcDbEntity
  8
Visible
100
AcDbLine
 10
887.566195
 20
-86.217826
 30
0.0
 11
896.566195
 21
-86.217826
 31
0.0
  0
LINE
  5
99D
330
70
100
AcDbEntity
  8
Visible
100
AcDbLine
 10
887.566195
 20
-36.217826
 30
0.0
 11
887.566195
 21
-86.217826
 31
0.0
  0
LINE
  5
99E
330
70
100
AcDbEntity
  8
Visible
100
AcDbLine
 10
896.566195
 20
-36.217826
 30
0.0
 11
887.566195
 21
-36.217826
 31
0.0
  0
LINE
  5
99F
330
70
100
AcDbEntity
  8
Visible
100
AcDbLine
 10
896.566195
 20
-31.217826
 30
0.0
 11
896.566195
 21
-36.217826
 31
0.0
  0
LINE
  5
9A0
330
70
100
AcDbEntity
  8
Visible
100
AcDbLine
 10
902.566195
 20
-31.217826
 30
0.0
 11
896.566195
 21
-31.217826
 31
0.0
  0
LINE
  5
9A1
330
70
100
AcDbEntity
  8
Visible
100
AcDbLine
 10
902.566195
 20
28.782174
 30
0.0
 11
902.566195
 21
-31.217826
 31
0.0
  0
LINE
  5
9A2
330
70
100
AcDbEntity
  8
Visible
100
AcDbLine
 10
896.566195
 20
28.782174
 30
0.0
 11
902.566195
 21
28.782174
 31
0.0
  0
LINE
  5
9A3
330
70
100
AcDbEntity
  8
Visible
100
AcDbLine
 10
896.566195
 20
33.782174
 30
0.0
 11
896.566195
 21
28.782174
 31
0.0
  0
LINE
  5
9A4
330
70
100
AcDbEntity
  8
Visible
100
AcDbLine
 10
887.566195
 20
33.782174
 30
0.0
 11
896.566195
 21
33.782174
 31
0.0
  0
LINE
  5
9A5
330
70
100
AcDbEntity
  8
Visible
100
AcDbLine
 10
887.566195
 20
83.782174
 30
0.0
 11
887.566195
 21
33.782174
 31
0.0
  0
LINE
  5
9A6
330
70
100
AcDbEntity
  8
Visible
100
AcDbLine
 10
896.566195
 20
83.782174
 30
0.0
 11
887.566195
 21
83.782174
 31
0.0
  0
LINE
  5
9A7
330
70
100
AcDbEntity
  8
Visible
100
AcDbLine
 10
896.566195
 20
88.782174
 30
0.0
 11
896.566195
 21
83.782174
 31
0.0
  0
LINE
  5
9A8
330
70
100
AcDbEntity
  8
Visible
100
AcDbLine
 10
902.566195
 20
88.782174
 30
0.0
 11
896.566195
 21
88.782174
 31
0.0
  0
LINE
  5
9A9
330
70
100
AcDbEntity
  8
Visible
100
AcDbLine
 10
902.566195
 20
148.782174
 30
0.0
 11
902.566195
 21
88.782174
 31
0.0
  0
LINE
  5
9AA
330
70
100
AcDbEntity
  8
Visible
100
AcDbLine
 10
896.566195
 20
148.782174
 30
0.0
 11
902.566195
 21
148.782174
 31
0.0
  0
LINE
  5
9AB
330
70
100
AcDbEntity
  8
Visible
100
AcDbLine
 10
896.566195
 20
153.782174
 30
0.0
 11
896.566195
 21
148.782174
 31
0.0
  0
LINE
  5
9AC
330
70
100
AcDbEntity
  8
Visible
100
AcDbLine
 10
887.566195
 20
153.782174
 30
0.0
 11
896.566195
 21
153.782174
 31
0.0
  0
LINE
  5
9AD
330
70
100
AcDbEntity
  8
Visible
100
AcDbLine
 10
887.566195
 20
203.782174
 30
0.0
 11
887.566195
 21
153.782174
 31
0.0
  0
LINE
  5
9AE
330
70
100
AcDbEntity
  8
Visible
100
AcDbLine
 10
896.566195
 20
203.782174
 30
0.0
 11
887.566195
 21
203.782174
 31
0.0
  0
LINE
  5
9AF
330
70
100
AcDbEntity
  8
Visible
100
AcDbLine
 10
896.566195
 20
208.782174
 30
0.0
 11
896.566195
 21
203.782174
 31
0.0
  0
LINE
  5
9B0
330
70
100
AcDbEntity
  8
Visible
100
AcDbLine
 10
902.566195
 20
208.782174
 30
0.0
 11
896.566195
 21
208.782174
 31
0.0
  0
LINE
  5
9B1
330
70
100
AcDbEntity
  8
Visible
100
AcDbLine
 10
902.566195
 20
268.782174
 30
0.0
 11
902.566195
 21
208.782174
 31
0.0
  0
LINE
  5
9B2
330
70
100
AcDbEntity
  8
Visible
100
AcDbLine
 10
896.566195
 20
268.782174
 30
0.0
 11
902.566195
 21
268.782174
 31
0.0
  0
LINE
  5
9B3
330
70
100
AcDbEntity
  8
Visible
100
AcDbLine
 10
896.566195
 20
273.782174
 30
0.0
 11
896.566195
 21
268.782174
 31
0.0
  0
LINE
  5
9B4
330
70
100
AcDbEntity
  8
Visible
100
AcDbLine
 10
887.566195
 20
273.782174
 30
0.0
 11
896.566195
 21
273.782174
 31
0.0
  0
LINE
  5
9B5
330
70
100
AcDbEntity
  8
Visible
100
AcDbLine
 10
887.566195
 20
323.782174
 30
0.0
 11
887.566195
 21
273.782174
 31
0.0
  0
LINE
  5
9B6
330
70
100
AcDbEntity
  8
Visible
100
AcDbLine
 10
896.566195
 20
323.782174
 30
0.0
 11
887.566195
 21
323.782174
 31
0.0
  0
LINE
  5
9B7
330
70
100
AcDbEntity
  8
Visible
100
AcDbLine
 10
896.566195
 20
328.782174
 30
0.0
 11
896.566195
 21
323.782174
 31
0.0
  0
LINE
  5
9B8
330
70
100
AcDbEntity
  8
Visible
100
AcDbLine
 10
909.566195
 20
328.782174
 30
0.0
 11
896.566195
 21
328.782174
 31
0.0
  0
LINE
  5
9B9
330
70
100
AcDbEntity
  8
Visible
100
AcDbLine
 10
909.566195
 20
334.782174
 30
0.0
 11
909.566195
 21
328.782174
 31
0.0
  0
LINE
  5
9BA
330
70
100
AcDbEntity
  8
Visible
100
AcDbLine
 10
916.566195
 20
334.782174
 30
0.0
 11
909.566195
 21
334.782174
 31
0.0
  0
LINE
  5
9BB
330
70
100
AcDbEntity
  8
Visible
100
AcDbLine
 10
916.566195
 20
328.782174
 30
0.0
 11
916.566195
 21
334.782174
 31
0.0
  0
LINE
  5
9BC
330
70
100
AcDbEntity
  8
Visible
100
AcDbLine
 10
923.566195
 20
328.782174
 30
0.0
 11
916.566195
 21
328.782174
 31
0.0
  0
LINE
  5
9BD
330
70
100
AcDbEntity
  8
Visible
100
AcDbLine
 10
923.566195
 20
334.782174
 30
0.0
 11
923.566195
 21
328.782174
 31
0.0
  0
LINE
  5
9BE
330
70
100
AcDbEntity
  8
Visible
100
AcDbLine
 10
930.566195
 20
334.782174
 30
0.0
 11
923.566195
 21
334.782174
 31
0.0
  0
LINE
  5
9BF
330
70
100
AcDbEntity
  8
Visible
100
AcDbLine
 10
930.566195
 20
328.782174
 30
0.0
 11
930.566195
 21
334.782174
 31
0.0
  0
LINE
  5
9C0
330
70
100
AcDbEntity
  8
Visible
100
AcDbLine
 10
937.566195
 20
328.782174
 30
0.0
 11
930.566195
 21
328.782174
 31
0.0
  0
LINE
  5
9C1
330
70
100
AcDbEntity
  8
Visible
100
AcDbLine
 10
937.566195
 20
-331.217826
 30
0.0
 11
937.566195
 21
328.782174
 31
0.0
  0
LINE
  5
9C2
330
70
100
AcDbEntity
  8
Visible
100
AcDbLine
 10
930.566195
 20
-331.217826
 30
0.0
 11
937.566195
 21
-331.217826
 31
0.0
  0
LINE
  5
9C3
330
70
100
AcDbEntity
  8
Visible
100
AcDbLine
 10
930.566195
 20
-337.217826
 30
0.0
 11
930.566195
 21
-331.217826
 31
0.0
  0
LINE
  5
9C4
330
70
100
AcDbEntity
  8
Visible
100
AcDbLine
 10
923.566195
 20
-337.217826
 30
0.0
 11
930.566195
 21
-337.217826
 31
0.0
  0
LINE
  5
9C5
330
70
100
AcDbEntity
  8
Visible
100
AcDbLine
 10
923.566195
 20
-331.217826
 30
0.0
 11
923.566195
 21
-337.217826
 31
0.0
  0
LINE
  5
9C6
330
70
100
AcDbEntity
  8
Visible
100
AcDbLine
 10
916.566195
 20
-331.217826
 30
0.0
 11
923.566195
 21
-331.217826
 31
0.0
  0
LINE
  5
9C7
330
70
100
AcDbEntity
  8
Visible
100
AcDbLine
 10
916.566195
 20
-337.217826
 30
0.0
 11
916.566195
 21
-331.217826
 31
0.0
  0
LINE
  5
9C8
330
70
100
AcDbEntity
  8
Visible
100
AcDbLine
 10
909.566195
 20
-337.217826
 30
0.0
 11
916.566195
 21
-337.217826
 31
0.0
  0
LINE
  5
9C9
330
70
100
AcDbEntity
  8
Visible
100
AcDbLine
 10
909.566195
 20
-331.217826
 30
0.0
 11
909.566195
 21
-337.217826
 31
0.0
  0
LINE
  5
9CA
330
70
100
AcDbEntity
  8
Visible
100
AcDbLine
 10
896.566195
 20
-331.217826
 30
0.0
 11
909.566195
 21
-331.217826
 31
0.0
  0
LINE
  5
9CB
330
70
100
AcDbEntity
  8
Visible
100
AcDbLine
 10
896.566195
 20
-326.217826
 30
0.0
 11
896.566195
 21
-331.217826
 31
0.0
  0
LINE
  5
9CC
330
70
100
AcDbEntity
  8
Visible
100
AcDbLine
 10
887.566195
 20
-326.217826
 30
0.0
 11
896.566195
 21
-326.217826
 31
0.0
  0
LINE
  5
9CD
330
70
100
AcDbEntity
  8
Visible
100
AcDbLine
 10
887.566195
 20
-276.217826
 30
0.0
 11
887.566195
 21
-326.217826
 31
0.0
  0
LINE
  5
9CE
330
70
100
AcDbEntity
  8
Visible
100
AcDbLine
 10
896.566195
 20
-276.217826
 30
0.0
 11
887.566195
 21
-276.217826
 31
0.0
  0
LINE
  5
9CF
330
70
100
AcDbEntity
  8
Visible
100
AcDbLine
 10
896.566195
 20
-271.217826
 30
0.0
 11
896.566195
 21
-276.217826
 31
0.0
  0
LINE
  5
9D0
330
70
100
AcDbEntity
  8
Visible
100
AcDbLine
 10
902.566195
 20
-271.217826
 30
0.0
 11
896.566195
 21
-271.217826
 31
0.0
  0
CIRCLE
  5
9D1
330
70
100
AcDbEntity
  8
Visible
100
AcDbCircle
 10
-1216.743829
 20
-11.855514
 30
0.0
 40
8.87579729970497
210
0.0
220
0.0
230
-1.0
  0
LINE
  5
9D2
330
70
100
AcDbEntity
  8
Visible
100
AcDbLine
 10
1224.243829
 20
-160.355514
 30
0.0
 11
1224.243829
 21
-163.355514
 31
0.0
  0
LINE
  5
9D3
330
70
100
AcDbEntity
  8
Visible
100
AcDbLine
 10
1204.243829
 20
-160.355514
 30
0.0
 11
1224.243829
 21
-160.355514
 31
0.0
  0
LINE
  5
9D4
330
70
100
AcDbEntity
  8
Visible
100
AcDbLine
 10
1204.243829
 20
-163.355514
 30
0.0
 11
1204.243829
 21
-160.355514
 31
0.0
  0
LINE
  5
9D5
330
70
100
AcDbEntity
  8
Visible
100
AcDbLine
 10
1224.243829
 20
-163.355514
 30
0.0
 11
1204.243829
 21
-163.355514
 31
0.0
  0
LINE
  5
9D6
330
70
100
AcDbEntity
  8
Visible
100
AcDbLine
 10
1224.243829
 20
-229.355514
 30
0.0
 11
1204.243829
 21
-229.355514
 31
0.0
  0
LINE
  5
9D7
330
70
100
AcDbEntity
  8
Visible
100
AcDbLine
 10
1224.243829
 20
-226.355514
 30
0.0
 11
1224.243829
 21
-229.355514
 31
0.0
  0
LINE
  5
9D8
330
70
100
AcDbEntity
  8
Visible
100
AcDbLine
 10
1204.243829
 20
-226.355514
 30
0.0
 11
1224.243829
 21
-226.355514
 31
0.0
  0
LINE
  5
9D9
330
70
100
AcDbEntity
  8
Visible
100
AcDbLine
 10
1204.243829
 20
-229.355514
 30
0.0
 11
1204.243829
 21
-226.355514
 31
0.0
  0
LINE
  5
9DA
330
70
100
AcDbEntity
  8
Visible
100
AcDbLine
 10
1224.243829
 20
-295.355514
 30
0.0
 11
1204.243829
 21
-295.355514
 31
0.0
  0
LINE
  5
9DB
330
70
100
AcDbEntity
  8
Visible
100
AcDbLine
 10
1224.243829
 20
-292.355514
 30
0.0
 11
1224.243829
 21
-295.355514
 31
0.0
  0
LINE
  5
9DC
330
70
100
AcDbEntity
  8
Visible
100
AcDbLine
 10
1204.243829
 20
-292.355514
 30
0.0
 11
1224.243829
 21
-292.355514
 31
0.0
  0
LINE
  5
9DD
330
70
100
AcDbEntity
  8
Visible
100
AcDbLine
 10
1204.243829
 20
-295.355514
 30
0.0
 11
1204.243829
 21
-292.355514
 31
0.0
  0
LINE
  5
9DE
330
70
100
AcDbEntity
  8
Visible
100
AcDbLine
 10
1224.243829
 20
-196.355514
 30
0.0
 11
1204.243829
 21
-196.355514
 31
0.0
  0
LINE
  5
9DF
330
70
100
AcDbEntity
  8
Visible
100
AcDbLine
 10
1224.243829
 20
-193.355514
 30
0.0
 11
1224.243829
 21
-196.355514
 31
0.0
  0
LINE
  5
9E0
330
70
100
AcDbEntity
  8
Visible
100
AcDbLine
 10
1204.243829
 20
-193.355514
 30
0.0
 11
1224.243829
 21
-193.355514
 31
0.0
  0
LINE
  5
9E1
330
70
100
AcDbEntity
  8
Visible
100
AcDbLine
 10
1204.243829
 20
-196.355514
 30
0.0
 11
1204.243829
 21
-193.355514
 31
0.0
  0
LINE
  5
9E2
330
70
100
AcDbEntity
  8
Visible
100
AcDbLine
 10
1224.243829
 20
-64.355514
 30
0.0
 11
1204.243829
 21
-64.355514
 31
0.0
  0
LINE
  5
9E3
330
70
100
AcDbEntity
  8
Visible
100
AcDbLine
 10
1224.243829
 20
-61.355514
 30
0.0
 11
1224.243829
 21
-64.355514
 31
0.0
  0
LINE
  5
9E4
330
70
100
AcDbEntity
  8
Visible
100
AcDbLine
 10
1204.243829
 20
-61.355514
 30
0.0
 11
1224.243829
 21
-61.355514
 31
0.0
  0
LINE
  5
9E5
330
70
100
AcDbEntity
  8
Visible
100
AcDbLine
 10
1204.243829
 20
-64.355514
 30
0.0
 11
1204.243829
 21
-61.355514
 31
0.0
  0
LINE
  5
9E6
330
70
100
AcDbEntity
  8
Visible
100
AcDbLine
 10
1224.243829
 20
-31.355514
 30
0.0
 11
1204.243829
 21
-31.355514
 31
0.0
  0
LINE
  5
9E7
330
70
100
AcDbEntity
  8
Visible
100
AcDbLine
 10
1224.243829
 20
-28.355514
 30
0.0
 11
1224.243829
 21
-31.355514
 31
0.0
  0
LINE
  5
9E8
330
70
100
AcDbEntity
  8
Visible
100
AcDbLine
 10
1204.243829
 20
-28.355514
 30
0.0
 11
1224.243829
 21
-28.355514
 31
0.0
  0
LINE
  5
9E9
330
70
100
AcDbEntity
  8
Visible
100
AcDbLine
 10
1204.243829
 20
-31.355514
 30
0.0
 11
1204.243829
 21
-28.355514
 31
0.0
  0
LINE
  5
9EA
330
70
100
AcDbEntity
  8
Visible
100
AcDbLine
 10
1204.243829
 20
-259.355514
 30
0.0
 11
1224.243829
 21
-259.355514
 31
0.0
  0
LINE
  5
9EB
330
70
100
AcDbEntity
  8
Visible
100
AcDbLine
 10
1204.243829
 20
-262.355514
 30
0.0
 11
1204.243829
 21
-259.355514
 31
0.0
  0
LINE
  5
9EC
330
70
100
AcDbEntity
  8
Visible
100
AcDbLine
 10
1224.243829
 20
-262.355514
 30
0.0
 11
1204.243829
 21
-262.355514
 31
0.0
  0
LINE
  5
9ED
330
70
100
AcDbEntity
  8
Visible
100
AcDbLine
 10
1224.243829
 20
-259.355514
 30
0.0
 11
1224.243829
 21
-262.355514
 31
0.0
  0
LINE
  5
9EE
330
70
100
AcDbEntity
  8
Visible
100
AcDbLine
 10
1224.243829
 20
-94.355514
 30
0.0
 11
1224.243829
 21
-97.355514
 31
0.0
  0
LINE
  5
9EF
330
70
100
AcDbEntity
  8
Visible
100
AcDbLine
 10
1204.243829
 20
-94.355514
 30
0.0
 11
1224.243829
 21
-94.355514
 31
0.0
  0
LINE
  5
9F0
330
70
100
AcDbEntity
  8
Visible
100
AcDbLine
 10
1204.243829
 20
-97.355514
 30
0.0
 11
1204.243829
 21
-94.355514
 31
0.0
  0
LINE
  5
9F1
330
70
100
AcDbEntity
  8
Visible
100
AcDbLine
 10
1224.243829
 20
-97.355514
 30
0.0
 11
1204.243829
 21
-97.355514
 31
0.0
  0
LINE
  5
9F2
330
70
100
AcDbEntity
  8
Visible
100
AcDbLine
 10
1204.243829
 20
-127.355514
 30
0.0
 11
1224.243829
 21
-127.355514
 31
0.0
  0
LINE
  5
9F3
330
70
100
AcDbEntity
  8
Visible
100
AcDbLine
 10
1204.243829
 20
-130.355514
 30
0.0
 11
1204.243829
 21
-127.355514
 31
0.0
  0
LINE
  5
9F4
330
70
100
AcDbEntity
  8
Visible
100
AcDbLine
 10
1224.243829
 20
-130.355514
 30
0.0
 11
1204.243829
 21
-130.355514
 31
0.0
  0
LINE
  5
9F5
330
70
100
AcDbEntity
  8
Visible
100
AcDbLine
 10
1224.243829
 20
-127.355514
 30
0.0
 11
1224.243829
 21
-130.355514
 31
0.0
  0
LINE
  5
9F6
330
70
100
AcDbEntity
  8
Visible
100
AcDbLine
 10
1199.243829
 20
9.144486
 30
0.0
 11
1199.243829
 21
3.144486
 31
0.0
  0
LINE
  5
9F7
330
70
100
AcDbEntity
  8
Visible
100
AcDbLine
 10
1206.243829
 20
9.144486
 30
0.0
 11
1199.243829
 21
9.144486
 31
0.0
  0
LINE
  5
9F8
330
70
100
AcDbEntity
  8
Visible
100
AcDbLine
 10
1206.243829
 20
3.144486
 30
0.0
 11
1206.243829
 21
9.144486
 31
0.0
  0
LINE
  5
9F9
330
70
100
AcDbEntity
  8
Visible
100
AcDbLine
 10
1213.243829
 20
3.144486
 30
0.0
 11
1206.243829
 21
3.144486
 31
0.0
  0
LINE
  5
9FA
330
70
100
AcDbEntity
  8
Visible
100
AcDbLine
 10
1213.243829
 20
9.144486
 30
0.0
 11
1213.243829
 21
3.144486
 31
0.0
  0
LINE
  5
9FB
330
70
100
AcDbEntity
  8
Visible
100
AcDbLine
 10
1220.243829
 20
9.144486
 30
0.0
 11
1213.243829
 21
9.144486
 31
0.0
  0
LINE
  5
9FC
330
70
100
AcDbEntity
  8
Visible
100
AcDbLine
 10
1220.243829
 20
3.144486
 30
0.0
 11
1220.243829
 21
9.144486
 31
0.0
  0
LINE
  5
9FD
330
70
100
AcDbEntity
  8
Visible
100
AcDbLine
 10
1227.243829
 20
3.144486
 30
0.0
 11
1220.243829
 21
3.144486
 31
0.0
  0
LINE
  5
9FE
330
70
100
AcDbEntity
  8
Visible
100
AcDbLine
 10
1227.243829
 20
9.144486
 30
0.0
 11
1227.243829
 21
3.144486
 31
0.0
  0
LINE
  5
9FF
330
70
100
AcDbEntity
  8
Visible
100
AcDbLine
 10
1234.243829
 20
9.144486
 30
0.0
 11
1227.243829
 21
9.144486
 31
0.0
  0
LINE
  5
A00
330
70
100
AcDbEntity
  8
Visible
100
AcDbLine
 10
1234.243829
 20
-332.855514
 30
0.0
 11
1234.243829
 21
9.144486
 31
0.0
  0
LINE
  5
A01
330
70
100
AcDbEntity
  8
Visible
100
AcDbLine
 10
1227.243829
 20
-332.855514
 30
0.0
 11
1234.243829
 21
-332.855514
 31
0.0
  0
LINE
  5
A02
330
70
100
AcDbEntity
  8
Visible
100
AcDbLine
 10
1227.243829
 20
-326.855514
 30
0.0
 11
1227.243829
 21
-332.855514
 31
0.0
  0
LINE
  5
A03
330
70
100
AcDbEntity
  8
Visible
100
AcDbLine
 10
1220.243829
 20
-326.855514
 30
0.0
 11
1227.243829
 21
-326.855514
 31
0.0
  0
LINE
  5
A04
330
70
100
AcDbEntity
  8
Visible
100
AcDbLine
 10
1220.243829
 20
-332.855514
 30
0.0
 11
1220.243829
 21
-326.855514
 31
0.0
  0
LINE
  5
A05
330
70
100
AcDbEntity
  8
Visible
100
AcDbLine
 10
1213.243829
 20
-332.855514
 30
0.0
 11
1220.243829
 21
-332.855514
 31
0.0
  0
LINE
  5
A06
330
70
100
AcDbEntity
  8
Visible
100
AcDbLine
 10
1213.243829
 20
-326.855514
 30
0.0
 11
1213.243829
 21
-332.855514
 31
0.0
  0
LINE
  5
A07
330
70
100
AcDbEntity
  8
Visible
100
AcDbLine
 10
1206.243829
 20
-326.855514
 30
0.0
 11
1213.243829
 21
-326.855514
 31
0.0
  0
LINE
  5
A08
330
70
100
AcDbEntity
  8
Visible
100
AcDbLine
 10
1206.243829
 20
-332.855514
 30
0.0
 11
1206.243829
 21
-326.855514
 31
0.0
  0
LINE
  5
A09
330
70
100
AcDbEntity
  8
Visible
100
AcDbLine
 10
1199.243829
 20
-332.855514
 30
0.0
 11
1206.243829
 21
-332.855514
 31
0.0
  0
LINE
  5
A0A
330
70
100
AcDbEntity
  8
Visible
100
AcDbLine
 10
1199.243829
 20
-326.855514
 30
0.0
 11
1199.243829
 21
-332.855514
 31
0.0
  0
LINE
  5
A0B
330
70
100
AcDbEntity
  8
Visible
100
AcDbLine
 10
1193.243829
 20
-326.855514
 30
0.0
 11
1199.243829
 21
-326.855514
 31
0.0
  0
LINE
  5
A0C
330
70
100
AcDbEntity
  8
Visible
100
AcDbLine
 10
1193.243829
 20
-321.855514
 30
0.0
 11
1193.243829
 21
-326.855514
 31
0.0
  0
LINE
  5
A0D
330
70
100
AcDbEntity
  8
Visible
100
AcDbLine
 10
1184.243829
 20
-321.855514
 30
0.0
 11
1193.243829
 21
-321.855514
 31
0.0
  0
LINE
  5
A0E
330
70
100
AcDbEntity
  8
Visible
100
AcDbLine
 10
1184.243829
 20
-301.855514
 30
0.0
 11
1184.243829
 21
-321.855514
 31
0.0
  0
LINE
  5
A0F
330
70
100
AcDbEntity
  8
Visible
100
AcDbLine
 10
1193.243829
 20
-301.855514
 30
0.0
 11
1184.243829
 21
-301.855514
 31
0.0
  0
LINE
  5
A10
330
70
100
AcDbEntity
  8
Visible
100
AcDbLine
 10
1193.243829
 20
-296.855514
 30
0.0
 11
1193.243829
 21
-301.855514
 31
0.0
  0
LINE
  5
A11
330
70
100
AcDbEntity
  8
Visible
100
AcDbLine
 10
1199.243829
 20
-296.855514
 30
0.0
 11
1193.243829
 21
-296.855514
 31
0.0
  0
LINE
  5
A12
330
70
100
AcDbEntity
  8
Visible
100
AcDbLine
 10
1199.243829
 20
-266.855514
 30
0.0
 11
1199.243829
 21
-296.855514
 31
0.0
  0
LINE
  5
A13
330
70
100
AcDbEntity
  8
Visible
100
AcDbLine
 10
1193.243829
 20
-266.855514
 30
0.0
 11
1199.243829
 21
-266.855514
 31
0.0
  0
LINE
  5
A14
330
70
100
AcDbEntity
  8
Visible
100
AcDbLine
 10
1193.243829
 20
-261.855514
 30
0.0
 11
1193.243829
 21
-266.855514
 31
0.0
  0
LINE
  5
A15
330
70
100
AcDbEntity
  8
Visible
100
AcDbLine
 10
1184.243829
 20
-261.855514
 30
0.0
 11
1193.243829
 21
-261.855514
 31
0.0
  0
LINE
  5
A16
330
70
100
AcDbEntity
  8
Visible
100
AcDbLine
 10
1184.243829
 20
-241.855514
 30
0.0
 11
1184.243829
 21
-261.855514
 31
0.0
  0
LINE
  5
A17
330
70
100
AcDbEntity
  8
Visible
100
AcDbLine
 10
1193.243829
 20
-241.855514
 30
0.0
 11
1184.243829
 21
-241.855514
 31
0.0
  0
LINE
  5
A18
330
70
100
AcDbEntity
  8
Visible
100
AcDbLine
 10
1193.243829
 20
-236.855514
 30
0.0
 11
1193.243829
 21
-241.855514
 31
0.0
  0
LINE
  5
A19
330
70
100
AcDbEntity
  8
Visible
100
AcDbLine
 10
1199.243829
 20
-236.855514
 30
0.0
 11
1193.243829
 21
-236.855514
 31
0.0
  0
LINE
  5
A1A
330
70
100
AcDbEntity
  8
Visible
100
AcDbLine
 10
1199.243829
 20
-206.855514
 30
0.0
 11
1199.243829
 21
-236.855514
 31
0.0
  0
LINE
  5
A1B
330
70
100
AcDbEntity
  8
Visible
100
AcDbLine
 10
1193.243829
 20
-206.855514
 30
0.0
 11
1199.243829
 21
-206.855514
 31
0.0
  0
LINE
  5
A1C
330
70
100
AcDbEntity
  8
Visible
100
AcDbLine
 10
1193.243829
 20
-201.855514
 30
0.0
 11
1193.243829
 21
-206.855514
 31
0.0
  0
LINE
  5
A1D
330
70
100
AcDbEntity
  8
Visible
100
AcDbLine
 10
1184.243829
 20
-201.855514
 30
0.0
 11
1193.243829
 21
-201.855514
 31
0.0
  0
LINE
  5
A1E
330
70
100
AcDbEntity
  8
Visible
100
AcDbLine
 10
1184.243829
 20
-181.855514
 30
0.0
 11
1184.243829
 21
-201.855514
 31
0.0
  0
LINE
  5
A1F
330
70
100
AcDbEntity
  8
Visible
100
AcDbLine
 10
1193.243829
 20
-181.855514
 30
0.0
 11
1184.243829
 21
-181.855514
 31
0.0
  0
LINE
  5
A20
330
70
100
AcDbEntity
  8
Visible
100
AcDbLine
 10
1193.243829
 20
-176.855514
 30
0.0
 11
1193.243829
 21
-181.855514
 31
0.0
  0
LINE
  5
A21
330
70
100
AcDbEntity
  8
Visible
100
AcDbLine
 10
1199.243829
 20
-176.855514
 30
0.0
 11
1193.243829
 21
-176.855514
 31
0.0
  0
LINE
  5
A22
330
70
100
AcDbEntity
  8
Visible
100
AcDbLine
 10
1199.243829
 20
-146.855514
 30
0.0
 11
1199.243829
 21
-176.855514
 31
0.0
  0
LINE
  5
A23
330
70
100
AcDbEntity
  8
Visible
100
AcDbLine
 10
1193.243829
 20
-146.855514
 30
0.0
 11
1199.243829
 21
-146.855514
 31
0.0
  0
LINE
  5
A24
330
70
100
AcDbEntity
  8
Visible
100
AcDbLine
 10
1193.243829
 20
-141.855514
 30
0.0
 11
1193.243829
 21
-146.855514
 31
0.0
  0
LINE
  5
A25
330
70
100
AcDbEntity
  8
Visible
100
AcDbLine
 10
1184.243829
 20
-141.855514
 30
0.0
 11
1193.243829
 21
-141.855514
 31
0.0
  0
LINE
  5
A26
330
70
100
AcDbEntity
  8
Visible
100
AcDbLine
 10
1184.243829
 20
-121.855514
 30
0.0
 11
1184.243829
 21
-141.855514
 31
0.0
  0
LINE
  5
A27
330
70
100
AcDbEntity
  8
Visible
100
AcDbLine
 10
1193.243829
 20
-121.855514
 30
0.0
 11
1184.243829
 21
-121.855514
 31
0.0
  0
LINE
  5
A28
330
70
100
AcDbEntity
  8
Visible
100
AcDbLine
 10
1193.243829
 20
-116.855514
 30
0.0
 11
1193.243829
 21
-121.855514
 31
0.0
  0
LINE
  5
A29
330
70
100
AcDbEntity
  8
Visible
100
AcDbLine
 10
1199.243829
 20
-116.855514
 30
0.0
 11
1193.243829
 21
-116.855514
 31
0.0
  0
LINE
  5
A2A
330
70
100
AcDbEntity
  8
Visible
100
AcDbLine
 10
1199.243829
 20
-86.855514
 30
0.0
 11
1199.243829
 21
-116.855514
 31
0.0
  0
LINE
  5
A2B
330
70
100
AcDbEntity
  8
Visible
100
AcDbLine
 10
1193.243829
 20
-86.855514
 30
0.0
 11
1199.243829
 21
-86.855514
 31
0.0
  0
LINE
  5
A2C
330
70
100
AcDbEntity
  8
Visible
100
AcDbLine
 10
1193.243829
 20
-81.855514
 30
0.0
 11
1193.243829
 21
-86.855514
 31
0.0
  0
LINE
  5
A2D
330
70
100
AcDbEntity
  8
Visible
100
AcDbLine
 10
1184.243829
 20
-81.855514
 30
0.0
 11
1193.243829
 21
-81.855514
 31
0.0
  0
LINE
  5
A2E
330
70
100
AcDbEntity
  8
Visible
100
AcDbLine
 10
1184.243829
 20
-61.855514
 30
0.0
 11
1184.243829
 21
-81.855514
 31
0.0
  0
LINE
  5
A2F
330
70
100
AcDbEntity
  8
Visible
100
AcDbLine
 10
1193.243829
 20
-61.855514
 30
0.0
 11
1184.243829
 21
-61.855514
 31
0.0
  0
LINE
  5
A30
330
70
100
AcDbEntity
  8
Visible
100
AcDbLine
 10
1193.243829
 20
-56.855514
 30
0.0
 11
1193.243829
 21
-61.855514
 31
0.0
  0
LINE
  5
A31
330
70
100
AcDbEntity
  8
Visible
100
AcDbLine
 10
1199.243829
 20
-56.855514
 30
0.0
 11
1193.243829
 21
-56.855514
 31
0.0
  0
LINE
  5
A32
330
70
100
AcDbEntity
  8
Visible
100
AcDbLine
 10
1199.243829
 20
-26.855514
 30
0.0
 11
1199.243829
 21
-56.855514
 31
0.0
  0
LINE
  5
A33
330
70
100
AcDbEntity
  8
Visible
100
AcDbLine
 10
1193.243829
 20
-26.855514
 30
0.0
 11
1199.243829
 21
-26.855514
 31
0.0
  0
LINE
  5
A34
330
70
100
AcDbEntity
  8
Visible
100
AcDbLine
 10
1193.243829
 20
-21.855514
 30
0.0
 11
1193.243829
 21
-26.855514
 31
0.0
  0
LINE
  5
A35
330
70
100
AcDbEntity
  8
Visible
100
AcDbLine
 10
1184.243829
 20
-21.855514
 30
0.0
 11
1193.243829
 21
-21.855514
 31
0.0
  0
LINE
  5
A36
330
70
100
AcDbEntity
  8
Visible
100
AcDbLine
 10
1184.243829
 20
-1.855514
 30
0.0
 11
1184.243829
 21
-21.855514
 31
0.0
  0
LINE
  5
A37
330
70
100
AcDbEntity
  8
Visible
100
AcDbLine
 10
1193.243829
 20
-1.855514
 30
0.0
 11
1184.243829
 21
-1.855514
 31
0.0
  0
LINE
  5
A38
330
70
100
AcDbEntity
  8
Visible
100
AcDbLine
 10
1193.243829
 20
3.144486
 30
0.0
 11
1193.243829
 21
-1.855514
 31
0.0
  0
LINE
  5
A39
330
70
100
AcDbEntity
  8
Visible
100
AcDbLine
 10
1199.243829
 20
3.144486
 30
0.0
 11
1193.243829
 21
3.144486
 31
0.0
  0
LINE
  5
A3A
330
70
100
AcDbEntity
  8
Visible
100
AcDbLine
 10
1096.753817
 20
210.019195
 30
0.0
 11
1116.753817
 21
210.019195
 31
0.0
  0
LINE
  5
A3B
330
70
100
AcDbEntity
  8
Visible
100
AcDbLine
 10
1096.753817
 20
207.019195
 30
0.0
 11
1096.753817
 21
210.019195
 31
0.0
  0
LINE
  5
A3C
330
70
100
AcDbEntity
  8
Visible
100
AcDbLine
 10
1116.753817
 20
207.019195
 30
0.0
 11
1096.753817
 21
207.019195
 31
0.0
  0
LINE
  5
A3D
330
70
100
AcDbEntity
  8
Visible
100
AcDbLine
 10
1116.753817
 20
210.019195
 30
0.0
 11
1116.753817
 21
207.019195
 31
0.0
  0
LINE
  5
A3E
330
70
100
AcDbEntity
  8
Visible
100
AcDbLine
 10
1096.753817
 20
75.019195
 30
0.0
 11
1096.753817
 21
78.019195
 31
0.0
  0
LINE
  5
A3F
330
70
100
AcDbEntity
  8
Visible
100
AcDbLine
 10
1116.753817
 20
75.019195
 30
0.0
 11
1096.753817
 21
75.019195
 31
0.0
  0
LINE
  5
A40
330
70
100
AcDbEntity
  8
Visible
100
AcDbLine
 10
1116.753817
 20
78.019195
 30
0.0
 11
1116.753817
 21
75.019195
 31
0.0
  0
LINE
  5
A41
330
70
100
AcDbEntity
  8
Visible
100
AcDbLine
 10
1096.753817
 20
78.019195
 30
0.0
 11
1116.753817
 21
78.019195
 31
0.0
  0
LINE
  5
A42
330
70
100
AcDbEntity
  8
Visible
100
AcDbLine
 10
1116.753817
 20
111.019195
 30
0.0
 11
1116.753817
 21
108.019195
 31
0.0
  0
LINE
  5
A43
330
70
100
AcDbEntity
  8
Visible
100
AcDbLine
 10
1096.753817
 20
111.019195
 30
0.0
 11
1116.753817
 21
111.019195
 31
0.0
  0
LINE
  5
A44
330
70
100
AcDbEntity
  8
Visible
100
AcDbLine
 10
1096.753817
 20
108.019195
 30
0.0
 11
1096.753817
 21
111.019195
 31
0.0
  0
LINE
  5
A45
330
70
100
AcDbEntity
  8
Visible
100
AcDbLine
 10
1116.753817
 20
108.019195
 30
0.0
 11
1096.753817
 21
108.019195
 31
0.0
  0
LINE
  5
A46
330
70
100
AcDbEntity
  8
Visible
100
AcDbLine
 10
1096.753817
 20
-251.980805
 30
0.0
 11
1116.753817
 21
-251.980805
 31
0.0
  0
LINE
  5
A47
330
70
100
AcDbEntity
  8
Visible
100
AcDbLine
 10
1096.753817
 20
-254.980805
 30
0.0
 11
1096.753817
 21
-251.980805
 31
0.0
  0
LINE
  5
A48
330
70
100
AcDbEntity
  8
Visible
100
AcDbLine
 10
1116.753817
 20
-254.980805
 30
0.0
 11
1096.753817
 21
-254.980805
 31
0.0
  0
LINE
  5
A49
330
70
100
AcDbEntity
  8
Visible
100
AcDbLine
 10
1116.753817
 20
-251.980805
 30
0.0
 11
1116.753817
 21
-254.980805
 31
0.0
  0
LINE
  5
A4A
330
70
100
AcDbEntity
  8
Visible
100
AcDbLine
 10
1116.753817
 20
42.019195
 30
0.0
 11
1096.753817
 21
42.019195
 31
0.0
  0
LINE
  5
A4B
330
70
100
AcDbEntity
  8
Visible
100
AcDbLine
 10
1116.753817
 20
45.019195
 30
0.0
 11
1116.753817
 21
42.019195
 31
0.0
  0
LINE
  5
A4C
330
70
100
AcDbEntity
  8
Visible
100
AcDbLine
 10
1096.753817
 20
45.019195
 30
0.0
 11
1116.753817
 21
45.019195
 31
0.0
  0
LINE
  5
A4D
330
70
100
AcDbEntity
  8
Visible
100
AcDbLine
 10
1096.753817
 20
42.019195
 30
0.0
 11
1096.753817
 21
45.019195
 31
0.0
  0
LINE
  5
A4E
330
70
100
AcDbEntity
  8
Visible
100
AcDbLine
 10
1096.753817
 20
306.019195
 30
0.0
 11
1096.753817
 21
309.019195
 31
0.0
  0
LINE
  5
A4F
330
70
100
AcDbEntity
  8
Visible
100
AcDbLine
 10
1116.753817
 20
306.019195
 30
0.0
 11
1096.753817
 21
306.019195
 31
0.0
  0
LINE
  5
A50
330
70
100
AcDbEntity
  8
Visible
100
AcDbLine
 10
1116.753817
 20
309.019195
 30
0.0
 11
1116.753817
 21
306.019195
 31
0.0
  0
LINE
  5
A51
330
70
100
AcDbEntity
  8
Visible
100
AcDbLine
 10
1096.753817
 20
309.019195
 30
0.0
 11
1116.753817
 21
309.019195
 31
0.0
  0
LINE
  5
A52
330
70
100
AcDbEntity
  8
Visible
100
AcDbLine
 10
1096.753817
 20
9.019195
 30
0.0
 11
1096.753817
 21
12.019195
 31
0.0
  0
LINE
  5
A53
330
70
100
AcDbEntity
  8
Visible
100
AcDbLine
 10
1116.753817
 20
9.019195
 30
0.0
 11
1096.753817
 21
9.019195
 31
0.0
  0
LINE
  5
A54
330
70
100
AcDbEntity
  8
Visible
100
AcDbLine
 10
1116.753817
 20
12.019195
 30
0.0
 11
1116.753817
 21
9.019195
 31
0.0
  0
LINE
  5
A55
330
70
100
AcDbEntity
  8
Visible
100
AcDbLine
 10
1096.753817
 20
12.019195
 30
0.0
 11
1116.753817
 21
12.019195
 31
0.0
  0
LINE
  5
A56
330
70
100
AcDbEntity
  8
Visible
100
AcDbLine
 10
1096.753817
 20
-188.980805
 30
0.0
 11
1096.753817
 21
-185.980805
 31
0.0
  0
LINE
  5
A57
330
70
100
AcDbEntity
  8
Visible
100
AcDbLine
 10
1116.753817
 20
-188.980805
 30
0.0
 11
1096.753817
 21
-188.980805
 31
0.0
  0
LINE
  5
A58
330
70
100
AcDbEntity
  8
Visible
100
AcDbLine
 10
1116.753817
 20
-185.980805
 30
0.0
 11
1116.753817
 21
-188.980805
 31
0.0
  0
LINE
  5
A59
330
70
100
AcDbEntity
  8
Visible
100
AcDbLine
 10
1096.753817
 20
-185.980805
 30
0.0
 11
1116.753817
 21
-185.980805
 31
0.0
  0
LINE
  5
A5A
330
70
100
AcDbEntity
  8
Visible
100
AcDbLine
 10
1116.753817
 20
-155.980805
 30
0.0
 11
1096.753817
 21
-155.980805
 31
0.0
  0
LINE
  5
A5B
330
70
100
AcDbEntity
  8
Visible
100
AcDbLine
 10
1116.753817
 20
-152.980805
 30
0.0
 11
1116.753817
 21
-155.980805
 31
0.0
  0
LINE
  5
A5C
330
70
100
AcDbEntity
  8
Visible
100
AcDbLine
 10
1096.753817
 20
-152.980805
 30
0.0
 11
1116.753817
 21
-152.980805
 31
0.0
  0
LINE
  5
A5D
330
70
100
AcDbEntity
  8
Visible
100
AcDbLine
 10
1096.753817
 20
-155.980805
 30
0.0
 11
1096.753817
 21
-152.980805
 31
0.0
  0
LINE
  5
A5E
330
70
100
AcDbEntity
  8
Visible
100
AcDbLine
 10
1116.753817
 20
141.019195
 30
0.0
 11
1096.753817
 21
141.019195
 31
0.0
  0
LINE
  5
A5F
330
70
100
AcDbEntity
  8
Visible
100
AcDbLine
 10
1116.753817
 20
144.019195
 30
0.0
 11
1116.753817
 21
141.019195
 31
0.0
  0
LINE
  5
A60
330
70
100
AcDbEntity
  8
Visible
100
AcDbLine
 10
1096.753817
 20
144.019195
 30
0.0
 11
1116.753817
 21
144.019195
 31
0.0
  0
LINE
  5
A61
330
70
100
AcDbEntity
  8
Visible
100
AcDbLine
 10
1096.753817
 20
141.019195
 30
0.0
 11
1096.753817
 21
144.019195
 31
0.0
  0
LINE
  5
A62
330
70
100
AcDbEntity
  8
Visible
100
AcDbLine
 10
1116.753817
 20
-23.980805
 30
0.0
 11
1096.753817
 21
-23.980805
 31
0.0
  0
LINE
  5
A63
330
70
100
AcDbEntity
  8
Visible
100
AcDbLine
 10
1116.753817
 20
-20.980805
 30
0.0
 11
1116.753817
 21
-23.980805
 31
0.0
  0
LINE
  5
A64
330
70
100
AcDbEntity
  8
Visible
100
AcDbLine
 10
1096.753817
 20
-20.980805
 30
0.0
 11
1116.753817
 21
-20.980805
 31
0.0
  0
LINE
  5
A65
330
70
100
AcDbEntity
  8
Visible
100
AcDbLine
 10
1096.753817
 20
-23.980805
 30
0.0
 11
1096.753817
 21
-20.980805
 31
0.0
  0
LINE
  5
A66
330
70
100
AcDbEntity
  8
Visible
100
AcDbLine
 10
1096.753817
 20
273.019195
 30
0.0
 11
1096.753817
 21
276.019195
 31
0.0
  0
LINE
  5
A67
330
70
100
AcDbEntity
  8
Visible
100
AcDbLine
 10
1116.753817
 20
273.019195
 30
0.0
 11
1096.753817
 21
273.019195
 31
0.0
  0
LINE
  5
A68
330
70
100
AcDbEntity
  8
Visible
100
AcDbLine
 10
1116.753817
 20
276.019195
 30
0.0
 11
1116.753817
 21
273.019195
 31
0.0
  0
LINE
  5
A69
330
70
100
AcDbEntity
  8
Visible
100
AcDbLine
 10
1096.753817
 20
276.019195
 30
0.0
 11
1116.753817
 21
276.019195
 31
0.0
  0
LINE
  5
A6A
330
70
100
AcDbEntity
  8
Visible
100
AcDbLine
 10
1116.753817
 20
-86.980805
 30
0.0
 11
1116.753817
 21
-89.980805
 31
0.0
  0
LINE
  5
A6B
330
70
100
AcDbEntity
  8
Visible
100
AcDbLine
 10
1096.753817
 20
-86.980805
 30
0.0
 11
1116.753817
 21
-86.980805
 31
0.0
  0
LINE
  5
A6C
330
70
100
AcDbEntity
  8
Visible
100
AcDbLine
 10
1096.753817
 20
-89.980805
 30
0.0
 11
1096.753817
 21
-86.980805
 31
0.0
  0
LINE
  5
A6D
330
70
100
AcDbEntity
  8
Visible
100
AcDbLine
 10
1116.753817
 20
-89.980805
 30
0.0
 11
1096.753817
 21
-89.980805
 31
0.0
  0
LINE
  5
A6E
330
70
100
AcDbEntity
  8
Visible
100
AcDbLine
 10
1116.753817
 20
240.019195
 30
0.0
 11
1096.753817
 21
240.019195
 31
0.0
  0
LINE
  5
A6F
330
70
100
AcDbEntity
  8
Visible
100
AcDbLine
 10
1116.753817
 20
243.019195
 30
0.0
 11
1116.753817
 21
240.019195
 31
0.0
  0
LINE
  5
A70
330
70
100
AcDbEntity
  8
Visible
100
AcDbLine
 10
1096.753817
 20
243.019195
 30
0.0
 11
1116.753817
 21
243.019195
 31
0.0
  0
LINE
  5
A71
330
70
100
AcDbEntity
  8
Visible
100
AcDbLine
 10
1096.753817
 20
240.019195
 30
0.0
 11
1096.753817
 21
243.019195
 31
0.0
  0
LINE
  5
A72
330
70
100
AcDbEntity
  8
Visible
100
AcDbLine
 10
1116.753817
 20
-53.980805
 30
0.0
 11
1116.753817
 21
-56.980805
 31
0.0
  0
LINE
  5
A73
330
70
100
AcDbEntity
  8
Visible
100
AcDbLine
 10
1096.753817
 20
-53.980805
 30
0.0
 11
1116.753817
 21
-53.980805
 31
0.0
  0
LINE
  5
A74
330
70
100
AcDbEntity
  8
Visible
100
AcDbLine
 10
1096.753817
 20
-56.980805
 30
0.0
 11
1096.753817
 21
-53.980805
 31
0.0
  0
LINE
  5
A75
330
70
100
AcDbEntity
  8
Visible
100
AcDbLine
 10
1116.753817
 20
-56.980805
 30
0.0
 11
1096.753817
 21
-56.980805
 31
0.0
  0
LINE
  5
A76
330
70
100
AcDbEntity
  8
Visible
100
AcDbLine
 10
1116.753817
 20
174.019195
 30
0.0
 11
1096.753817
 21
174.019195
 31
0.0
  0
LINE
  5
A77
330
70
100
AcDbEntity
  8
Visible
100
AcDbLine
 10
1116.753817
 20
177.019195
 30
0.0
 11
1116.753817
 21
174.019195
 31
0.0
  0
LINE
  5
A78
330
70
100
AcDbEntity
  8
Visible
100
AcDbLine
 10
1096.753817
 20
177.019195
 30
0.0
 11
1116.753817
 21
177.019195
 31
0.0
  0
LINE
  5
A79
330
70
100
AcDbEntity
  8
Visible
100
AcDbLine
 10
1096.753817
 20
174.019195
 30
0.0
 11
1096.753817
 21
177.019195
 31
0.0
  0
LINE
  5
A7A
330
70
100
AcDbEntity
  8
Visible
100
AcDbLine
 10
1116.753817
 20
-287.980805
 30
0.0
 11
1096.753817
 21
-287.980805
 31
0.0
  0
LINE
  5
A7B
330
70
100
AcDbEntity
  8
Visible
100
AcDbLine
 10
1116.753817
 20
-284.980805
 30
0.0
 11
1116.753817
 21
-287.980805
 31
0.0
  0
LINE
  5
A7C
330
70
100
AcDbEntity
  8
Visible
100
AcDbLine
 10
1096.753817
 20
-284.980805
 30
0.0
 11
1116.753817
 21
-284.980805
 31
0.0
  0
LINE
  5
A7D
330
70
100
AcDbEntity
  8
Visible
100
AcDbLine
 10
1096.753817
 20
-287.980805
 30
0.0
 11
1096.753817
 21
-284.980805
 31
0.0
  0
LINE
  5
A7E
330
70
100
AcDbEntity
  8
Visible
100
AcDbLine
 10
1096.753817
 20
-119.980805
 30
0.0
 11
1116.753817
 21
-119.980805
 31
0.0
  0
LINE
  5
A7F
330
70
100
AcDbEntity
  8
Visible
100
AcDbLine
 10
1096.753817
 20
-122.980805
 30
0.0
 11
1096.753817
 21
-119.980805
 31
0.0
  0
LINE
  5
A80
330
70
100
AcDbEntity
  8
Visible
100
AcDbLine
 10
1116.753817
 20
-122.980805
 30
0.0
 11
1096.753817
 21
-122.980805
 31
0.0
  0
LINE
  5
A81
330
70
100
AcDbEntity
  8
Visible
100
AcDbLine
 10
1116.753817
 20
-119.980805
 30
0.0
 11
1116.753817
 21
-122.980805
 31
0.0
  0
LINE
  5
A82
330
70
100
AcDbEntity
  8
Visible
100
AcDbLine
 10
1096.753817
 20
-221.980805
 30
0.0
 11
1096.753817
 21
-218.980805
 31
0.0
  0
LINE
  5
A83
330
70
100
AcDbEntity
  8
Visible
100
AcDbLine
 10
1116.753817
 20
-221.980805
 30
0.0
 11
1096.753817
 21
-221.980805
 31
0.0
  0
LINE
  5
A84
330
70
100
AcDbEntity
  8
Visible
100
AcDbLine
 10
1116.753817
 20
-218.980805
 30
0.0
 11
1116.753817
 21
-221.980805
 31
0.0
  0
LINE
  5
A85
330
70
100
AcDbEntity
  8
Visible
100
AcDbLine
 10
1096.753817
 20
-218.980805
 30
0.0
 11
1116.753817
 21
-218.980805
 31
0.0
  0
LINE
  5
A86
330
70
100
AcDbEntity
  8
Visible
100
AcDbLine
 10
1091.753817
 20
-79.480805
 30
0.0
 11
1091.753817
 21
-139.480805
 31
0.0
  0
LINE
  5
A87
330
70
100
AcDbEntity
  8
Visible
100
AcDbLine
 10
1085.753817
 20
-79.480805
 30
0.0
 11
1091.753817
 21
-79.480805
 31
0.0
  0
LINE
  5
A88
330
70
100
AcDbEntity
  8
Visible
100
AcDbLine
 10
1085.753817
 20
-74.480805
 30
0.0
 11
1085.753817
 21
-79.480805
 31
0.0
  0
LINE
  5
A89
330
70
100
AcDbEntity
  8
Visible
100
AcDbLine
 10
1076.753817
 20
-74.480805
 30
0.0
 11
1085.753817
 21
-74.480805
 31
0.0
  0
LINE
  5
A8A
330
70
100
AcDbEntity
  8
Visible
100
AcDbLine
 10
1076.753817
 20
-24.480805
 30
0.0
 11
1076.753817
 21
-74.480805
 31
0.0
  0
LINE
  5
A8B
330
70
100
AcDbEntity
  8
Visible
100
AcDbLine
 10
1085.753817
 20
-24.480805
 30
0.0
 11
1076.753817
 21
-24.480805
 31
0.0
  0
LINE
  5
A8C
330
70
100
AcDbEntity
  8
Visible
100
AcDbLine
 10
1085.753817
 20
-19.480805
 30
0.0
 11
1085.753817
 21
-24.480805
 31
0.0
  0
LINE
  5
A8D
330
70
100
AcDbEntity
  8
Visible
100
AcDbLine
 10
1091.753817
 20
-19.480805
 30
0.0
 11
1085.753817
 21
-19.480805
 31
0.0
  0
LINE
  5
A8E
330
70
100
AcDbEntity
  8
Visible
100
AcDbLine
 10
1091.753817
 20
40.519195
 30
0.0
 11
1091.753817
 21
-19.480805
 31
0.0
  0
LINE
  5
A8F
330
70
100
AcDbEntity
  8
Visible
100
AcDbLine
 10
1085.753817
 20
40.519195
 30
0.0
 11
1091.753817
 21
40.519195
 31
0.0
  0
LINE
  5
A90
330
70
100
AcDbEntity
  8
Visible
100
AcDbLine
 10
1085.753817
 20
45.519195
 30
0.0
 11
1085.753817
 21
40.519195
 31
0.0
  0
LINE
  5
A91
330
70
100
AcDbEntity
  8
Visible
100
AcDbLine
 10
1076.753817
 20
45.519195
 30
0.0
 11
1085.753817
 21
45.519195
 31
0.0
  0
LINE
  5
A92
330
70
100
AcDbEntity
  8
Visible
100
AcDbLine
 10
1076.753817
 20
95.519195
 30
0.0
 11
1076.753817
 21
45.519195
 31
0.0
  0
LINE
  5
A93
330
70
100
AcDbEntity
  8
Visible
100
AcDbLine
 10
1085.753817
 20
95.519195
 30
0.0
 11
1076.753817
 21
95.519195
 31
0.0
  0
LINE
  5
A94
330
70
100
AcDbEntity
  8
Visible
100
AcDbLine
 10
1085.753817
 20
100.519195
 30
0.0
 11
1085.753817
 21
95.519195
 31
0.0
  0
LINE
  5
A95
330
70
100
AcDbEntity
  8
Visible
100
AcDbLine
 10
1091.753817
 20
100.519195
 30
0.0
 11
1085.753817
 21
100.519195
 31
0.0
  0
LINE
  5
A96
330
70
100
AcDbEntity
  8
Visible
100
AcDbLine
 10
1091.753817
 20
160.519195
 30
0.0
 11
1091.753817
 21
100.519195
 31
0.0
  0
LINE
  5
A97
330
70
100
AcDbEntity
  8
Visible
100
AcDbLine
 10
1085.753817
 20
160.519195
 30
0.0
 11
1091.753817
 21
160.519195
 31
0.0
  0
LINE
  5
A98
330
70
100
AcDbEntity
  8
Visible
100
AcDbLine
 10
1085.753817
 20
165.519195
 30
0.0
 11
1085.753817
 21
160.519195
 31
0.0
  0
LINE
  5
A99
330
70
100
AcDbEntity
  8
Visible
100
AcDbLine
 10
1076.753817
 20
165.519195
 30
0.0
 11
1085.753817
 21
165.519195
 31
0.0
  0
LINE
  5
A9A
330
70
100
AcDbEntity
  8
Visible
100
AcDbLine
 10
1076.753817
 20
215.519195
 30
0.0
 11
1076.753817
 21
165.519195
 31
0.0
  0
LINE
  5
A9B
330
70
100
AcDbEntity
  8
Visible
100
AcDbLine
 10
1085.753817
 20
215.519195
 30
0.0
 11
1076.753817
 21
215.519195
 31
0.0
  0
LINE
  5
A9C
330
70
100
AcDbEntity
  8
Visible
100
AcDbLine
 10
1085.753817
 20
220.519195
 30
0.0
 11
1085.753817
 21
215.519195
 31
0.0
  0
LINE
  5
A9D
330
70
100
AcDbEntity
  8
Visible
100
AcDbLine
 10
1091.753817
 20
220.519195
 30
0.0
 11
1085.753817
 21
220.519195
 31
0.0
  0
LINE
  5
A9E
330
70
100
AcDbEntity
  8
Visible
100
AcDbLine
 10
1091.753817
 20
280.519195
 30
0.0
 11
1091.753817
 21
220.519195
 31
0.0
  0
LINE
  5
A9F
330
70
100
AcDbEntity
  8
Visible
100
AcDbLine
 10
1085.753817
 20
280.519195
 30
0.0
 11
1091.753817
 21
280.519195
 31
0.0
  0
LINE
  5
AA0
330
70
100
AcDbEntity
  8
Visible
100
AcDbLine
 10
1085.753817
 20
285.519195
 30
0.0
 11
1085.753817
 21
280.519195
 31
0.0
  0
LINE
  5
AA1
330
70
100
AcDbEntity
  8
Visible
100
AcDbLine
 10
1076.753817
 20
285.519195
 30
0.0
 11
1085.753817
 21
285.519195
 31
0.0
  0
LINE
  5
AA2
330
70
100
AcDbEntity
  8
Visible
100
AcDbLine
 10
1076.753817
 20
335.519195
 30
0.0
 11
1076.753817
 21
285.519195
 31
0.0
  0
LINE
  5
AA3
330
70
100
AcDbEntity
  8
Visible
100
AcDbLine
 10
1085.753817
 20
335.519195
 30
0.0
 11
1076.753817
 21
335.519195
 31
0.0
  0
LINE
  5
AA4
330
70
100
AcDbEntity
  8
Visible
100
AcDbLine
 10
1085.753817
 20
340.519195
 30
0.0
 11
1085.753817
 21
335.519195
 31
0.0
  0
LINE
  5
AA5
330
70
100
AcDbEntity
  8
Visible
100
AcDbLine
 10
1098.753817
 20
340.519195
 30
0.0
 11
1085.753817
 21
340.519195
 31
0.0
  0
LINE
  5
AA6
330
70
100
AcDbEntity
  8
Visible
100
AcDbLine
 10
1098.753817
 20
346.519195
 30
0.0
 11
1098.753817
 21
340.519195
 31
0.0
  0
LINE
  5
AA7
330
70
100
AcDbEntity
  8
Visible
100
AcDbLine
 10
1105.753817
 20
346.519195
 30
0.0
 11
1098.753817
 21
346.519195
 31
0.0
  0
LINE
  5
AA8
330
70
100
AcDbEntity
  8
Visible
100
AcDbLine
 10
1105.753817
 20
340.519195
 30
0.0
 11
1105.753817
 21
346.519195
 31
0.0
  0
LINE
  5
AA9
330
70
100
AcDbEntity
  8
Visible
100
AcDbLine
 10
1112.753817
 20
340.519195
 30
0.0
 11
1105.753817
 21
340.519195
 31
0.0
  0
LINE
  5
AAA
330
70
100
AcDbEntity
  8
Visible
100
AcDbLine
 10
1112.753817
 20
346.519195
 30
0.0
 11
1112.753817
 21
340.519195
 31
0.0
  0
LINE
  5
AAB
330
70
100
AcDbEntity
  8
Visible
100
AcDbLine
 10
1119.753817
 20
346.519195
 30
0.0
 11
1112.753817
 21
346.519195
 31
0.0
  0
LINE
  5
AAC
330
70
100
AcDbEntity
  8
Visible
100
AcDbLine
 10
1119.753817
 20
340.519195
 30
0.0
 11
1119.753817
 21
346.519195
 31
0.0
  0
LINE
  5
AAD
330
70
100
AcDbEntity
  8
Visible
100
AcDbLine
 10
1126.753817
 20
340.519195
 30
0.0
 11
1119.753817
 21
340.519195
 31
0.0
  0
LINE
  5
AAE
330
70
100
AcDbEntity
  8
Visible
100
AcDbLine
 10
1126.753817
 20
-319.480805
 30
0.0
 11
1126.753817
 21
340.519195
 31
0.0
  0
LINE
  5
AAF
330
70
100
AcDbEntity
  8
Visible
100
AcDbLine
 10
1119.753817
 20
-319.480805
 30
0.0
 11
1126.753817
 21
-319.480805
 31
0.0
  0
LINE
  5
AB0
330
70
100
AcDbEntity
  8
Visible
100
AcDbLine
 10
1119.753817
 20
-325.480805
 30
0.0
 11
1119.753817
 21
-319.480805
 31
0.0
  0
LINE
  5
AB1
330
70
100
AcDbEntity
  8
Visible
100
AcDbLine
 10
1112.753817
 20
-325.480805
 30
0.0
 11
1119.753817
 21
-325.480805
 31
0.0
  0
LINE
  5
AB2
330
70
100
AcDbEntity
  8
Visible
100
AcDbLine
 10
1112.753817
 20
-319.480805
 30
0.0
 11
1112.753817
 21
-325.480805
 31
0.0
  0
LINE
  5
AB3
330
70
100
AcDbEntity
  8
Visible
100
AcDbLine
 10
1105.753817
 20
-319.480805
 30
0.0
 11
1112.753817
 21
-319.480805
 31
0.0
  0
LINE
  5
AB4
330
70
100
AcDbEntity
  8
Visible
100
AcDbLine
 10
1105.753817
 20
-325.480805
 30
0.0
 11
1105.753817
 21
-319.480805
 31
0.0
  0
LINE
  5
AB5
330
70
100
AcDbEntity
  8
Visible
100
AcDbLine
 10
1098.753817
 20
-325.480805
 30
0.0
 11
1105.753817
 21
-325.480805
 31
0.0
  0
LINE
  5
AB6
330
70
100
AcDbEntity
  8
Visible
100
AcDbLine
 10
1098.753817
 20
-319.480805
 30
0.0
 11
1098.753817
 21
-325.480805
 31
0.0
  0
LINE
  5
AB7
330
70
100
AcDbEntity
  8
Visible
100
AcDbLine
 10
1085.753817
 20
-319.480805
 30
0.0
 11
1098.753817
 21
-319.480805
 31
0.0
  0
LINE
  5
AB8
330
70
100
AcDbEntity
  8
Visible
100
AcDbLine
 10
1085.753817
 20
-314.480805
 30
0.0
 11
1085.753817
 21
-319.480805
 31
0.0
  0
LINE
  5
AB9
330
70
100
AcDbEntity
  8
Visible
100
AcDbLine
 10
1076.753817
 20
-314.480805
 30
0.0
 11
1085.753817
 21
-314.480805
 31
0.0
  0
LINE
  5
ABA
330
70
100
AcDbEntity
  8
Visible
100
AcDbLine
 10
1076.753817
 20
-264.480805
 30
0.0
 11
1076.753817
 21
-314.480805
 31
0.0
  0
LINE
  5
ABB
330
70
100
AcDbEntity
  8
Visible
100
AcDbLine
 10
1085.753817
 20
-264.480805
 30
0.0
 11
1076.753817
 21
-264.480805
 31
0.0
  0
LINE
  5
ABC
330
70
100
AcDbEntity
  8
Visible
100
AcDbLine
 10
1085.753817
 20
-259.480805
 30
0.0
 11
1085.753817
 21
-264.480805
 31
0.0
  0
LINE
  5
ABD
330
70
100
AcDbEntity
  8
Visible
100
AcDbLine
 10
1091.753817
 20
-259.480805
 30
0.0
 11
1085.753817
 21
-259.480805
 31
0.0
  0
LINE
  5
ABE
330
70
100
AcDbEntity
  8
Visible
100
AcDbLine
 10
1091.753817
 20
-199.480805
 30
0.0
 11
1091.753817
 21
-259.480805
 31
0.0
  0
LINE
  5
ABF
330
70
100
AcDbEntity
  8
Visible
100
AcDbLine
 10
1085.753817
 20
-199.480805
 30
0.0
 11
1091.753817
 21
-199.480805
 31
0.0
  0
LINE
  5
AC0
330
70
100
AcDbEntity
  8
Visible
100
AcDbLine
 10
1085.753817
 20
-194.480805
 30
0.0
 11
1085.753817
 21
-199.480805
 31
0.0
  0
LINE
  5
AC1
330
70
100
AcDbEntity
  8
Visible
100
AcDbLine
 10
1076.753817
 20
-194.480805
 30
0.0
 11
1085.753817
 21
-194.480805
 31
0.0
  0
LINE
  5
AC2
330
70
100
AcDbEntity
  8
Visible
100
AcDbLine
 10
1076.753817
 20
-144.480805
 30
0.0
 11
1076.753817
 21
-194.480805
 31
0.0
  0
LINE
  5
AC3
330
70
100
AcDbEntity
  8
Visible
100
AcDbLine
 10
1085.753817
 20
-144.480805
 30
0.0
 11
1076.753817
 21
-144.480805
 31
0.0
  0
LINE
  5
AC4
330
70
100
AcDbEntity
  8
Visible
100
AcDbLine
 10
1085.753817
 20
-139.480805
 30
0.0
 11
1085.753817
 21
-144.480805
 31
0.0
  0
LINE
  5
AC5
330
70
100
AcDbEntity
  8
Visible
100
AcDbLine
 10
1091.753817
 20
-139.480805
 30
0.0
 11
1085.753817
 21
-139.480805
 31
0.0
  0
LINE
  5
AC6
330
70
100
AcDbEntity
  8
Visible
100
AcDbLine
 10
1017.158261
 20
-224.544476
 30
0.0
 11
997.158261
 21
-224.544476
 31
0.0
  0
LINE
  5
AC7
330
70
100
AcDbEntity
  8
Visible
100
AcDbLine
 10
1017.158261
 20
-221.544476
 30
0.0
 11
1017.158261
 21
-224.544476
 31
0.0
  0
LINE
  5
AC8
330
70
100
AcDbEntity
  8
Visible
100
AcDbLine
 10
997.158261
 20
-221.544476
 30
0.0
 11
1017.158261
 21
-221.544476
 31
0.0
  0
LINE
  5
AC9
330
70
100
AcDbEntity
  8
Visible
100
AcDbLine
 10
997.158261
 20
-224.544476
 30
0.0
 11
997.158261
 21
-221.544476
 31
0.0
  0
LINE
  5
ACA
330
70
100
AcDbEntity
  8
Visible
100
AcDbLine
 10
1017.158261
 20
-254.544476
 30
0.0
 11
1017.158261
 21
-257.544476
 31
0.0
  0
LINE
  5
ACB
330
70
100
AcDbEntity
  8
Visible
100
AcDbLine
 10
997.158261
 20
-254.544476
 30
0.0
 11
1017.158261
 21
-254.544476
 31
0.0
  0
LINE
  5
ACC
330
70
100
AcDbEntity
  8
Visible
100
AcDbLine
 10
997.158261
 20
-257.544476
 30
0.0
 11
997.158261
 21
-254.544476
 31
0.0
  0
LINE
  5
ACD
330
70
100
AcDbEntity
  8
Visible
100
AcDbLine
 10
1017.158261
 20
-257.544476
 30
0.0
 11
997.158261
 21
-257.544476
 31
0.0
  0
LINE
  5
ACE
330
70
100
AcDbEntity
  8
Visible
100
AcDbLine
 10
1017.158261
 20
-191.544476
 30
0.0
 11
997.158261
 21
-191.544476
 31
0.0
  0
LINE
  5
ACF
330
70
100
AcDbEntity
  8
Visible
100
AcDbLine
 10
1017.158261
 20
-188.544476
 30
0.0
 11
1017.158261
 21
-191.544476
 31
0.0
  0
LINE
  5
AD0
330
70
100
AcDbEntity
  8
Visible
100
AcDbLine
 10
997.158261
 20
-188.544476
 30
0.0
 11
1017.158261
 21
-188.544476
 31
0.0
  0
LINE
  5
AD1
330
70
100
AcDbEntity
  8
Visible
100
AcDbLine
 10
997.158261
 20
-191.544476
 30
0.0
 11
997.158261
 21
-188.544476
 31
0.0
  0
LINE
  5
AD2
330
70
100
AcDbEntity
  8
Visible
100
AcDbLine
 10
1017.158261
 20
-290.544476
 30
0.0
 11
997.158261
 21
-290.544476
 31
0.0
  0
LINE
  5
AD3
330
70
100
AcDbEntity
  8
Visible
100
AcDbLine
 10
1017.158261
 20
-287.544476
 30
0.0
 11
1017.158261
 21
-290.544476
 31
0.0
  0
LINE
  5
AD4
330
70
100
AcDbEntity
  8
Visible
100
AcDbLine
 10
997.158261
 20
-287.544476
 30
0.0
 11
1017.158261
 21
-287.544476
 31
0.0
  0
LINE
  5
AD5
330
70
100
AcDbEntity
  8
Visible
100
AcDbLine
 10
997.158261
 20
-290.544476
 30
0.0
 11
997.158261
 21
-287.544476
 31
0.0
  0
LINE
  5
AD6
330
70
100
AcDbEntity
  8
Visible
100
AcDbLine
 10
997.158261
 20
-23.544476
 30
0.0
 11
1017.158261
 21
-23.544476
 31
0.0
  0
LINE
  5
AD7
330
70
100
AcDbEntity
  8
Visible
100
AcDbLine
 10
997.158261
 20
-26.544476
 30
0.0
 11
997.158261
 21
-23.544476
 31
0.0
  0
LINE
  5
AD8
330
70
100
AcDbEntity
  8
Visible
100
AcDbLine
 10
1017.158261
 20
-26.544476
 30
0.0
 11
997.158261
 21
-26.544476
 31
0.0
  0
LINE
  5
AD9
330
70
100
AcDbEntity
  8
Visible
100
AcDbLine
 10
1017.158261
 20
-23.544476
 30
0.0
 11
1017.158261
 21
-26.544476
 31
0.0
  0
LINE
  5
ADA
330
70
100
AcDbEntity
  8
Visible
100
AcDbLine
 10
997.158261
 20
-56.544476
 30
0.0
 11
1017.158261
 21
-56.544476
 31
0.0
  0
LINE
  5
ADB
330
70
100
AcDbEntity
  8
Visible
100
AcDbLine
 10
997.158261
 20
-59.544476
 30
0.0
 11
997.158261
 21
-56.544476
 31
0.0
  0
LINE
  5
ADC
330
70
100
AcDbEntity
  8
Visible
100
AcDbLine
 10
1017.158261
 20
-59.544476
 30
0.0
 11
997.158261
 21
-59.544476
 31
0.0
  0
LINE
  5
ADD
330
70
100
AcDbEntity
  8
Visible
100
AcDbLine
 10
1017.158261
 20
-56.544476
 30
0.0
 11
1017.158261
 21
-59.544476
 31
0.0
  0
LINE
  5
ADE
330
70
100
AcDbEntity
  8
Visible
100
AcDbLine
 10
1017.158261
 20
-122.544476
 30
0.0
 11
1017.158261
 21
-125.544476
 31
0.0
  0
LINE
  5
ADF
330
70
100
AcDbEntity
  8
Visible
100
AcDbLine
 10
997.158261
 20
-122.544476
 30
0.0
 11
1017.158261
 21
-122.544476
 31
0.0
  0
LINE
  5
AE0
330
70
100
AcDbEntity
  8
Visible
100
AcDbLine
 10
997.158261
 20
-125.544476
 30
0.0
 11
997.158261
 21
-122.544476
 31
0.0
  0
LINE
  5
AE1
330
70
100
AcDbEntity
  8
Visible
100
AcDbLine
 10
1017.158261
 20
-125.544476
 30
0.0
 11
997.158261
 21
-125.544476
 31
0.0
  0
LINE
  5
AE2
330
70
100
AcDbEntity
  8
Visible
100
AcDbLine
 10
997.158261
 20
-92.544476
 30
0.0
 11
997.158261
 21
-89.544476
 31
0.0
  0
LINE
  5
AE3
330
70
100
AcDbEntity
  8
Visible
100
AcDbLine
 10
1017.158261
 20
-92.544476
 30
0.0
 11
997.158261
 21
-92.544476
 31
0.0
  0
LINE
  5
AE4
330
70
100
AcDbEntity
  8
Visible
100
AcDbLine
 10
1017.158261
 20
-89.544476
 30
0.0
 11
1017.158261
 21
-92.544476
 31
0.0
  0
LINE
  5
AE5
330
70
100
AcDbEntity
  8
Visible
100
AcDbLine
 10
997.158261
 20
-89.544476
 30
0.0
 11
1017.158261
 21
-89.544476
 31
0.0
  0
LINE
  5
AE6
330
70
100
AcDbEntity
  8
Visible
100
AcDbLine
 10
1017.158261
 20
-155.544476
 30
0.0
 11
1017.158261
 21
-158.544476
 31
0.0
  0
LINE
  5
AE7
330
70
100
AcDbEntity
  8
Visible
100
AcDbLine
 10
997.158261
 20
-155.544476
 30
0.0
 11
1017.158261
 21
-155.544476
 31
0.0
  0
LINE
  5
AE8
330
70
100
AcDbEntity
  8
Visible
100
AcDbLine
 10
997.158261
 20
-158.544476
 30
0.0
 11
997.158261
 21
-155.544476
 31
0.0
  0
LINE
  5
AE9
330
70
100
AcDbEntity
  8
Visible
100
AcDbLine
 10
1017.158261
 20
-158.544476
 30
0.0
 11
997.158261
 21
-158.544476
 31
0.0
  0
LINE
  5
AEA
330
70
100
AcDbEntity
  8
Visible
100
AcDbLine
 10
992.158261
 20
13.955524
 30
0.0
 11
992.158261
 21
7.955524
 31
0.0
  0
LINE
  5
AEB
330
70
100
AcDbEntity
  8
Visible
100
AcDbLine
 10
999.158261
 20
13.955524
 30
0.0
 11
992.158261
 21
13.955524
 31
0.0
  0
LINE
  5
AEC
330
70
100
AcDbEntity
  8
Visible
100
AcDbLine
 10
999.158261
 20
7.955524
 30
0.0
 11
999.158261
 21
13.955524
 31
0.0
  0
LINE
  5
AED
330
70
100
AcDbEntity
  8
Visible
100
AcDbLine
 10
1006.158261
 20
7.955524
 30
0.0
 11
999.158261
 21
7.955524
 31
0.0
  0
LINE
  5
AEE
330
70
100
AcDbEntity
  8
Visible
100
AcDbLine
 10
1006.158261
 20
13.955524
 30
0.0
 11
1006.158261
 21
7.955524
 31
0.0
  0
LINE
  5
AEF
330
70
100
AcDbEntity
  8
Visible
100
AcDbLine
 10
1013.158261
 20
13.955524
 30
0.0
 11
1006.158261
 21
13.955524
 31
0.0
  0
LINE
  5
AF0
330
70
100
AcDbEntity
  8
Visible
100
AcDbLine
 10
1013.158261
 20
7.955524
 30
0.0
 11
1013.158261
 21
13.955524
 31
0.0
  0
LINE
  5
AF1
330
70
100
AcDbEntity
  8
Visible
100
AcDbLine
 10
1020.158261
 20
7.955524
 30
0.0
 11
1013.158261
 21
7.955524
 31
0.0
  0
LINE
  5
AF2
330
70
100
AcDbEntity
  8
Visible
100
AcDbLine
 10
1020.158261
 20
13.955524
 30
0.0
 11
1020.158261
 21
7.955524
 31
0.0
  0
LINE
  5
AF3
330
70
100
AcDbEntity
  8
Visible
100
AcDbLine
 10
1027.158261
 20
13.955524
 30
0.0
 11
1020.158261
 21
13.955524
 31
0.0
  0
LINE
  5
AF4
330
70
100
AcDbEntity
  8
Visible
100
AcDbLine
 10
1027.158261
 20
-328.044476
 30
0.0
 11
1027.158261
 21
13.955524
 31
0.0
  0
LINE
  5
AF5
330
70
100
AcDbEntity
  8
Visible
100
AcDbLine
 10
1020.158261
 20
-328.044476
 30
0.0
 11
1027.158261
 21
-328.044476
 31
0.0
  0
LINE
  5
AF6
330
70
100
AcDbEntity
  8
Visible
100
AcDbLine
 10
1020.158261
 20
-322.044476
 30
0.0
 11
1020.158261
 21
-328.044476
 31
0.0
  0
LINE
  5
AF7
330
70
100
AcDbEntity
  8
Visible
100
AcDbLine
 10
1013.158261
 20
-322.044476
 30
0.0
 11
1020.158261
 21
-322.044476
 31
0.0
  0
LINE
  5
AF8
330
70
100
AcDbEntity
  8
Visible
100
AcDbLine
 10
1013.158261
 20
-328.044476
 30
0.0
 11
1013.158261
 21
-322.044476
 31
0.0
  0
LINE
  5
AF9
330
70
100
AcDbEntity
  8
Visible
100
AcDbLine
 10
1006.158261
 20
-328.044476
 30
0.0
 11
1013.158261
 21
-328.044476
 31
0.0
  0
LINE
  5
AFA
330
70
100
AcDbEntity
  8
Visible
100
AcDbLine
 10
1006.158261
 20
-322.044476
 30
0.0
 11
1006.158261
 21
-328.044476
 31
0.0
  0
LINE
  5
AFB
330
70
100
AcDbEntity
  8
Visible
100
AcDbLine
 10
999.158261
 20
-322.044476
 30
0.0
 11
1006.158261
 21
-322.044476
 31
0.0
  0
LINE
  5
AFC
330
70
100
AcDbEntity
  8
Visible
100
AcDbLine
 10
999.158261
 20
-328.044476
 30
0.0
 11
999.158261
 21
-322.044476
 31
0.0
  0
LINE
  5
AFD
330
70
100
AcDbEntity
  8
Visible
100
AcDbLine
 10
992.158261
 20
-328.044476
 30
0.0
 11
999.158261
 21
-328.044476
 31
0.0
  0
LINE
  5
AFE
330
70
100
AcDbEntity
  8
Visible
100
AcDbLine
 10
992.158261
 20
-322.044476
 30
0.0
 11
992.158261
 21
-328.044476
 31
0.0
  0
LINE
  5
AFF
330
70
100
AcDbEntity
  8
Visible
100
AcDbLine
 10
986.158261
 20
-322.044476
 30
0.0
 11
992.158261
 21
-322.044476
 31
0.0
  0
LINE
  5
B00
330
70
100
AcDbEntity
  8
Visible
100
AcDbLine
 10
986.158261
 20
-317.044476
 30
0.0
 11
986.158261
 21
-322.044476
 31
0.0
  0
LINE
  5
B01
330
70
100
AcDbEntity
  8
Visible
100
AcDbLine
 10
977.158261
 20
-317.044476
 30
0.0
 11
986.158261
 21
-317.044476
 31
0.0
  0
LINE
  5
B02
330
70
100
AcDbEntity
  8
Visible
100
AcDbLine
 10
977.158261
 20
-297.044476
 30
0.0
 11
977.158261
 21
-317.044476
 31
0.0
  0
LINE
  5
B03
330
70
100
AcDbEntity
  8
Visible
100
AcDbLine
 10
986.158261
 20
-297.044476
 30
0.0
 11
977.158261
 21
-297.044476
 31
0.0
  0
LINE
  5
B04
330
70
100
AcDbEntity
  8
Visible
100
AcDbLine
 10
986.158261
 20
-292.044476
 30
0.0
 11
986.158261
 21
-297.044476
 31
0.0
  0
LINE
  5
B05
330
70
100
AcDbEntity
  8
Visible
100
AcDbLine
 10
992.158261
 20
-292.044476
 30
0.0
 11
986.158261
 21
-292.044476
 31
0.0
  0
LINE
  5
B06
330
70
100
AcDbEntity
  8
Visible
100
AcDbLine
 10
992.158261
 20
-262.044476
 30
0.0
 11
992.158261
 21
-292.044476
 31
0.0
  0
LINE
  5
B07
330
70
100
AcDbEntity
  8
Visible
100
AcDbLine
 10
986.158261
 20
-262.044476
 30
0.0
 11
992.158261
 21
-262.044476
 31
0.0
  0
LINE
  5
B08
330
70
100
AcDbEntity
  8
Visible
100
AcDbLine
 10
986.158261
 20
-257.044476
 30
0.0
 11
986.158261
 21
-262.044476
 31
0.0
  0
LINE
  5
B09
330
70
100
AcDbEntity
  8
Visible
100
AcDbLine
 10
977.158261
 20
-257.044476
 30
0.0
 11
986.158261
 21
-257.044476
 31
0.0
  0
LINE
  5
B0A
330
70
100
AcDbEntity
  8
Visible
100
AcDbLine
 10
977.158261
 20
-237.044476
 30
0.0
 11
977.158261
 21
-257.044476
 31
0.0
  0
LINE
  5
B0B
330
70
100
AcDbEntity
  8
Visible
100
AcDbLine
 10
986.158261
 20
-237.044476
 30
0.0
 11
977.158261
 21
-237.044476
 31
0.0
  0
LINE
  5
B0C
330
70
100
AcDbEntity
  8
Visible
100
AcDbLine
 10
986.158261
 20
-232.044476
 30
0.0
 11
986.158261
 21
-237.044476
 31
0.0
  0
LINE
  5
B0D
330
70
100
AcDbEntity
  8
Visible
100
AcDbLine
 10
992.158261
 20
-232.044476
 30
0.0
 11
986.158261
 21
-232.044476
 31
0.0
  0
LINE
  5
B0E
330
70
100
AcDbEntity
  8
Visible
100
AcDbLine
 10
992.158261
 20
-202.044476
 30
0.0
 11
992.158261
 21
-232.044476
 31
0.0
  0
LINE
  5
B0F
330
70
100
AcDbEntity
  8
Visible
100
AcDbLine
 10
986.158261
 20
-202.044476
 30
0.0
 11
992.158261
 21
-202.044476
 31
0.0
  0
LINE
  5
B10
330
70
100
AcDbEntity
  8
Visible
100
AcDbLine
 10
986.158261
 20
-197.044476
 30
0.0
 11
986.158261
 21
-202.044476
 31
0.0
  0
LINE
  5
B11
330
70
100
AcDbEntity
  8
Visible
100
AcDbLine
 10
977.158261
 20
-197.044476
 30
0.0
 11
986.158261
 21
-197.044476
 31
0.0
  0
LINE
  5
B12
330
70
100
AcDbEntity
  8
Visible
100
AcDbLine
 10
977.158261
 20
-177.044476
 30
0.0
 11
977.158261
 21
-197.044476
 31
0.0
  0
LINE
  5
B13
330
70
100
AcDbEntity
  8
Visible
100
AcDbLine
 10
986.158261
 20
-177.044476
 30
0.0
 11
977.158261
 21
-177.044476
 31
0.0
  0
LINE
  5
B14
330
70
100
AcDbEntity
  8
Visible
100
AcDbLine
 10
986.158261
 20
-172.044476
 30
0.0
 11
986.158261
 21
-177.044476
 31
0.0
  0
LINE
  5
B15
330
70
100
AcDbEntity
  8
Visible
100
AcDbLine
 10
992.158261
 20
-172.044476
 30
0.0
 11
986.158261
 21
-172.044476
 31
0.0
  0
LINE
  5
B16
330
70
100
AcDbEntity
  8
Visible
100
AcDbLine
 10
992.158261
 20
-142.044476
 30
0.0
 11
992.158261
 21
-172.044476
 31
0.0
  0
LINE
  5
B17
330
70
100
AcDbEntity
  8
Visible
100
AcDbLine
 10
986.158261
 20
-142.044476
 30
0.0
 11
992.158261
 21
-142.044476
 31
0.0
  0
LINE
  5
B18
330
70
100
AcDbEntity
  8
Visible
100
AcDbLine
 10
986.158261
 20
-137.044476
 30
0.0
 11
986.158261
 21
-142.044476
 31
0.0
  0
LINE
  5
B19
330
70
100
AcDbEntity
  8
Visible
100
AcDbLine
 10
977.158261
 20
-137.044476
 30
0.0
 11
986.158261
 21
-137.044476
 31
0.0
  0
LINE
  5
B1A
330
70
100
AcDbEntity
  8
Visible
100
AcDbLine
 10
977.158261
 20
-117.044476
 30
0.0
 11
977.158261
 21
-137.044476
 31
0.0
  0
LINE
  5
B1B
330
70
100
AcDbEntity
  8
Visible
100
AcDbLine
 10
986.158261
 20
-117.044476
 30
0.0
 11
977.158261
 21
-117.044476
 31
0.0
  0
LINE
  5
B1C
330
70
100
AcDbEntity
  8
Visible
100
AcDbLine
 10
986.158261
 20
-112.044476
 30
0.0
 11
986.158261
 21
-117.044476
 31
0.0
  0
LINE
  5
B1D
330
70
100
AcDbEntity
  8
Visible
100
AcDbLine
 10
992.158261
 20
-112.044476
 30
0.0
 11
986.158261
 21
-112.044476
 31
0.0
  0
LINE
  5
B1E
330
70
100
AcDbEntity
  8
Visible
100
AcDbLine
 10
992.158261
 20
-82.044476
 30
0.0
 11
992.158261
 21
-112.044476
 31
0.0
  0
LINE
  5
B1F
330
70
100
AcDbEntity
  8
Visible
100
AcDbLine
 10
986.158261
 20
-82.044476
 30
0.0
 11
992.158261
 21
-82.044476
 31
0.0
  0
LINE
  5
B20
330
70
100
AcDbEntity
  8
Visible
100
AcDbLine
 10
986.158261
 20
-77.044476
 30
0.0
 11
986.158261
 21
-82.044476
 31
0.0
  0
LINE
  5
B21
330
70
100
AcDbEntity
  8
Visible
100
AcDbLine
 10
977.158261
 20
-77.044476
 30
0.0
 11
986.158261
 21
-77.044476
 31
0.0
  0
LINE
  5
B22
330
70
100
AcDbEntity
  8
Visible
100
AcDbLine
 10
977.158261
 20
-57.044476
 30
0.0
 11
977.158261
 21
-77.044476
 31
0.0
  0
LINE
  5
B23
330
70
100
AcDbEntity
  8
Visible
100
AcDbLine
 10
986.158261
 20
-57.044476
 30
0.0
 11
977.158261
 21
-57.044476
 31
0.0
  0
LINE
  5
B24
330
70
100
AcDbEntity
  8
Visible
100
AcDbLine
 10
986.158261
 20
-52.044476
 30
0.0
 11
986.158261
 21
-57.044476
 31
0.0
  0
LINE
  5
B25
330
70
100
AcDbEntity
  8
Visible
100
AcDbLine
 10
992.158261
 20
-52.044476
 30
0.0
 11
986.158261
 21
-52.044476
 31
0.0
  0
LINE
  5
B26
330
70
100
AcDbEntity
  8
Visible
100
AcDbLine
 10
992.158261
 20
-22.044476
 30
0.0
 11
992.158261
 21
-52.044476
 31
0.0
  0
LINE
  5
B27
330
70
100
AcDbEntity
  8
Visible
100
AcDbLine
 10
986.158261
 20
-22.044476
 30
0.0
 11
992.158261
 21
-22.044476
 31
0.0
  0
LINE
  5
B28
330
70
100
AcDbEntity
  8
Visible
100
AcDbLine
 10
986.158261
 20
-17.044476
 30
0.0
 11
986.158261
 21
-22.044476
 31
0.0
  0
LINE
  5
B29
330
70
100
AcDbEntity
  8
Visible
100
AcDbLine
 10
977.158261
 20
-17.044476
 30
0.0
 11
986.158261
 21
-17.044476
 31
0.0
  0
LINE
  5
B2A
330
70
100
AcDbEntity
  8
Visible
100
AcDbLine
 10
977.158261
 20
2.955524
 30
0.0
 11
977.158261
 21
-17.044476
 31
0.0
  0
LINE
  5
B2B
330
70
100
AcDbEntity
  8
Visible
100
AcDbLine
 10
986.158261
 20
2.955524
 30
0.0
 11
977.158261
 21
2.955524
 31
0.0
  0
LINE
  5
B2C
330
70
100
AcDbEntity
  8
Visible
100
AcDbLine
 10
986.158261
 20
7.955524
 30
0.0
 11
986.158261
 21
2.955524
 31
0.0
  0
LINE
  5
B2D
330
70
100
AcDbEntity
  8
Visible
100
AcDbLine
 10
992.158261
 20
7.955524
 30
0.0
 11
986.158261
 21
7.955524
 31
0.0
  0
CIRCLE
  5
B2E
330
70
100
AcDbEntity
  8
Visible
100
AcDbCircle
 10
-346.431545
 20
416.175847
 30
0.0
 40
5.0
210
0.0
220
0.0
230
-1.0
  0
LINE
  5
B2F
330
70
100
AcDbEntity
  8
Visible
100
AcDbLine
 10
185.431545
 20
613.175847
 30
0.0
 11
179.431545
 21
613.175847
 31
0.0
  0
LINE
  5
B30
330
70
100
AcDbEntity
  8
Visible
100
AcDbLine
 10
185.431545
 20
623.175847
 30
0.0
 11
185.431545
 21
613.175847
 31
0.0
  0
LINE
  5
B31
330
70
100
AcDbEntity
  8
Visible
100
AcDbLine
 10
179.431545
 20
623.175847
 30
0.0
 11
185.431545
 21
623.175847
 31
0.0
  0
LINE
  5
B32
330
70
100
AcDbEntity
  8
Visible
100
AcDbLine
 10
179.431545
 20
642.175847
 30
0.0
 11
179.431545
 21
623.175847
 31
0.0
  0
LINE
  5
B33
330
70
100
AcDbEntity
  8
Visible
100
AcDbLine
 10
173.431545
 20
642.175847
 30
0.0
 11
179.431545
 21
642.175847
 31
0.0
  0
LINE
  5
B34
330
70
100
AcDbEntity
  8
Visible
100
AcDbLine
 10
173.431545
 20
592.175847
 30
0.0
 11
173.431545
 21
642.175847
 31
0.0
  0
LINE
  5
B35
330
70
100
AcDbEntity
  8
Visible
100
AcDbLine
 10
179.431545
 20
592.175847
 30
0.0
 11
173.431545
 21
592.175847
 31
0.0
  0
LINE
  5
B36
330
70
100
AcDbEntity
  8
Visible
100
AcDbLine
 10
179.431545
 20
613.175847
 30
0.0
 11
179.431545
 21
592.175847
 31
0.0
  0
LINE
  5
B37
330
70
100
AcDbEntity
  8
Visible
100
AcDbLine
 10
108.431545
 20
-213.594593
 30
0.0
 11
-91.568455
 21
-213.594593
 31
0.0
  0
LINE
  5
B38
330
70
100
AcDbEntity
  8
Visible
100
AcDbLine
 10
108.431545
 20
-61.031911
 30
0.0
 11
108.431545
 21
-213.594593
 31
0.0
  0
LINE
  5
B39
330
70
100
AcDbEntity
  8
Visible
100
AcDbLine
 10
-91.568455
 20
-61.031911
 30
0.0
 11
108.431545
 21
-61.031911
 31
0.0
  0
LINE
  5
B3A
330
70
100
AcDbEntity
  8
Visible
100
AcDbLine
 10
-91.568455
 20
-213.594593
 30
0.0
 11
-91.568455
 21
-61.031911
 31
0.0
  0
LINE
  5
B3B
330
70
100
AcDbEntity
  8
Visible
100
AcDbLine
 10
179.431545
 20
450.175847
 30
0.0
 11
179.431545
 21
472.175847
 31
0.0
  0
LINE
  5
B3C
330
70
100
AcDbEntity
  8
Visible
100
AcDbLine
 10
185.431545
 20
450.175847
 30
0.0
 11
179.431545
 21
450.175847
 31
0.0
  0
LINE
  5
B3D
330
70
100
AcDbEntity
  8
Visible
100
AcDbLine
 10
185.431545
 20
473.175847
 30
0.0
 11
185.431545
 21
450.175847
 31
0.0
  0
LINE
  5
B3E
330
70
100
AcDbEntity
  8
Visible
100
AcDbLine
 10
179.431545
 20
473.175847
 30
0.0
 11
185.431545
 21
473.175847
 31
0.0
  0
LINE
  5
B3F
330
70
100
AcDbEntity
  8
Visible
100
AcDbLine
 10
179.431545
 20
516.138586
 30
0.0
 11
179.431545
 21
473.175847
 31
0.0
  0
LINE
  5
B40
330
70
100
AcDbEntity
  8
Visible
100
AcDbLine
 10
185.431545
 20
516.175847
 30
0.0
 11
179.431545
 21
516.138586
 31
0.0
  0
LINE
  5
B41
330
70
100
AcDbEntity
  8
Visible
100
AcDbLine
 10
185.431545
 20
539.175847
 30
0.0
 11
185.431545
 21
516.175847
 31
0.0
  0
LINE
  5
B42
330
70
100
AcDbEntity
  8
Visible
100
AcDbLine
 10
179.431545
 20
539.175847
 30
0.0
 11
185.431545
 21
539.175847
 31
0.0
  0
LINE
  5
B43
330
70
100
AcDbEntity
  8
Visible
100
AcDbLine
 10
179.431545
 20
522.175847
 30
0.0
 11
179.431545
 21
539.175847
 31
0.0
  0
LINE
  5
B44
330
70
100
AcDbEntity
  8
Visible
100
AcDbLine
 10
173.431545
 20
522.175847
 30
0.0
 11
179.431545
 21
522.175847
 31
0.0
  0
LINE
  5
B45
330
70
100
AcDbEntity
  8
Visible
100
AcDbLine
 10
173.431545
 20
472.175847
 30
0.0
 11
173.431545
 21
522.175847
 31
0.0
  0
LINE
  5
B46
330
70
100
AcDbEntity
  8
Visible
100
AcDbLine
 10
179.431545
 20
472.175847
 30
0.0
 11
173.431545
 21
472.175847
 31
0.0
  0
LINE
  5
B47
330
70
100
AcDbEntity
  8
Visible
100
AcDbLine
 10
168.431545
 20
647.175847
 30
0.0
 11
148.431545
 21
647.175847
 31
0.0
  0
LINE
  5
B48
330
70
100
AcDbEntity
  8
Visible
100
AcDbLine
 10
168.431545
 20
653.175847
 30
0.0
 11
168.431545
 21
647.175847
 31
0.0
  0
LINE
  5
B49
330
70
100
AcDbEntity
  8
Visible
100
AcDbLine
 10
223.431545
 20
653.175847
 30
0.0
 11
168.431545
 21
653.175847
 31
0.0
  0
LINE
  5
B4A
330
70
100
AcDbEntity
  8
Visible
100
AcDbLine
 10
223.431545
 20
647.175847
 30
0.0
 11
223.431545
 21
653.175847
 31
0.0
  0
LINE
  5
B4B
330
70
100
AcDbEntity
  8
Visible
100
AcDbLine
 10
246.431545
 20
647.175847
 30
0.0
 11
223.431545
 21
647.175847
 31
0.0
  0
LINE
  5
B4C
330
70
100
AcDbEntity
  8
Visible
100
AcDbLine
 10
246.431545
 20
653.175847
 30
0.0
 11
246.431545
 21
647.175847
 31
0.0
  0
LINE
  5
B4D
330
70
100
AcDbEntity
  8
Visible
100
AcDbLine
 10
289.431545
 20
653.175847
 30
0.0
 11
246.431545
 21
653.175847
 31
0.0
  0
LINE
  5
B4E
330
70
100
AcDbEntity
  8
Visible
100
AcDbLine
 10
289.431545
 20
647.175847
 30
0.0
 11
289.431545
 21
653.175847
 31
0.0
  0
LINE
  5
B4F
330
70
100
AcDbEntity
  8
Visible
100
AcDbLine
 10
312.431545
 20
647.175847
 30
0.0
 11
289.431545
 21
647.175847
 31
0.0
  0
LINE
  5
B50
330
70
100
AcDbEntity
  8
Visible
100
AcDbLine
 10
312.431545
 20
653.175847
 30
0.0
 11
312.431545
 21
647.175847
 31
0.0
  0
LINE
  5
B51
330
70
100
AcDbEntity
  8
Visible
100
AcDbLine
 10
356.431545
 20
653.175847
 30
0.0
 11
312.431545
 21
653.175847
 31
0.0
  0
LINE
  5
B52
330
70
100
AcDbEntity
  8
Visible
100
AcDbLine
 10
356.431545
 20
623.175847
 30
0.0
 11
356.431545
 21
653.175847
 31
0.0
  0
LINE
  5
B53
330
70
100
AcDbEntity
  8
Visible
100
AcDbLine
 10
350.431545
 20
623.175847
 30
0.0
 11
356.431545
 21
623.175847
 31
0.0
  0
LINE
  5
B54
330
70
100
AcDbEntity
  8
Visible
100
AcDbLine
 10
350.431545
 20
613.175847
 30
0.0
 11
350.431545
 21
623.175847
 31
0.0
  0
LINE
  5
B55
330
70
100
AcDbEntity
  8
Visible
100
AcDbLine
 10
356.431545
 20
613.175847
 30
0.0
 11
350.431545
 21
613.175847
 31
0.0
  0
LINE
  5
B56
330
70
100
AcDbEntity
  8
Visible
100
AcDbLine
 10
356.431545
 20
539.175847
 30
0.0
 11
356.431545
 21
613.175847
 31
0.0
  0
LINE
  5
B57
330
70
100
AcDbEntity
  8
Visible
100
AcDbLine
 10
350.431545
 20
539.175847
 30
0.0
 11
356.431545
 21
539.175847
 31
0.0
  0
LINE
  5
B58
330
70
100
AcDbEntity
  8
Visible
100
AcDbLine
 10
350.431545
 20
516.175847
 30
0.0
 11
350.431545
 21
539.175847
 31
0.0
  0
LINE
  5
B59
330
70
100
AcDbEntity
  8
Visible
100
AcDbLine
 10
356.431545
 20
516.175847
 30
0.0
 11
350.431545
 21
516.175847
 31
0.0
  0
LINE
  5
B5A
330
70
100
AcDbEntity
  8
Visible
100
AcDbLine
 10
356.431545
 20
473.175847
 30
0.0
 11
356.431545
 21
516.175847
 31
0.0
  0
LINE
  5
B5B
330
70
100
AcDbEntity
  8
Visible
100
AcDbLine
 10
350.431545
 20
473.175847
 30
0.0
 11
356.431545
 21
473.175847
 31
0.0
  0
LINE
  5
B5C
330
70
100
AcDbEntity
  8
Visible
100
AcDbLine
 10
350.431545
 20
450.175847
 30
0.0
 11
350.431545
 21
473.175847
 31
0.0
  0
LINE
  5
B5D
330
70
100
AcDbEntity
  8
Visible
100
AcDbLine
 10
356.431545
 20
450.175847
 30
0.0
 11
350.431545
 21
450.175847
 31
0.0
  0
LINE
  5
B5E
330
70
100
AcDbEntity
  8
Visible
100
AcDbLine
 10
356.431545
 20
406.175847
 30
0.0
 11
356.431545
 21
450.175847
 31
0.0
  0
LINE
  5
B5F
330
70
100
AcDbEntity
  8
Visible
100
AcDbLine
 10
312.431545
 20
406.175847
 30
0.0
 11
356.431545
 21
406.175847
 31
0.0
  0
LINE
  5
B60
330
70
100
AcDbEntity
  8
Visible
100
AcDbLine
 10
312.431545
 20
412.175847
 30
0.0
 11
312.431545
 21
406.175847
 31
0.0
  0
LINE
  5
B61
330
70
100
AcDbEntity
  8
Visible
100
AcDbLine
 10
289.431545
 20
412.175847
 30
0.0
 11
312.431545
 21
412.175847
 31
0.0
  0
LINE
  5
B62
330
70
100
AcDbEntity
  8
Visible
100
AcDbLine
 10
289.431545
 20
406.175847
 30
0.0
 11
289.431545
 21
412.175847
 31
0.0
  0
LINE
  5
B63
330
70
100
AcDbEntity
  8
Visible
100
AcDbLine
 10
246.431545
 20
406.175847
 30
0.0
 11
289.431545
 21
406.175847
 31
0.0
  0
LINE
  5
B64
330
70
100
AcDbEntity
  8
Visible
100
AcDbLine
 10
246.431545
 20
412.175847
 30
0.0
 11
246.431545
 21
406.175847
 31
0.0
  0
LINE
  5
B65
330
70
100
AcDbEntity
  8
Visible
100
AcDbLine
 10
223.431545
 20
412.175847
 30
0.0
 11
246.431545
 21
412.175847
 31
0.0
  0
LINE
  5
B66
330
70
100
AcDbEntity
  8
Visible
100
AcDbLine
 10
223.431545
 20
406.175847
 30
0.0
 11
223.431545
 21
412.175847
 31
0.0
  0
LINE
  5
B67
330
70
100
AcDbEntity
  8
Visible
100
AcDbLine
 10
179.431545
 20
406.175847
 30
0.0
 11
223.431545
 21
406.175847
 31
0.0
  0
LINE
  5
B68
330
70
100
AcDbEntity
  8
Visible
100
AcDbLine
 10
179.431545
 20
402.175847
 30
0.0
 11
179.431545
 21
406.175847
 31
0.0
  0
LINE
  5
B69
330
70
100
AcDbEntity
  8
Visible
100
AcDbLine
 10
173.431545
 20
402.175847
 30
0.0
 11
179.431545
 21
402.175847
 31
0.0
  0
LINE
  5
B6A
330
70
100
AcDbEntity
  8
Visible
100
AcDbLine
 10
173.431545
 20
352.175847
 30
0.0
 11
173.431545
 21
402.175847
 31
0.0
  0
LINE
  5
B6B
330
70
100
AcDbEntity
  8
Visible
100
AcDbLine
 10
179.431545
 20
352.175847
 30
0.0
 11
173.431545
 21
352.175847
 31
0.0
  0
LINE
  5
B6C
330
70
100
AcDbEntity
  8
Visible
100
AcDbLine
 10
179.431545
 20
282.175847
 30
0.0
 11
179.431545
 21
352.175847
 31
0.0
  0
LINE
  5
B6D
330
70
100
AcDbEntity
  8
Visible
100
AcDbLine
 10
173.431545
 20
282.175847
 30
0.0
 11
179.431545
 21
282.175847
 31
0.0
  0
LINE
  5
B6E
330
70
100
AcDbEntity
  8
Visible
100
AcDbLine
 10
173.431545
 20
232.175847
 30
0.0
 11
173.431545
 21
282.175847
 31
0.0
  0
LINE
  5
B6F
330
70
100
AcDbEntity
  8
Visible
100
AcDbLine
 10
179.431545
 20
232.175847
 30
0.0
 11
173.431545
 21
232.175847
 31
0.0
  0
LINE
  5
B70
330
70
100
AcDbEntity
  8
Visible
100
AcDbLine
 10
179.431545
 20
162.175847
 30
0.0
 11
179.431545
 21
232.175847
 31
0.0
  0
LINE
  5
B71
330
70
100
AcDbEntity
  8
Visible
100
AcDbLine
 10
173.431545
 20
162.175847
 30
0.0
 11
179.431545
 21
162.175847
 31
0.0
  0
LINE
  5
B72
330
70
100
AcDbEntity
  8
Visible
100
AcDbLine
 10
173.431545
 20
112.175847
 30
0.0
 11
173.431545
 21
162.175847
 31
0.0
  0
LINE
  5
B73
330
70
100
AcDbEntity
  8
Visible
100
AcDbLine
 10
179.431545
 20
112.175847
 30
0.0
 11
173.431545
 21
112.175847
 31
0.0
  0
LINE
  5
B74
330
70
100
AcDbEntity
  8
Visible
100
AcDbLine
 10
179.431545
 20
42.175847
 30
0.0
 11
179.431545
 21
112.175847
 31
0.0
  0
LINE
  5
B75
330
70
100
AcDbEntity
  8
Visible
100
AcDbLine
 10
173.431545
 20
42.175847
 30
0.0
 11
179.431545
 21
42.175847
 31
0.0
  0
LINE
  5
B76
330
70
100
AcDbEntity
  8
Visible
100
AcDbLine
 10
173.431545
 20
-7.824153
 30
0.0
 11
173.431545
 21
42.175847
 31
0.0
  0
LINE
  5
B77
330
70
100
AcDbEntity
  8
Visible
100
AcDbLine
 10
179.431545
 20
-7.824153
 30
0.0
 11
173.431545
 21
-7.824153
 31
0.0
  0
LINE
  5
B78
330
70
100
AcDbEntity
  8
Visible
100
AcDbLine
 10
179.431545
 20
-330.824153
 30
0.0
 11
179.431545
 21
-7.824153
 31
0.0
  0
LINE
  5
B79
330
70
100
AcDbEntity
  8
Visible
100
AcDbLine
 10
173.431545
 20
-330.824153
 30
0.0
 11
179.431545
 21
-330.824153
 31
0.0
  0
LINE
  5
B7A
330
70
100
AcDbEntity
  8
Visible
100
AcDbLine
 10
173.431545
 20
-324.824153
 30
0.0
 11
173.431545
 21
-330.824153
 31
0.0
  0
LINE
  5
B7B
330
70
100
AcDbEntity
  8
Visible
100
AcDbLine
 10
143.431545
 20
-324.824153
 30
0.0
 11
173.431545
 21
-324.824153
 31
0.0
  0
LINE
  5
B7C
330
70
100
AcDbEntity
  8
Visible
100
AcDbLine
 10
143.431545
 20
-330.824153
 30
0.0
 11
143.431545
 21
-324.824153
 31
0.0
  0
LINE
  5
B7D
330
70
100
AcDbEntity
  8
Visible
100
AcDbLine
 10
113.431545
 20
-330.824153
 30
0.0
 11
143.431545
 21
-330.824153
 31
0.0
  0
LINE
  5
B7E
330
70
100
AcDbEntity
  8
Visible
100
AcDbLine
 10
113.431545
 20
-324.824153
 30
0.0
 11
113.431545
 21
-330.824153
 31
0.0
  0
LINE
  5
B7F
330
70
100
AcDbEntity
  8
Visible
100
AcDbLine
 10
83.431545
 20
-324.824153
 30
0.0
 11
113.431545
 21
-324.824153
 31
0.0
  0
LINE
  5
B80
330
70
100
AcDbEntity
  8
Visible
100
AcDbLine
 10
83.431545
 20
-330.824153
 30
0.0
 11
83.431545
 21
-324.824153
 31
0.0
  0
LINE
  5
B81
330
70
100
AcDbEntity
  8
Visible
100
AcDbLine
 10
53.431545
 20
-330.824153
 30
0.0
 11
83.431545
 21
-330.824153
 31
0.0
  0
LINE
  5
B82
330
70
100
AcDbEntity
  8
Visible
100
AcDbLine
 10
53.431545
 20
-324.824153
 30
0.0
 11
53.431545
 21
-330.824153
 31
0.0
  0
LINE
  5
B83
330
70
100
AcDbEntity
  8
Visible
100
AcDbLine
 10
23.431545
 20
-324.824153
 30
0.0
 11
53.431545
 21
-324.824153
 31
0.0
  0
LINE
  5
B84
330
70
100
AcDbEntity
  8
Visible
100
AcDbLine
 10
23.431545
 20
-330.824153
 30
0.0
 11
23.431545
 21
-324.824153
 31
0.0
  0
LINE
  5
B85
330
70
100
AcDbEntity
  8
Visible
100
AcDbLine
 10
-6.568455
 20
-330.824153
 30
0.0
 11
23.431545
 21
-330.824153
 31
0.0
  0
LINE
  5
B86
330
70
100
AcDbEntity
  8
Visible
100
AcDbLine
 10
-6.568455
 20
-324.824153
 30
0.0
 11
-6.568455
 21
-330.824153
 31
0.0
  0
LINE
  5
B87
330
70
100
AcDbEntity
  8
Visible
100
AcDbLine
 10
-36.568455
 20
-324.824153
 30
0.0
 11
-6.568455
 21
-324.824153
 31
0.0
  0
LINE
  5
B88
330
70
100
AcDbEntity
  8
Visible
100
AcDbLine
 10
-36.568455
 20
-330.824153
 30
0.0
 11
-36.568455
 21
-324.824153
 31
0.0
  0
LINE
  5
B89
330
70
100
AcDbEntity
  8
Visible
100
AcDbLine
 10
-66.568455
 20
-330.824153
 30
0.0
 11
-36.568455
 21
-330.824153
 31
0.0
  0
LINE
  5
B8A
330
70
100
AcDbEntity
  8
Visible
100
AcDbLine
 10
-66.568455
 20
-324.824153
 30
0.0
 11
-66.568455
 21
-330.824153
 31
0.0
  0
LINE
  5
B8B
330
70
100
AcDbEntity
  8
Visible
100
AcDbLine
 10
-96.568455
 20
-324.824153
 30
0.0
 11
-66.568455
 21
-324.824153
 31
0.0
  0
LINE
  5
B8C
330
70
100
AcDbEntity
  8
Visible
100
AcDbLine
 10
-96.568455
 20
-330.824153
 30
0.0
 11
-96.568455
 21
-324.824153
 31
0.0
  0
LINE
  5
B8D
330
70
100
AcDbEntity
  8
Visible
100
AcDbLine
 10
-126.568455
 20
-330.824153
 30
0.0
 11
-96.568455
 21
-330.824153
 31
0.0
  0
LINE
  5
B8E
330
70
100
AcDbEntity
  8
Visible
100
AcDbLine
 10
-126.568455
 20
-324.824153
 30
0.0
 11
-126.568455
 21
-330.824153
 31
0.0
  0
LINE
  5
B8F
330
70
100
AcDbEntity
  8
Visible
100
AcDbLine
 10
-156.568455
 20
-324.824153
 30
0.0
 11
-126.568455
 21
-324.824153
 31
0.0
  0
LINE
  5
B90
330
70
100
AcDbEntity
  8
Visible
100
AcDbLine
 10
-156.568455
 20
-330.824153
 30
0.0
 11
-156.568455
 21
-324.824153
 31
0.0
  0
LINE
  5
B91
330
70
100
AcDbEntity
  8
Visible
100
AcDbLine
 10
-162.568455
 20
-330.824153
 30
0.0
 11
-156.568455
 21
-330.824153
 31
0.0
  0
LINE
  5
B92
330
70
100
AcDbEntity
  8
Visible
100
AcDbLine
 10
-162.568455
 20
-7.824153
 30
0.0
 11
-162.568455
 21
-330.824153
 31
0.0
  0
LINE
  5
B93
330
70
100
AcDbEntity
  8
Visible
100
AcDbLine
 10
-156.568455
 20
-7.824153
 30
0.0
 11
-162.568455
 21
-7.824153
 31
0.0
  0
LINE
  5
B94
330
70
100
AcDbEntity
  8
Visible
100
AcDbLine
 10
-156.568455
 20
42.175847
 30
0.0
 11
-156.568455
 21
-7.824153
 31
0.0
  0
LINE
  5
B95
330
70
100
AcDbEntity
  8
Visible
100
AcDbLine
 10
-162.568455
 20
42.175847
 30
0.0
 11
-156.568455
 21
42.175847
 31
0.0
  0
LINE
  5
B96
330
70
100
AcDbEntity
  8
Visible
100
AcDbLine
 10
-162.568455
 20
112.175847
 30
0.0
 11
-162.568455
 21
42.175847
 31
0.0
  0
LINE
  5
B97
330
70
100
AcDbEntity
  8
Visible
100
AcDbLine
 10
-156.568455
 20
112.175847
 30
0.0
 11
-162.568455
 21
112.175847
 31
0.0
  0
LINE
  5
B98
330
70
100
AcDbEntity
  8
Visible
100
AcDbLine
 10
-156.568455
 20
162.175847
 30
0.0
 11
-156.568455
 21
112.175847
 31
0.0
  0
LINE
  5
B99
330
70
100
AcDbEntity
  8
Visible
100
AcDbLine
 10
-162.568455
 20
162.175847
 30
0.0
 11
-156.568455
 21
162.175847
 31
0.0
  0
LINE
  5
B9A
330
70
100
AcDbEntity
  8
Visible
100
AcDbLine
 10
-162.568455
 20
232.175847
 30
0.0
 11
-162.568455
 21
162.175847
 31
0.0
  0
LINE
  5
B9B
330
70
100
AcDbEntity
  8
Visible
100
AcDbLine
 10
-156.568455
 20
232.175847
 30
0.0
 11
-162.568455
 21
232.175847
 31
0.0
  0
LINE
  5
B9C
330
70
100
AcDbEntity
  8
Visible
100
AcDbLine
 10
-156.568455
 20
282.175847
 30
0.0
 11
-156.568455
 21
232.175847
 31
0.0
  0
LINE
  5
B9D
330
70
100
AcDbEntity
  8
Visible
100
AcDbLine
 10
-162.568455
 20
282.175847
 30
0.0
 11
-156.568455
 21
282.175847
 31
0.0
  0
LINE
  5
B9E
330
70
100
AcDbEntity
  8
Visible
100
AcDbLine
 10
-162.568455
 20
352.175847
 30
0.0
 11
-162.568455
 21
282.175847
 31
0.0
  0
LINE
  5
B9F
330
70
100
AcDbEntity
  8
Visible
100
AcDbLine
 10
-156.568455
 20
352.175847
 30
0.0
 11
-162.568455
 21
352.175847
 31
0.0
  0
LINE
  5
BA0
330
70
100
AcDbEntity
  8
Visible
100
AcDbLine
 10
-156.568455
 20
402.175847
 30
0.0
 11
-156.568455
 21
352.175847
 31
0.0
  0
LINE
  5
BA1
330
70
100
AcDbEntity
  8
Visible
100
AcDbLine
 10
-162.568455
 20
402.175847
 30
0.0
 11
-156.568455
 21
402.175847
 31
0.0
  0
LINE
  5
BA2
330
70
100
AcDbEntity
  8
Visible
100
AcDbLine
 10
-162.568455
 20
472.175847
 30
0.0
 11
-162.568455
 21
402.175847
 31
0.0
  0
LINE
  5
BA3
330
70
100
AcDbEntity
  8
Visible
100
AcDbLine
 10
-156.568455
 20
472.175847
 30
0.0
 11
-162.568455
 21
472.175847
 31
0.0
  0
LINE
  5
BA4
330
70
100
AcDbEntity
  8
Visible
100
AcDbLine
 10
-156.568455
 20
522.175847
 30
0.0
 11
-156.568455
 21
472.175847
 31
0.0
  0
LINE
  5
BA5
330
70
100
AcDbEntity
  8
Visible
100
AcDbLine
 10
-162.568455
 20
522.175847
 30
0.0
 11
-156.568455
 21
522.175847
 31
0.0
  0
LINE
  5
BA6
330
70
100
AcDbEntity
  8
Visible
100
AcDbLine
 10
-162.568455
 20
592.175847
 30
0.0
 11
-162.568455
 21
522.175847
 31
0.0
  0
LINE
  5
BA7
330
70
100
AcDbEntity
  8
Visible
100
AcDbLine
 10
-156.568455
 20
592.175847
 30
0.0
 11
-162.568455
 21
592.175847
 31
0.0
  0
LINE
  5
BA8
330
70
100
AcDbEntity
  8
Visible
100
AcDbLine
 10
-156.568455
 20
642.175847
 30
0.0
 11
-156.568455
 21
592.175847
 31
0.0
  0
LINE
  5
BA9
330
70
100
AcDbEntity
  8
Visible
100
AcDbLine
 10
-162.568455
 20
642.175847
 30
0.0
 11
-156.568455
 21
642.175847
 31
0.0
  0
LINE
  5
BAA
330
70
100
AcDbEntity
  8
Visible
100
AcDbLine
 10
-162.568455
 20
653.175847
 30
0.0
 11
-162.568455
 21
642.175847
 31
0.0
  0
LINE
  5
BAB
330
70
100
AcDbEntity
  8
Visible
100
AcDbLine
 10
-151.568455
 20
653.175847
 30
0.0
 11
-162.568455
 21
653.175847
 31
0.0
  0
LINE
  5
BAC
330
70
100
AcDbEntity
  8
Visible
100
AcDbLine
 10
-151.568455
 20
647.175847
 30
0.0
 11
-151.568455
 21
653.175847
 31
0.0
  0
LINE
  5
BAD
330
70
100
AcDbEntity
  8
Visible
100
AcDbLine
 10
-131.568455
 20
647.175847
 30
0.0
 11
-151.568455
 21
647.175847
 31
0.0
  0
LINE
  5
BAE
330
70
100
AcDbEntity
  8
Visible
100
AcDbLine
 10
-131.568455
 20
653.175847
 30
0.0
 11
-131.568455
 21
647.175847
 31
0.0
  0
LINE
  5
BAF
330
70
100
AcDbEntity
  8
Visible
100
AcDbLine
 10
-91.568455
 20
653.175847
 30
0.0
 11
-131.568455
 21
653.175847
 31
0.0
  0
LINE
  5
BB0
330
70
100
AcDbEntity
  8
Visible
100
AcDbLine
 10
-91.568455
 20
647.175847
 30
0.0
 11
-91.568455
 21
653.175847
 31
0.0
  0
LINE
  5
BB1
330
70
100
AcDbEntity
  8
Visible
100
AcDbLine
 10
-71.568455
 20
647.175847
 30
0.0
 11
-91.568455
 21
647.175847
 31
0.0
  0
LINE
  5
BB2
330
70
100
AcDbEntity
  8
Visible
100
AcDbLine
 10
-71.568455
 20
653.175847
 30
0.0
 11
-71.568455
 21
647.175847
 31
0.0
  0
LINE
  5
BB3
330
70
100
AcDbEntity
  8
Visible
100
AcDbLine
 10
-31.568455
 20
653.175847
 30
0.0
 11
-71.568455
 21
653.175847
 31
0.0
  0
LINE
  5
BB4
330
70
100
AcDbEntity
  8
Visible
100
AcDbLine
 10
-31.568455
 20
647.175847
 30
0.0
 11
-31.568455
 21
653.175847
 31
0.0
  0
LINE
  5
BB5
330
70
100
AcDbEntity
  8
Visible
100
AcDbLine
 10
-11.568455
 20
647.175847
 30
0.0
 11
-31.568455
 21
647.175847
 31
0.0
  0
LINE
  5
BB6
330
70
100
AcDbEntity
  8
Visible
100
AcDbLine
 10
-11.568455
 20
653.175847
 30
0.0
 11
-11.568455
 21
647.175847
 31
0.0
  0
LINE
  5
BB7
330
70
100
AcDbEntity
  8
Visible
100
AcDbLine
 10
28.431545
 20
653.175847
 30
0.0
 11
-11.568455
 21
653.175847
 31
0.0
  0
LINE
  5
BB8
330
70
100
AcDbEntity
  8
Visible
100
AcDbLine
 10
28.431545
 20
647.175847
 30
0.0
 11
28.431545
 21
653.175847
 31
0.0
  0
LINE
  5
BB9
330
70
100
AcDbEntity
  8
Visible
100
AcDbLine
 10
48.431545
 20
647.175847
 30
0.0
 11
28.431545
 21
647.175847
 31
0.0
  0
LINE
  5
BBA
330
70
100
AcDbEntity
  8
Visible
100
AcDbLine
 10
48.431545
 20
653.175847
 30
0.0
 11
48.431545
 21
647.175847
 31
0.0
  0
LINE
  5
BBB
330
70
100
AcDbEntity
  8
Visible
100
AcDbLine
 10
88.431545
 20
653.175847
 30
0.0
 11
48.431545
 21
653.175847
 31
0.0
  0
LINE
  5
BBC
330
70
100
AcDbEntity
  8
Visible
100
AcDbLine
 10
88.431545
 20
647.175847
 30
0.0
 11
88.431545
 21
653.175847
 31
0.0
  0
LINE
  5
BBD
330
70
100
AcDbEntity
  8
Visible
100
AcDbLine
 10
108.431545
 20
647.175847
 30
0.0
 11
88.431545
 21
647.175847
 31
0.0
  0
LINE
  5
BBE
330
70
100
AcDbEntity
  8
Visible
100
AcDbLine
 10
108.431545
 20
653.175847
 30
0.0
 11
108.431545
 21
647.175847
 31
0.0
  0
LINE
  5
BBF
330
70
100
AcDbEntity
  8
Visible
100
AcDbLine
 10
148.431545
 20
653.175847
 30
0.0
 11
108.431545
 21
653.175847
 31
0.0
  0
LINE
  5
BC0
330
70
100
AcDbEntity
  8
Visible
100
AcDbLine
 10
148.431545
 20
647.175847
 30
0.0
 11
148.431545
 21
653.175847
 31
0.0
  0
CIRCLE
  5
BC1
330
70
100
AcDbEntity
  8
Visible
100
AcDbCircle
 10
-8.431545
 20
-141.563726
 30
0.0
 40
10.0
210
0.0
220
0.0
230
-1.0
  0
LINE
  5
BC2
330
70
100
AcDbEntity
  8
Visible
100
AcDbLine
 10
107.431545
 20
-62.031911
 30
0.0
 11
-90.568455
 21
-62.031911
 31
0.0
  0
LINE
  5
BC3
330
70
100
AcDbEntity
  8
Visible
100
AcDbLine
 10
107.431545
 20
-210.594593
 30
0.0
 11
107.431545
 21
-62.031911
 31
0.0
  0
LINE
  5
BC4
330
70
100
AcDbEntity
  8
Visible
100
AcDbLine
 10
-90.568455
 20
-210.594593
 30
0.0
 11
107.431545
 21
-210.594593
 31
0.0
  0
LINE
  5
BC5
330
70
100
AcDbEntity
  8
Visible
100
AcDbLine
 10
-90.568455
 20
-62.031911
 30
0.0
 11
-90.568455
 21
-210.594593
 31
0.0
  0
LINE
  5
BC6
330
70
100
AcDbEntity
  8
Visible
100
AcDbLine
 10
-481.475416
 20
604.844268
 30
0.0
 11
-481.475416
 21
594.844268
 31
0.0
  0
LINE
  5
BC7
330
70
100
AcDbEntity
  8
Visible
100
AcDbLine
 10
-481.53746
 20
604.844268
 30
0.0
 11
-481.475416
 21
604.844268
 31
0.0
  0
LINE
  5
BC8
330
70
100
AcDbEntity
  8
Visible
100
AcDbLine
 10
-481.53746
 20
608.844268
 30
0.0
 11
-481.53746
 21
604.844268
 31
0.0
  0
LINE
  5
BC9
330
70
100
AcDbEntity
  8
Visible
100
AcDbLine
 10
-487.475416
 20
608.844268
 30
0.0
 11
-481.53746
 21
608.844268
 31
0.0
  0
LINE
  5
BCA
330
70
100
AcDbEntity
  8
Visible
100
AcDbLine
 10
-487.475416
 20
623.844268
 30
0.0
 11
-487.475416
 21
608.844268
 31
0.0
  0
LINE
  5
BCB
330
70
100
AcDbEntity
  8
Visible
100
AcDbLine
 10
-493.475416
 20
623.844268
 30
0.0
 11
-487.475416
 21
623.844268
 31
0.0
  0
LINE
  5
BCC
330
70
100
AcDbEntity
  8
Visible
100
AcDbLine
 10
-493.475416
 20
573.844268
 30
0.0
 11
-493.475416
 21
623.844268
 31
0.0
  0
LINE
  5
BCD
330
70
100
AcDbEntity
  8
Visible
100
AcDbLine
 10
-487.475416
 20
573.844268
 30
0.0
 11
-493.475416
 21
573.844268
 31
0.0
  0
LINE
  5
BCE
330
70
100
AcDbEntity
  8
Visible
100
AcDbLine
 10
-487.475416
 20
588.844268
 30
0.0
 11
-487.475416
 21
573.844268
 31
0.0
  0
LINE
  5
BCF
330
70
100
AcDbEntity
  8
Visible
100
AcDbLine
 10
-481.53746
 20
588.844268
 30
0.0
 11
-487.475416
 21
588.844268
 31
0.0
  0
LINE
  5
BD0
330
70
100
AcDbEntity
  8
Visible
100
AcDbLine
 10
-481.53746
 20
594.844268
 30
0.0
 11
-481.53746
 21
588.844268
 31
0.0
  0
LINE
  5
BD1
330
70
100
AcDbEntity
  8
Visible
100
AcDbLine
 10
-481.475416
 20
594.844268
 30
0.0
 11
-481.53746
 21
594.844268
 31
0.0
  0
LINE
  5
BD2
330
70
100
AcDbEntity
  8
Visible
100
AcDbLine
 10
-821.475416
 20
619.844268
 30
0.0
 11
-816.475416
 21
619.844268
 31
0.0
  0
LINE
  5
BD3
330
70
100
AcDbEntity
  8
Visible
100
AcDbLine
 10
-821.475416
 20
-20.155732
 30
0.0
 11
-821.475416
 21
619.844268
 31
0.0
  0
LINE
  5
BD4
330
70
100
AcDbEntity
  8
Visible
100
AcDbLine
 10
-816.475416
 20
-20.155732
 30
0.0
 11
-821.475416
 21
-20.155732
 31
0.0
  0
LINE
  5
BD5
330
70
100
AcDbEntity
  8
Visible
100
AcDbLine
 10
-816.475416
 20
619.844268
 30
0.0
 11
-816.475416
 21
-20.155732
 31
0.0
  0
LINE
  5
BD6
330
70
100
AcDbEntity
  8
Visible
100
AcDbLine
 10
-758.475416
 20
-231.926172
 30
0.0
 11
-758.475416
 21
-79.36349
 31
0.0
  0
LINE
  5
BD7
330
70
100
AcDbEntity
  8
Visible
100
AcDbLine
 10
-558.475416
 20
-231.926172
 30
0.0
 11
-758.475416
 21
-231.926172
 31
0.0
  0
LINE
  5
BD8
330
70
100
AcDbEntity
  8
Visible
100
AcDbLine
 10
-558.475416
 20
-79.36349
 30
0.0
 11
-558.475416
 21
-231.926172
 31
0.0
  0
LINE
  5
BD9
330
70
100
AcDbEntity
  8
Visible
100
AcDbLine
 10
-758.475416
 20
-79.36349
 30
0.0
 11
-558.475416
 21
-79.36349
 31
0.0
  0
CIRCLE
  5
BDA
330
70
100
AcDbEntity
  8
Visible
100
AcDbCircle
 10
325.475416
 20
402.844268
 30
0.0
 40
5.0
210
0.0
220
0.0
230
-1.0
  0
LINE
  5
BDB
330
70
100
AcDbEntity
  8
Visible
100
AcDbLine
 10
-487.475416
 20
525.844268
 30
0.0
 11
-481.475416
 21
525.844268
 31
0.0
  0
LINE
  5
BDC
330
70
100
AcDbEntity
  8
Visible
100
AcDbLine
 10
-487.475416
 20
503.844268
 30
0.0
 11
-487.475416
 21
525.844268
 31
0.0
  0
LINE
  5
BDD
330
70
100
AcDbEntity
  8
Visible
100
AcDbLine
 10
-493.475416
 20
503.844268
 30
0.0
 11
-487.475416
 21
503.844268
 31
0.0
  0
LINE
  5
BDE
330
70
100
AcDbEntity
  8
Visible
100
AcDbLine
 10
-493.475416
 20
453.844268
 30
0.0
 11
-493.475416
 21
503.844268
 31
0.0
  0
LINE
  5
BDF
330
70
100
AcDbEntity
  8
Visible
100
AcDbLine
 10
-487.475416
 20
453.844268
 30
0.0
 11
-493.475416
 21
453.844268
 31
0.0
  0
LINE
  5
BE0
330
70
100
AcDbEntity
  8
Visible
100
AcDbLine
 10
-487.475416
 20
426.844268
 30
0.0
 11
-487.475416
 21
453.844268
 31
0.0
  0
LINE
  5
BE1
330
70
100
AcDbEntity
  8
Visible
100
AcDbLine
 10
-481.475416
 20
426.844268
 30
0.0
 11
-487.475416
 21
426.844268
 31
0.0
  0
LINE
  5
BE2
330
70
100
AcDbEntity
  8
Visible
100
AcDbLine
 10
-481.475416
 20
459.844268
 30
0.0
 11
-481.475416
 21
426.844268
 31
0.0
  0
LINE
  5
BE3
330
70
100
AcDbEntity
  8
Visible
100
AcDbLine
 10
-487.475416
 20
459.844268
 30
0.0
 11
-481.475416
 21
459.844268
 31
0.0
  0
LINE
  5
BE4
330
70
100
AcDbEntity
  8
Visible
100
AcDbLine
 10
-487.475416
 20
492.844268
 30
0.0
 11
-487.475416
 21
459.844268
 31
0.0
  0
LINE
  5
BE5
330
70
100
AcDbEntity
  8
Visible
100
AcDbLine
 10
-481.444365
 20
492.844268
 30
0.0
 11
-487.475416
 21
492.844268
 31
0.0
  0
LINE
  5
BE6
330
70
100
AcDbEntity
  8
Visible
100
AcDbLine
 10
-481.475416
 20
497.844268
 30
0.0
 11
-481.444365
 21
492.844268
 31
0.0
  0
LINE
  5
BE7
330
70
100
AcDbEntity
  8
Visible
100
AcDbLine
 10
-481.475416
 20
525.844268
 30
0.0
 11
-481.475416
 21
497.844268
 31
0.0
  0
LINE
  5
BE8
330
70
100
AcDbEntity
  8
Visible
100
AcDbLine
 10
-495.475416
 20
-20.155732
 30
0.0
 11
-500.475416
 21
-20.155732
 31
0.0
  0
LINE
  5
BE9
330
70
100
AcDbEntity
  8
Visible
100
AcDbLine
 10
-495.475416
 20
619.844268
 30
0.0
 11
-495.475416
 21
-20.155732
 31
0.0
  0
LINE
  5
BEA
330
70
100
AcDbEntity
  8
Visible
100
AcDbLine
 10
-500.475416
 20
619.844268
 30
0.0
 11
-495.475416
 21
619.844268
 31
0.0
  0
LINE
  5
BEB
330
70
100
AcDbEntity
  8
Visible
100
AcDbLine
 10
-500.475416
 20
-20.155732
 30
0.0
 11
-500.475416
 21
619.844268
 31
0.0
  0
LINE
  5
BEC
330
70
100
AcDbEntity
  8
Visible
100
AcDbLine
 10
-763.475416
 20
-343.155732
 30
0.0
 11
-733.475416
 21
-343.155732
 31
0.0
  0
LINE
  5
BED
330
70
100
AcDbEntity
  8
Visible
100
AcDbLine
 10
-763.475416
 20
-349.155732
 30
0.0
 11
-763.475416
 21
-343.155732
 31
0.0
  0
LINE
  5
BEE
330
70
100
AcDbEntity
  8
Visible
100
AcDbLine
 10
-793.475416
 20
-349.155732
 30
0.0
 11
-763.475416
 21
-349.155732
 31
0.0
  0
LINE
  5
BEF
330
70
100
AcDbEntity
  8
Visible
100
AcDbLine
 10
-793.475416
 20
-343.155732
 30
0.0
 11
-793.475416
 21
-349.155732
 31
0.0
  0
LINE
  5
BF0
330
70
100
AcDbEntity
  8
Visible
100
AcDbLine
 10
-823.475416
 20
-343.155732
 30
0.0
 11
-793.475416
 21
-343.155732
 31
0.0
  0
LINE
  5
BF1
330
70
100
AcDbEntity
  8
Visible
100
AcDbLine
 10
-823.475416
 20
-349.155732
 30
0.0
 11
-823.475416
 21
-343.155732
 31
0.0
  0
LINE
  5
BF2
330
70
100
AcDbEntity
  8
Visible
100
AcDbLine
 10
-829.475416
 20
-349.155732
 30
0.0
 11
-823.475416
 21
-349.155732
 31
0.0
  0
LINE
  5
BF3
330
70
100
AcDbEntity
  8
Visible
100
AcDbLine
 10
-829.475416
 20
-26.155732
 30
0.0
 11
-829.475416
 21
-349.155732
 31
0.0
  0
LINE
  5
BF4
330
70
100
AcDbEntity
  8
Visible
100
AcDbLine
 10
-823.475416
 20
-26.155732
 30
0.0
 11
-829.475416
 21
-26.155732
 31
0.0
  0
LINE
  5
BF5
330
70
100
AcDbEntity
  8
Visible
100
AcDbLine
 10
-823.475416
 20
23.844268
 30
0.0
 11
-823.475416
 21
-26.155732
 31
0.0
  0
LINE
  5
BF6
330
70
100
AcDbEntity
  8
Visible
100
AcDbLine
 10
-829.475416
 20
23.844268
 30
0.0
 11
-823.475416
 21
23.844268
 31
0.0
  0
LINE
  5
BF7
330
70
100
AcDbEntity
  8
Visible
100
AcDbLine
 10
-829.475416
 20
93.844268
 30
0.0
 11
-829.475416
 21
23.844268
 31
0.0
  0
LINE
  5
BF8
330
70
100
AcDbEntity
  8
Visible
100
AcDbLine
 10
-823.475416
 20
93.844268
 30
0.0
 11
-829.475416
 21
93.844268
 31
0.0
  0
LINE
  5
BF9
330
70
100
AcDbEntity
  8
Visible
100
AcDbLine
 10
-823.475416
 20
143.844268
 30
0.0
 11
-823.475416
 21
93.844268
 31
0.0
  0
LINE
  5
BFA
330
70
100
AcDbEntity
  8
Visible
100
AcDbLine
 10
-829.475416
 20
143.844268
 30
0.0
 11
-823.475416
 21
143.844268
 31
0.0
  0
LINE
  5
BFB
330
70
100
AcDbEntity
  8
Visible
100
AcDbLine
 10
-829.475416
 20
213.844268
 30
0.0
 11
-829.475416
 21
143.844268
 31
0.0
  0
LINE
  5
BFC
330
70
100
AcDbEntity
  8
Visible
100
AcDbLine
 10
-823.475416
 20
213.844268
 30
0.0
 11
-829.475416
 21
213.844268
 31
0.0
  0
LINE
  5
BFD
330
70
100
AcDbEntity
  8
Visible
100
AcDbLine
 10
-823.475416
 20
263.844268
 30
0.0
 11
-823.475416
 21
213.844268
 31
0.0
  0
LINE
  5
BFE
330
70
100
AcDbEntity
  8
Visible
100
AcDbLine
 10
-829.475416
 20
263.844268
 30
0.0
 11
-823.475416
 21
263.844268
 31
0.0
  0
LINE
  5
BFF
330
70
100
AcDbEntity
  8
Visible
100
AcDbLine
 10
-829.475416
 20
333.844268
 30
0.0
 11
-829.475416
 21
263.844268
 31
0.0
  0
LINE
  5
C00
330
70
100
AcDbEntity
  8
Visible
100
AcDbLine
 10
-823.475416
 20
333.844268
 30
0.0
 11
-829.475416
 21
333.844268
 31
0.0
  0
LINE
  5
C01
330
70
100
AcDbEntity
  8
Visible
100
AcDbLine
 10
-823.475416
 20
383.844268
 30
0.0
 11
-823.475416
 21
333.844268
 31
0.0
  0
LINE
  5
C02
330
70
100
AcDbEntity
  8
Visible
100
AcDbLine
 10
-829.475416
 20
383.844268
 30
0.0
 11
-823.475416
 21
383.844268
 31
0.0
  0
LINE
  5
C03
330
70
100
AcDbEntity
  8
Visible
100
AcDbLine
 10
-829.475416
 20
453.844268
 30
0.0
 11
-829.475416
 21
383.844268
 31
0.0
  0
LINE
  5
C04
330
70
100
AcDbEntity
  8
Visible
100
AcDbLine
 10
-823.475416
 20
453.844268
 30
0.0
 11
-829.475416
 21
453.844268
 31
0.0
  0
LINE
  5
C05
330
70
100
AcDbEntity
  8
Visible
100
AcDbLine
 10
-823.475416
 20
503.844268
 30
0.0
 11
-823.475416
 21
453.844268
 31
0.0
  0
LINE
  5
C06
330
70
100
AcDbEntity
  8
Visible
100
AcDbLine
 10
-829.475416
 20
503.844268
 30
0.0
 11
-823.475416
 21
503.844268
 31
0.0
  0
LINE
  5
C07
330
70
100
AcDbEntity
  8
Visible
100
AcDbLine
 10
-829.475416
 20
573.844268
 30
0.0
 11
-829.475416
 21
503.844268
 31
0.0
  0
LINE
  5
C08
330
70
100
AcDbEntity
  8
Visible
100
AcDbLine
 10
-823.475416
 20
573.844268
 30
0.0
 11
-829.475416
 21
573.844268
 31
0.0
  0
LINE
  5
C09
330
70
100
AcDbEntity
  8
Visible
100
AcDbLine
 10
-823.475416
 20
623.844268
 30
0.0
 11
-823.475416
 21
573.844268
 31
0.0
  0
LINE
  5
C0A
330
70
100
AcDbEntity
  8
Visible
100
AcDbLine
 10
-829.475416
 20
623.844268
 30
0.0
 11
-823.475416
 21
623.844268
 31
0.0
  0
LINE
  5
C0B
330
70
100
AcDbEntity
  8
Visible
100
AcDbLine
 10
-829.475416
 20
634.844268
 30
0.0
 11
-829.475416
 21
623.844268
 31
0.0
  0
LINE
  5
C0C
330
70
100
AcDbEntity
  8
Visible
100
AcDbLine
 10
-818.475416
 20
634.844268
 30
0.0
 11
-829.475416
 21
634.844268
 31
0.0
  0
LINE
  5
C0D
330
70
100
AcDbEntity
  8
Visible
100
AcDbLine
 10
-818.475416
 20
628.844268
 30
0.0
 11
-818.475416
 21
634.844268
 31
0.0
  0
LINE
  5
C0E
330
70
100
AcDbEntity
  8
Visible
100
AcDbLine
 10
-798.475416
 20
628.844268
 30
0.0
 11
-818.475416
 21
628.844268
 31
0.0
  0
LINE
  5
C0F
330
70
100
AcDbEntity
  8
Visible
100
AcDbLine
 10
-798.475416
 20
634.844268
 30
0.0
 11
-798.475416
 21
628.844268
 31
0.0
  0
LINE
  5
C10
330
70
100
AcDbEntity
  8
Visible
100
AcDbLine
 10
-758.475416
 20
634.844268
 30
0.0
 11
-798.475416
 21
634.844268
 31
0.0
  0
LINE
  5
C11
330
70
100
AcDbEntity
  8
Visible
100
AcDbLine
 10
-758.475416
 20
628.844268
 30
0.0
 11
-758.475416
 21
634.844268
 31
0.0
  0
LINE
  5
C12
330
70
100
AcDbEntity
  8
Visible
100
AcDbLine
 10
-738.475416
 20
628.844268
 30
0.0
 11
-758.475416
 21
628.844268
 31
0.0
  0
LINE
  5
C13
330
70
100
AcDbEntity
  8
Visible
100
AcDbLine
 10
-738.475416
 20
634.844268
 30
0.0
 11
-738.475416
 21
628.844268
 31
0.0
  0
LINE
  5
C14
330
70
100
AcDbEntity
  8
Visible
100
AcDbLine
 10
-698.475416
 20
634.844268
 30
0.0
 11
-738.475416
 21
634.844268
 31
0.0
  0
LINE
  5
C15
330
70
100
AcDbEntity
  8
Visible
100
AcDbLine
 10
-698.475416
 20
628.844268
 30
0.0
 11
-698.475416
 21
634.844268
 31
0.0
  0
LINE
  5
C16
330
70
100
AcDbEntity
  8
Visible
100
AcDbLine
 10
-678.475416
 20
628.844268
 30
0.0
 11
-698.475416
 21
628.844268
 31
0.0
  0
LINE
  5
C17
330
70
100
AcDbEntity
  8
Visible
100
AcDbLine
 10
-678.475416
 20
634.844268
 30
0.0
 11
-678.475416
 21
628.844268
 31
0.0
  0
LINE
  5
C18
330
70
100
AcDbEntity
  8
Visible
100
AcDbLine
 10
-638.475416
 20
634.844268
 30
0.0
 11
-678.475416
 21
634.844268
 31
0.0
  0
LINE
  5
C19
330
70
100
AcDbEntity
  8
Visible
100
AcDbLine
 10
-638.475416
 20
628.844268
 30
0.0
 11
-638.475416
 21
634.844268
 31
0.0
  0
LINE
  5
C1A
330
70
100
AcDbEntity
  8
Visible
100
AcDbLine
 10
-618.475416
 20
628.844268
 30
0.0
 11
-638.475416
 21
628.844268
 31
0.0
  0
LINE
  5
C1B
330
70
100
AcDbEntity
  8
Visible
100
AcDbLine
 10
-618.475416
 20
634.844268
 30
0.0
 11
-618.475416
 21
628.844268
 31
0.0
  0
LINE
  5
C1C
330
70
100
AcDbEntity
  8
Visible
100
AcDbLine
 10
-578.475416
 20
634.844268
 30
0.0
 11
-618.475416
 21
634.844268
 31
0.0
  0
LINE
  5
C1D
330
70
100
AcDbEntity
  8
Visible
100
AcDbLine
 10
-578.475416
 20
628.844268
 30
0.0
 11
-578.475416
 21
634.844268
 31
0.0
  0
LINE
  5
C1E
330
70
100
AcDbEntity
  8
Visible
100
AcDbLine
 10
-558.475416
 20
628.844268
 30
0.0
 11
-578.475416
 21
628.844268
 31
0.0
  0
LINE
  5
C1F
330
70
100
AcDbEntity
  8
Visible
100
AcDbLine
 10
-558.475416
 20
634.844268
 30
0.0
 11
-558.475416
 21
628.844268
 31
0.0
  0
LINE
  5
C20
330
70
100
AcDbEntity
  8
Visible
100
AcDbLine
 10
-518.475416
 20
634.844268
 30
0.0
 11
-558.475416
 21
634.844268
 31
0.0
  0
LINE
  5
C21
330
70
100
AcDbEntity
  8
Visible
100
AcDbLine
 10
-518.475416
 20
628.844268
 30
0.0
 11
-518.475416
 21
634.844268
 31
0.0
  0
LINE
  5
C22
330
70
100
AcDbEntity
  8
Visible
100
AcDbLine
 10
-498.475416
 20
628.844268
 30
0.0
 11
-518.475416
 21
628.844268
 31
0.0
  0
LINE
  5
C23
330
70
100
AcDbEntity
  8
Visible
100
AcDbLine
 10
-498.475416
 20
634.844268
 30
0.0
 11
-498.475416
 21
628.844268
 31
0.0
  0
LINE
  5
C24
330
70
100
AcDbEntity
  8
Visible
100
AcDbLine
 10
-443.475416
 20
634.844268
 30
0.0
 11
-498.475416
 21
634.844268
 31
0.0
  0
LINE
  5
C25
330
70
100
AcDbEntity
  8
Visible
100
AcDbLine
 10
-443.475416
 20
628.844268
 30
0.0
 11
-443.475416
 21
634.844268
 31
0.0
  0
LINE
  5
C26
330
70
100
AcDbEntity
  8
Visible
100
AcDbLine
 10
-420.475416
 20
628.844268
 30
0.0
 11
-443.475416
 21
628.844268
 31
0.0
  0
LINE
  5
C27
330
70
100
AcDbEntity
  8
Visible
100
AcDbLine
 10
-420.475416
 20
634.844268
 30
0.0
 11
-420.475416
 21
628.844268
 31
0.0
  0
LINE
  5
C28
330
70
100
AcDbEntity
  8
Visible
100
AcDbLine
 10
-377.475416
 20
634.844268
 30
0.0
 11
-420.475416
 21
634.844268
 31
0.0
  0
LINE
  5
C29
330
70
100
AcDbEntity
  8
Visible
100
AcDbLine
 10
-377.475416
 20
628.844268
 30
0.0
 11
-377.475416
 21
634.844268
 31
0.0
  0
LINE
  5
C2A
330
70
100
AcDbEntity
  8
Visible
100
AcDbLine
 10
-354.475416
 20
628.844268
 30
0.0
 11
-377.475416
 21
628.844268
 31
0.0
  0
LINE
  5
C2B
330
70
100
AcDbEntity
  8
Visible
100
AcDbLine
 10
-354.475416
 20
634.844268
 30
0.0
 11
-354.475416
 21
628.844268
 31
0.0
  0
LINE
  5
C2C
330
70
100
AcDbEntity
  8
Visible
100
AcDbLine
 10
-310.475416
 20
634.844268
 30
0.0
 11
-354.475416
 21
634.844268
 31
0.0
  0
LINE
  5
C2D
330
70
100
AcDbEntity
  8
Visible
100
AcDbLine
 10
-310.475416
 20
604.844268
 30
0.0
 11
-310.475416
 21
634.844268
 31
0.0
  0
LINE
  5
C2E
330
70
100
AcDbEntity
  8
Visible
100
AcDbLine
 10
-316.475416
 20
604.844268
 30
0.0
 11
-310.475416
 21
604.844268
 31
0.0
  0
LINE
  5
C2F
330
70
100
AcDbEntity
  8
Visible
100
AcDbLine
 10
-316.475416
 20
594.844268
 30
0.0
 11
-316.475416
 21
604.844268
 31
0.0
  0
LINE
  5
C30
330
70
100
AcDbEntity
  8
Visible
100
AcDbLine
 10
-310.475416
 20
594.844268
 30
0.0
 11
-316.475416
 21
594.844268
 31
0.0
  0
LINE
  5
C31
330
70
100
AcDbEntity
  8
Visible
100
AcDbLine
 10
-310.475416
 20
520.844268
 30
0.0
 11
-310.475416
 21
594.844268
 31
0.0
  0
LINE
  5
C32
330
70
100
AcDbEntity
  8
Visible
100
AcDbLine
 10
-316.475416
 20
520.844268
 30
0.0
 11
-310.475416
 21
520.844268
 31
0.0
  0
LINE
  5
C33
330
70
100
AcDbEntity
  8
Visible
100
AcDbLine
 10
-316.475416
 20
497.844268
 30
0.0
 11
-316.475416
 21
520.844268
 31
0.0
  0
LINE
  5
C34
330
70
100
AcDbEntity
  8
Visible
100
AcDbLine
 10
-310.475416
 20
497.844268
 30
0.0
 11
-316.475416
 21
497.844268
 31
0.0
  0
LINE
  5
C35
330
70
100
AcDbEntity
  8
Visible
100
AcDbLine
 10
-310.475416
 20
454.844268
 30
0.0
 11
-310.475416
 21
497.844268
 31
0.0
  0
LINE
  5
C36
330
70
100
AcDbEntity
  8
Visible
100
AcDbLine
 10
-316.475416
 20
454.844268
 30
0.0
 11
-310.475416
 21
454.844268
 31
0.0
  0
LINE
  5
C37
330
70
100
AcDbEntity
  8
Visible
100
AcDbLine
 10
-316.475416
 20
431.844268
 30
0.0
 11
-316.475416
 21
454.844268
 31
0.0
  0
LINE
  5
C38
330
70
100
AcDbEntity
  8
Visible
100
AcDbLine
 10
-310.475416
 20
431.844268
 30
0.0
 11
-316.475416
 21
431.844268
 31
0.0
  0
LINE
  5
C39
330
70
100
AcDbEntity
  8
Visible
100
AcDbLine
 10
-310.475416
 20
387.844268
 30
0.0
 11
-310.475416
 21
431.844268
 31
0.0
  0
LINE
  5
C3A
330
70
100
AcDbEntity
  8
Visible
100
AcDbLine
 10
-354.475416
 20
387.844268
 30
0.0
 11
-310.475416
 21
387.844268
 31
0.0
  0
LINE
  5
C3B
330
70
100
AcDbEntity
  8
Visible
100
AcDbLine
 10
-354.475416
 20
393.844268
 30
0.0
 11
-354.475416
 21
387.844268
 31
0.0
  0
LINE
  5
C3C
330
70
100
AcDbEntity
  8
Visible
100
AcDbLine
 10
-377.475416
 20
393.844268
 30
0.0
 11
-354.475416
 21
393.844268
 31
0.0
  0
LINE
  5
C3D
330
70
100
AcDbEntity
  8
Visible
100
AcDbLine
 10
-377.475416
 20
387.844268
 30
0.0
 11
-377.475416
 21
393.844268
 31
0.0
  0
LINE
  5
C3E
330
70
100
AcDbEntity
  8
Visible
100
AcDbLine
 10
-420.475416
 20
387.844268
 30
0.0
 11
-377.475416
 21
387.844268
 31
0.0
  0
LINE
  5
C3F
330
70
100
AcDbEntity
  8
Visible
100
AcDbLine
 10
-420.475416
 20
393.844268
 30
0.0
 11
-420.475416
 21
387.844268
 31
0.0
  0
LINE
  5
C40
330
70
100
AcDbEntity
  8
Visible
100
AcDbLine
 10
-443.475416
 20
393.844268
 30
0.0
 11
-420.475416
 21
393.844268
 31
0.0
  0
LINE
  5
C41
330
70
100
AcDbEntity
  8
Visible
100
AcDbLine
 10
-443.475416
 20
387.844268
 30
0.0
 11
-443.475416
 21
393.844268
 31
0.0
  0
LINE
  5
C42
330
70
100
AcDbEntity
  8
Visible
100
AcDbLine
 10
-487.475416
 20
387.844268
 30
0.0
 11
-443.475416
 21
387.844268
 31
0.0
  0
LINE
  5
C43
330
70
100
AcDbEntity
  8
Visible
100
AcDbLine
 10
-487.475416
 20
383.844268
 30
0.0
 11
-487.475416
 21
387.844268
 31
0.0
  0
LINE
  5
C44
330
70
100
AcDbEntity
  8
Visible
100
AcDbLine
 10
-493.475416
 20
383.844268
 30
0.0
 11
-487.475416
 21
383.844268
 31
0.0
  0
LINE
  5
C45
330
70
100
AcDbEntity
  8
Visible
100
AcDbLine
 10
-493.475416
 20
333.844268
 30
0.0
 11
-493.475416
 21
383.844268
 31
0.0
  0
LINE
  5
C46
330
70
100
AcDbEntity
  8
Visible
100
AcDbLine
 10
-487.475416
 20
333.844268
 30
0.0
 11
-493.475416
 21
333.844268
 31
0.0
  0
LINE
  5
C47
330
70
100
AcDbEntity
  8
Visible
100
AcDbLine
 10
-487.475416
 20
263.844268
 30
0.0
 11
-487.475416
 21
333.844268
 31
0.0
  0
LINE
  5
C48
330
70
100
AcDbEntity
  8
Visible
100
AcDbLine
 10
-493.475416
 20
263.844268
 30
0.0
 11
-487.475416
 21
263.844268
 31
0.0
  0
LINE
  5
C49
330
70
100
AcDbEntity
  8
Visible
100
AcDbLine
 10
-493.475416
 20
213.844268
 30
0.0
 11
-493.475416
 21
263.844268
 31
0.0
  0
LINE
  5
C4A
330
70
100
AcDbEntity
  8
Visible
100
AcDbLine
 10
-487.475416
 20
213.844268
 30
0.0
 11
-493.475416
 21
213.844268
 31
0.0
  0
LINE
  5
C4B
330
70
100
AcDbEntity
  8
Visible
100
AcDbLine
 10
-487.475416
 20
143.844268
 30
0.0
 11
-487.475416
 21
213.844268
 31
0.0
  0
LINE
  5
C4C
330
70
100
AcDbEntity
  8
Visible
100
AcDbLine
 10
-493.475416
 20
143.844268
 30
0.0
 11
-487.475416
 21
143.844268
 31
0.0
  0
LINE
  5
C4D
330
70
100
AcDbEntity
  8
Visible
100
AcDbLine
 10
-493.475416
 20
93.844268
 30
0.0
 11
-493.475416
 21
143.844268
 31
0.0
  0
LINE
  5
C4E
330
70
100
AcDbEntity
  8
Visible
100
AcDbLine
 10
-487.475416
 20
93.844268
 30
0.0
 11
-493.475416
 21
93.844268
 31
0.0
  0
LINE
  5
C4F
330
70
100
AcDbEntity
  8
Visible
100
AcDbLine
 10
-487.475416
 20
23.844268
 30
0.0
 11
-487.475416
 21
93.844268
 31
0.0
  0
LINE
  5
C50
330
70
100
AcDbEntity
  8
Visible
100
AcDbLine
 10
-493.475416
 20
23.844268
 30
0.0
 11
-487.475416
 21
23.844268
 31
0.0
  0
LINE
  5
C51
330
70
100
AcDbEntity
  8
Visible
100
AcDbLine
 10
-493.475416
 20
-26.155732
 30
0.0
 11
-493.475416
 21
23.844268
 31
0.0
  0
LINE
  5
C52
330
70
100
AcDbEntity
  8
Visible
100
AcDbLine
 10
-487.475416
 20
-26.155732
 30
0.0
 11
-493.475416
 21
-26.155732
 31
0.0
  0
LINE
  5
C53
330
70
100
AcDbEntity
  8
Visible
100
AcDbLine
 10
-487.475416
 20
-349.155732
 30
0.0
 11
-487.475416
 21
-26.155732
 31
0.0
  0
LINE
  5
C54
330
70
100
AcDbEntity
  8
Visible
100
AcDbLine
 10
-493.475416
 20
-349.155732
 30
0.0
 11
-487.475416
 21
-349.155732
 31
0.0
  0
LINE
  5
C55
330
70
100
AcDbEntity
  8
Visible
100
AcDbLine
 10
-493.475416
 20
-343.155732
 30
0.0
 11
-493.475416
 21
-349.155732
 31
0.0
  0
LINE
  5
C56
330
70
100
AcDbEntity
  8
Visible
100
AcDbLine
 10
-523.475416
 20
-343.155732
 30
0.0
 11
-493.475416
 21
-343.155732
 31
0.0
  0
LINE
  5
C57
330
70
100
AcDbEntity
  8
Visible
100
AcDbLine
 10
-523.475416
 20
-349.155732
 30
0.0
 11
-523.475416
 21
-343.155732
 31
0.0
  0
LINE
  5
C58
330
70
100
AcDbEntity
  8
Visible
100
AcDbLine
 10
-553.475416
 20
-349.155732
 30
0.0
 11
-523.475416
 21
-349.155732
 31
0.0
  0
LINE
  5
C59
330
70
100
AcDbEntity
  8
Visible
100
AcDbLine
 10
-553.475416
 20
-343.155732
 30
0.0
 11
-553.475416
 21
-349.155732
 31
0.0
  0
LINE
  5
C5A
330
70
100
AcDbEntity
  8
Visible
100
AcDbLine
 10
-583.475416
 20
-343.155732
 30
0.0
 11
-553.475416
 21
-343.155732
 31
0.0
  0
LINE
  5
C5B
330
70
100
AcDbEntity
  8
Visible
100
AcDbLine
 10
-583.475416
 20
-349.155732
 30
0.0
 11
-583.475416
 21
-343.155732
 31
0.0
  0
LINE
  5
C5C
330
70
100
AcDbEntity
  8
Visible
100
AcDbLine
 10
-613.475416
 20
-349.155732
 30
0.0
 11
-583.475416
 21
-349.155732
 31
0.0
  0
LINE
  5
C5D
330
70
100
AcDbEntity
  8
Visible
100
AcDbLine
 10
-613.475416
 20
-343.155732
 30
0.0
 11
-613.475416
 21
-349.155732
 31
0.0
  0
LINE
  5
C5E
330
70
100
AcDbEntity
  8
Visible
100
AcDbLine
 10
-643.475416
 20
-343.155732
 30
0.0
 11
-613.475416
 21
-343.155732
 31
0.0
  0
LINE
  5
C5F
330
70
100
AcDbEntity
  8
Visible
100
AcDbLine
 10
-643.475416
 20
-349.155732
 30
0.0
 11
-643.475416
 21
-343.155732
 31
0.0
  0
LINE
  5
C60
330
70
100
AcDbEntity
  8
Visible
100
AcDbLine
 10
-673.475416
 20
-349.155732
 30
0.0
 11
-643.475416
 21
-349.155732
 31
0.0
  0
LINE
  5
C61
330
70
100
AcDbEntity
  8
Visible
100
AcDbLine
 10
-673.475416
 20
-343.155732
 30
0.0
 11
-673.475416
 21
-349.155732
 31
0.0
  0
LINE
  5
C62
330
70
100
AcDbEntity
  8
Visible
100
AcDbLine
 10
-703.475416
 20
-343.155732
 30
0.0
 11
-673.475416
 21
-343.155732
 31
0.0
  0
LINE
  5
C63
330
70
100
AcDbEntity
  8
Visible
100
AcDbLine
 10
-703.475416
 20
-349.155732
 30
0.0
 11
-703.475416
 21
-343.155732
 31
0.0
  0
LINE
  5
C64
330
70
100
AcDbEntity
  8
Visible
100
AcDbLine
 10
-733.475416
 20
-349.155732
 30
0.0
 11
-703.475416
 21
-349.155732
 31
0.0
  0
LINE
  5
C65
330
70
100
AcDbEntity
  8
Visible
100
AcDbLine
 10
-733.475416
 20
-343.155732
 30
0.0
 11
-733.475416
 21
-349.155732
 31
0.0
  0
ENDSEC
  0
SECTION
  2
OBJECTS
  0
DICTIONARY
  5
C
330
0
100
AcDbDictionary
281
     1
  3
ACAD_COLOR
350
63
  3
ACAD_DETAILVIEWSTYLE
350
6A
  3
ACAD_GROUP
350
D
  3
ACAD_LAYOUT
350
62
  3
ACAD_MATERIAL
350
10
  3
ACAD_MLEADERSTYLE
350
66
  3
ACAD_MLINESTYLE
350
5F
  3
ACAD_PLOTSETTINGS
350
61
  3
ACAD_PLOTSTYLENAME
350
E
  3
ACAD_SCALELIST
350
42
  3
ACAD_SECTIONVIEWSTYLE
350
68
  3
ACAD_TABLESTYLE
350
64
  3
ACAD_VISUALSTYLE
350
29
  3
ACDB_RECOMPOSE_DATA
350
C6F
  3
AcDbVariableDictionary
350
C66
  0
DICTIONARY
  5
A4
330
70
100
AcDbDictionary
280
     1
281
     1
  3
ACAD_SORTENTS
360
A5
  0
DICTIONARY
  5
63
102
{ACAD_REACTORS
330
C
102
}
330
C
100
AcDbDictionary
281
     1
  0
DICTIONARY
  5
6A
102
{ACAD_REACTORS
330
C
102
}
330
C
100
AcDbDictionary
281
     1
  3
Imperial24
350
6B
  0
DICTIONARY
  5
D
102
{ACAD_REACTORS
330
C
102
}
330
C
100
AcDbDictionary
281
     1
  0
DICTIONARY
  5
62
102
{ACAD_REACTORS
330
C
102
}
330
C
100
AcDbDictionary
281
     1
  3
Model
350
73
  3
Sheet1
350
6F
  3
Sheet2
350
77
  0
DICTIONARY
  5
10
102
{ACAD_REACTORS
330
C
102
}
330
C
100
AcDbDictionary
281
     1
  3
ByBlock
350
19
  3
ByLayer
350
11
  3
Global
350
21
  0
DICTIONARY
  5
66
102
{ACAD_REACTORS
330
C
102
}
330
C
100
AcDbDictionary
281
     1
  3
Standard
350
67
  0
DICTIONARY
  5
5F
102
{ACAD_REACTORS
330
C
102
}
330
C
100
AcDbDictionary
281
     1
  3
Standard
350
60
  0
DICTIONARY
  5
61
102
{ACAD_REACTORS
330
C
102
}
330
C
100
AcDbDictionary
281
     1
  0
ACDBDICTIONARYWDFLT
  5
E
102
{ACAD_REACTORS
330
C
102
}
330
C
100
AcDbDictionary
281
     1
  3
Normal
350
F
100
AcDbDictionaryWithDefault
340
F
  0
DICTIONARY
  5
42
102
{ACAD_REACTORS
330
C
102
}
330
C
100
AcDbDictionary
281
     1
  3
A0
350
43
  3
A1
350
44
  3
A2
350
45
  3
A3
350
46
  3
A4
350
47
  3
A5
350
48
  3
A6
350
49
  3
A7
350
4A
  3
A8
350
4B
  3
A9
350
4C
  3
B0
350
4D
  3
B1
350
4E
  3
B2
350
4F
  3
B3
350
50
  3
B4
350
51
  3
B5
350
52
  3
B6
350
53
  0
DICTIONARY
  5
68
102
{ACAD_REACTORS
330
C
102
}
330
C
100
AcDbDictionary
281
     1
  3
Imperial24
350
69
  0
DICTIONARY
  5
64
102
{ACAD_REACTORS
330
C
102
}
330
C
100
AcDbDictionary
281
     1
  3
Standard
350
65
  0
DICTIONARY
  5
29
102
{ACAD_REACTORS
330
C
102
}
330
C
100
AcDbDictionary
281
     1
  3
2dWireframe
350
2F
  3
Basic
350
2E
  3
Brighten
350
35
  3
ColorChange
350
39
  3
Conceptual
350
32
  3
Dim
350
34
  3
EdgeColorOff
350
41
  3
Facepattern
350
38
  3
Flat
350
2A
  3
FlatWithEdges
350
2B
  3
Gouraud
350
2C
  3
GouraudWithEdges
350
2D
  3
Hidden
350
31
  3
JitterOff
350
3F
  3
Linepattern
350
37
  3
OverhangOff
350
40
  3
Realistic
350
33
  3
Shaded
350
3E
  3
Shaded with edges
350
3D
  3
Shades of Gray
350
3A
  3
Sketchy
350
3B
  3
Thicken
350
36
  3
Wireframe
350
30
  3
X-Ray
350
3C
  0
XRECORD
  5
C6F
102
{ACAD_REACTORS
330
C
102
}
330
C
100
AcDbXrecord
280
     1
 90
        1
330
65
  0
DICTIONARY
  5
C66
102
{ACAD_REACTORS
330
C
102
}
330
C
100
AcDbDictionary
281
     1
  3
ANNOALLVISIBLE
350
C6B
  3
CANNOSCALE
350
C6C
  3
CMLEADERSTYLE
350
C68
  3
CTABLESTYLE
350
C67
  3
CVIEWDETAILSTYLE
350
C69
  3
CVIEWSECTIONSTYLE
350
C6A
  0
SORTENTSTABLE
  5
A5
102
{ACAD_REACTORS
330
A4
102
}
330
A4
100
AcDbSortentsTable
330
70
  0
ACDBDETAILVIEWSTYLE
  5
6B
102
{ACAD_XDICTIONARY
360
C72
102
}
102
{ACAD_REACTORS
330
6A
102
}
330
6A
100
AcDbModelDocViewStyle
 70
     0
  3
Imperial24
290
     0
100
AcDbDetailViewStyle
 70
     0
 71
     0
 90
        3
 71
     1
340
55
 62
   256
 40
0.24
340
0
 62
   256
 40
0.24
300

 40
0.36
280
     3
 71
     2
340
5D
 90
       25
 62
   256
 71
     3
340
55
 62
   256
 40
0.24
 90
        1
 40
0.75
 90
        1
300
%<\AcVar ViewType \f "%tc1">% %<\AcVar ViewDetailId>%\PSCALE %<\AcVar ViewScale \f "%sn">%
 71
     4
340
5D
 90
       25
 62
   256
340
5D
 90
       25
 62
   256
280
     0
  0
LAYOUT
  5
73
102
{ACAD_REACTORS
330
62
102
}
330
62
100
AcDbPlotSettings
  1

  2
AutoCAD PDF (High Quality Print).pc3
  4
ISO_full_bleed_A3_(420.00_x_297.00_MM)
  6

 40
0.0
 41
0.0
 42
0.0
 43
0.0
 44
420.0
 45
297.0
 46
0.0
 47
0.0
 48
0.0
 49
0.0
140
0.0
141
0.0
142
1.0
143
5.06121
 70
 11952
 72
     1
 73
     0
 74
     0
  7

 75
     0
147
0.197581
 76
     0
 77
     2
 78
   300
148
929.493748
149
640.458715
100
AcDbLayout
  1
Model
 70
     1
 71
     0
 10
0.0
 20
0.0
 11
12.0
 21
9.0
 12
0.0
 22
0.0
 32
0.0
 14
0.0
 24
0.0
 34
0.0
 15
0.0
 25
0.0
 35
0.0
146
0.0
 13
0.0
 23
0.0
 33
0.0
 16
1.0
 26
0.0
 36
0.0
 17
0.0
 27
1.0
 37
0.0
 76
     0
330
70
1001
ACAD_PSEXT
1000
AutoCAD PDF (High Quality Print).pc3
1000
DWG To PDF
1000
File
1000

1070
     0
  0
LAYOUT
  5
6F
102
{ACAD_REACTORS
330
62
102
}
330
62
100
AcDbPlotSettings
  1

  2
None
  4

  6

 40
0.0
 41
0.0
 42
0.0
 43
0.0
 44
0.0
 45
0.0
 46
0.0
 47
0.0
 48
0.0
 49
0.0
140
0.0
141
0.0
142
1.0
143
1.0
 70
   688
 72
     0
 73
     0
 74
     5
  7

 75
    16
147
1.0
 76
     0
 77
     2
 78
   300
148
0.0
149
0.0
100
AcDbLayout
  1
Sheet1
 70
     1
 71
     1
 10
0.0
 20
0.0
 11
12.0
 21
9.0
 12
0.0
 22
0.0
 32
0.0
 14
0.0
 24
0.0
 34
0.0
 15
0.0
 25
0.0
 35
0.0
146
0.0
 13
0.0
 23
0.0
 33
0.0
 16
1.0
 26
0.0
 36
0.0
 17
0.0
 27
1.0
 37
0.0
 76
     0
330
6C
  0
LAYOUT
  5
77
102
{ACAD_REACTORS
330
62
102
}
330
62
100
AcDbPlotSettings
  1

  2
None
  4

  6

 40
0.0
 41
0.0
 42
0.0
 43
0.0
 44
0.0
 45
0.0
 46
0.0
 47
0.0
 48
0.0
 49
0.0
140
0.0
141
0.0
142
1.0
143
1.0
 70
   688
 72
     0
 73
     0
 74
     5
  7

 75
    16
147
1.0
 76
     0
 77
     2
 78
   300
148
0.0
149
0.0
100
AcDbLayout
  1
Sheet2
 70
     1
 71
     2
 10
0.0
 20
0.0
 11
12.0
 21
9.0
 12
0.0
 22
0.0
 32
0.0
 14
0.0
 24
0.0
 34
0.0
 15
0.0
 25
0.0
 35
0.0
146
0.0
 13
0.0
 23
0.0
 33
0.0
 16
1.0
 26
0.0
 36
0.0
 17
0.0
 27
1.0
 37
0.0
 76
     0
330
74
  0
MATERIAL
  5
19
102
{ACAD_XDICTIONARY
360
1A
102
}
102
{ACAD_REACTORS
330
10
102
}
330
10
100
AcDbMaterial
  1
ByBlock
 72
     0
 43
0.020833
 43
0.0
 43
0.0
 43
0.0
 43
0.0
 43
0.020833
 43
0.0
 43
0.0
 43
0.0
 43
0.0
 43
1.0
 43
0.0
 43
0.0
 43
0.0
 43
0.0
 43
1.0
 77
     0
 47
0.020833
 47
0.0
 47
0.0
 47
0.0
 47
0.0
 47
0.020833
 47
0.0
 47
0.0
 47
0.0
 47
0.0
 47
1.0
 47
0.0
 47
0.0
 47
0.0
 47
0.0
 47
1.0
171
     0
 49
0.020833
 49
0.0
 49
0.0
 49
0.0
 49
0.0
 49
0.020833
 49
0.0
 49
0.0
 49
0.0
 49
0.0
 49
1.0
 49
0.0
 49
0.0
 49
0.0
 49
0.0
 49
1.0
175
     0
142
0.020833
142
0.0
142
0.0
142
0.0
142
0.0
142
0.020833
142
0.0
142
0.0
142
0.0
142
0.0
142
1.0
142
0.0
142
0.0
142
0.0
142
0.0
142
1.0
179
     0
144
0.020833
144
0.0
144
0.0
144
0.0
144
0.0
144
0.020833
144
0.0
144
0.0
144
0.0
144
0.0
144
1.0
144
0.0
144
0.0
144
0.0
144
0.0
144
1.0
147
0.020833
147
0.0
147
0.0
147
0.0
147
0.0
147
0.020833
147
0.0
147
0.0
147
0.0
147
0.0
147
1.0
147
0.0
147
0.0
147
0.0
147
0.0
147
1.0
  0
MATERIAL
  5
11
102
{ACAD_XDICTIONARY
360
12
102
}
102
{ACAD_REACTORS
330
10
102
}
330
10
100
AcDbMaterial
  1
ByLayer
 72
     0
 43
0.020833
 43
0.0
 43
0.0
 43
0.0
 43
0.0
 43
0.020833
 43
0.0
 43
0.0
 43
0.0
 43
0.0
 43
1.0
 43
0.0
 43
0.0
 43
0.0
 43
0.0
 43
1.0
 77
     0
 47
0.020833
 47
0.0
 47
0.0
 47
0.0
 47
0.0
 47
0.020833
 47
0.0
 47
0.0
 47
0.0
 47
0.0
 47
1.0
 47
0.0
 47
0.0
 47
0.0
 47
0.0
 47
1.0
171
     0
 49
0.020833
 49
0.0
 49
0.0
 49
0.0
 49
0.0
 49
0.020833
 49
0.0
 49
0.0
 49
0.0
 49
0.0
 49
1.0
 49
0.0
 49
0.0
 49
0.0
 49
0.0
 49
1.0
175
     0
142
0.020833
142
0.0
142
0.0
142
0.0
142
0.0
142
0.020833
142
0.0
142
0.0
142
0.0
142
0.0
142
1.0
142
0.0
142
0.0
142
0.0
142
0.0
142
1.0
179
     0
144
0.020833
144
0.0
144
0.0
144
0.0
144
0.0
144
0.020833
144
0.0
144
0.0
144
0.0
144
0.0
144
1.0
144
0.0
144
0.0
144
0.0
144
0.0
144
1.0
147
0.020833
147
0.0
147
0.0
147
0.0
147
0.0
147
0.020833
147
0.0
147
0.0
147
0.0
147
0.0
147
1.0
147
0.0
147
0.0
147
0.0
147
0.0
147
1.0
  0
MATERIAL
  5
21
102
{ACAD_XDICTIONARY
360
22
102
}
102
{ACAD_REACTORS
330
10
102
}
330
10
100
AcDbMaterial
  1
Global
 72
     0
 43
0.020833
 43
0.0
 43
0.0
 43
0.0
 43
0.0
 43
0.020833
 43
0.0
 43
0.0
 43
0.0
 43
0.0
 43
1.0
 43
0.0
 43
0.0
 43
0.0
 43
0.0
 43
1.0
 77
     0
 47
0.020833
 47
0.0
 47
0.0
 47
0.0
 47
0.0
 47
0.020833
 47
0.0
 47
0.0
 47
0.0
 47
0.0
 47
1.0
 47
0.0
 47
0.0
 47
0.0
 47
0.0
 47
1.0
171
     0
 49
0.020833
 49
0.0
 49
0.0
 49
0.0
 49
0.0
 49
0.020833
 49
0.0
 49
0.0
 49
0.0
 49
0.0
 49
1.0
 49
0.0
 49
0.0
 49
0.0
 49
0.0
 49
1.0
175
     0
142
0.020833
142
0.0
142
0.0
142
0.0
142
0.0
142
0.020833
142
0.0
142
0.0
142
0.0
142
0.0
142
1.0
142
0.0
142
0.0
142
0.0
142
0.0
142
1.0
179
     0
144
0.020833
144
0.0
144
0.0
144
0.0
144
0.0
144
0.020833
144
0.0
144
0.0
144
0.0
144
0.0
144
1.0
144
0.0
144
0.0
144
0.0
144
0.0
144
1.0
147
0.020833
147
0.0
147
0.0
147
0.0
147
0.0
147
0.020833
147
0.0
147
0.0
147
0.0
147
0.0
147
1.0
147
0.0
147
0.0
147
0.0
147
0.0
147
1.0
  0
MLEADERSTYLE
  5
67
102
{ACAD_REACTORS
330
66
102
}
330
66
100
AcDbMLeaderStyle
179
     2
170
     2
171
     1
172
     0
 90
        2
 40
0.0
 41
0.0
173
     1
 91
-1056964608
340
5B
 92
       -2
290
     1
 42
0.09
291
     1
 43
0.36
  3
Standard
 44
0.18
300

342
55
174
     1
178
     6
175
     1
176
     0
 93
-1056964608
 45
0.18
292
     0
297
     0
 46
0.18
 94
-1056964608
 47
1.0
 49
1.0
140
1.0
293
     1
141
0.0
294
     1
177
     0
142
1.0
295
     0
296
     0
143
0.125
271
     0
272
     9
273
     9
298
     1
  0
MLINESTYLE
  5
60
102
{ACAD_REACTORS
330
5F
102
}
330
5F
100
AcDbMlineStyle
  2
STANDARD
 70
     0
  3

 62
   256
 51
90.0
 52
90.0
 71
     0
  0
ACDBPLACEHOLDER
  5
F
102
{ACAD_REACTORS
330
E
102
}
330
E
  0
SCALE
  5
43
102
{ACAD_REACTORS
330
42
102
}
330
42
100
AcDbScale
 70
     0
300
1:1
140
1.0
141
1.0
290
     1
  0
SCALE
  5
44
102
{ACAD_REACTORS
330
42
102
}
330
42
100
AcDbScale
 70
     0
300
1:2
140
1.0
141
2.0
290
     0
  0
SCALE
  5
45
102
{ACAD_REACTORS
330
42
102
}
330
42
100
AcDbScale
 70
     0
300
1:4
140
1.0
141
4.0
290
     0
  0
SCALE
  5
46
102
{ACAD_REACTORS
330
42
102
}
330
42
100
AcDbScale
 70
     0
300
1:5
140
1.0
141
5.0
290
     0
  0
SCALE
  5
47
102
{ACAD_REACTORS
330
42
102
}
330
42
100
AcDbScale
 70
     0
300
1:8
140
1.0
141
8.0
290
     0
  0
SCALE
  5
48
102
{ACAD_REACTORS
330
42
102
}
330
42
100
AcDbScale
 70
     0
300
1:10
140
1.0
141
10.0
290
     0
  0
SCALE
  5
49
102
{ACAD_REACTORS
330
42
102
}
330
42
100
AcDbScale
 70
     0
300
1:16
140
1.0
141
16.0
290
     0
  0
SCALE
  5
4A
102
{ACAD_REACTORS
330
42
102
}
330
42
100
AcDbScale
 70
     0
300
1:20
140
1.0
141
20.0
290
     0
  0
SCALE
  5
4B
102
{ACAD_REACTORS
330
42
102
}
330
42
100
AcDbScale
 70
     0
300
1:30
140
1.0
141
30.0
290
     0
  0
SCALE
  5
4C
102
{ACAD_REACTORS
330
42
102
}
330
42
100
AcDbScale
 70
     0
300
1:40
140
1.0
141
40.0
290
     0
  0
SCALE
  5
4D
102
{ACAD_REACTORS
330
42
102
}
330
42
100
AcDbScale
 70
     0
300
1:50
140
1.0
141
50.0
290
     0
  0
SCALE
  5
4E
102
{ACAD_REACTORS
330
42
102
}
330
42
100
AcDbScale
 70
     0
300
1:100
140
1.0
141
100.0
290
     0
  0
SCALE
  5
4F
102
{ACAD_REACTORS
330
42
102
}
330
42
100
AcDbScale
 70
     0
300
2:1
140
2.0
141
1.0
290
     0
  0
SCALE
  5
50
102
{ACAD_REACTORS
330
42
102
}
330
42
100
AcDbScale
 70
     0
300
4:1
140
4.0
141
1.0
290
     0
  0
SCALE
  5
51
102
{ACAD_REACTORS
330
42
102
}
330
42
100
AcDbScale
 70
     0
300
8:1
140
8.0
141
1.0
290
     0
  0
SCALE
  5
52
102
{ACAD_REACTORS
330
42
102
}
330
42
100
AcDbScale
 70
     0
300
10:1
140
10.0
141
1.0
290
     0
  0
SCALE
  5
53
102
{ACAD_REACTORS
330
42
102
}
330
42
100
AcDbScale
 70
     0
300
100:1
140
100.0
141
1.0
290
     0
  0
ACDBSECTIONVIEWSTYLE
  5
69
102
{ACAD_XDICTIONARY
360
C70
102
}
102
{ACAD_REACTORS
330
68
102
}
330
68
100
AcDbModelDocViewStyle
 70
     0
  3
Imperial24
290
     0
100
AcDbSectionViewStyle
 70
     0
 71
     0
 90
       78
 71
     1
340
55
 62
   256
 40
0.24
340
0
340
0
 62
   256
 40
0.24
300
I, O, Q, S, X, Z
 40
0.48
 90
        3
 40
0.18
 90
        1
 71
     2
340
5D
 90
       25
 62
   256
340
5D
 90
       50
 62
   256
 40
0.24
 40
0.0
 40
0.24
 71
     3
340
55
 62
   256
 40
0.24
 90
        1
 40
0.75
 90
        1
300
%<\AcVar ViewType \f "%tc1">% %<\AcVar ViewSectionStartId>%-%<\AcVar ViewSectionEndId>%\PSCALE %<\AcVar ViewScale \f "%sn">%
 71
     4
 62
   256
 62
   257
300
ANSI31
 40
1.0
 90
        0
290
     0
290
     0
 90
        6
 40
0.0
 40
1.570796
 40
0.261799
 40
1.308997
 40
-0.261799
 40
1.832596
  0
TABLESTYLE
  5
65
102
{ACAD_XDICTIONARY
360
C6D
102
}
102
{ACAD_REACTORS
330
64
102
}
330
64
100
AcDbTableStyle
280
     0
  3
Standard
 70
     0
 71
     0
 40
1.5
 41
1.5
280
     0
281
     0
  7
Standard
140
0.18
170
     2
 62
     0
 63
     7
283
     0
 90
      512
 91
        0
  1

274
    -2
284
     1
 64
     0
275
    -2
285
     1
 65
     0
276
    -2
286
     1
 66
     0
277
    -2
287
     1
 67
     0
278
    -2
288
     1
 68
     0
279
    -2
289
     1
 69
     0
  7
Standard
140
0.25
170
     5
 62
     0
 63
     7
283
     0
 90
      512
 91
        0
  1

274
    -2
284
     1
 64
     0
275
    -2
285
     1
 65
     0
276
    -2
286
     1
 66
     0
277
    -2
287
     1
 67
     0
278
    -2
288
     1
 68
     0
279
    -2
289
     1
 69
     0
  7
Standard
140
0.18
170
     5
 62
     0
 63
     7
283
     0
 90
      512
 91
        0
  1

274
    -2
284
     1
 64
     0
275
    -2
285
     1
 65
     0
276
    -2
286
     1
 66
     0
277
    -2
287
     1
 67
     0
278
    -2
288
     1
 68
     0
279
    -2
289
     1
 69
     0
  0
VISUALSTYLE
  5
2F
102
{ACAD_REACTORS
330
29
102
}
330
29
100
AcDbVisualStyle
  2
2dWireframe
 70
     4
177
     3
291
     0
 70
    58
 90
        0
176
     1
 90
        2
176
     1
 90
        0
176
     1
 90
        0
176
     1
 40
0.6
176
     1
 40
30.0
176
     1
 62
     7
420
 16777215
176
     1
 90
        1
176
     1
 90
        4
176
     1
 62
     7
176
     1
 62
   257
176
     1
 90
        1
176
     1
 90
        1
176
     1
 40
1.0
176
     1
 90
        0
176
     1
 62
   257
176
     1
 40
1.0
176
     1
 90
        1
176
     1
 90
        6
176
     1
 90
        2
176
     1
 62
     7
176
     1
 90
        5
176
     1
 90
        0
176
     1
 90
        0
176
     1
290
     0
176
     1
 90
        1
176
     1
 40
0.0
176
     1
 90
        0
176
     1
290
     1
176
     1
290
     1
176
     1
290
     0
176
     1
290
     0
176
     1
290
     0
176
     1
290
     0
176
     1
290
     0
176
     1
290
     0
176
     1
290
     0
176
     1
 90
       50
176
     1
 40
0.0
176
     1
 40
1.0
176
     1
 90
        0
176
     1
 62
    18
420
        0
176
     1
 90
       50
176
     1
 90
        3
176
     1
 62
     5
420
      255
176
     1
290
     0
176
     1
 90
       50
176
     1
 90
       50
176
     1
 90
       50
176
     1
290
     0
176
     1
 90
       50
176
     1
 62
   256
176
     0
 40
1.0
176
     0
 90
        2
176
     1
  1
strokes_ogs.tif
176
     1
290
     0
176
     1
 40
1.0
176
     1
 40
1.0
176
     1
1001
ACAD
1000
AcDbSavedByObjectVersion
1070
     0
  0
VISUALSTYLE
  5
2E
102
{ACAD_REACTORS
330
29
102
}
330
29
100
AcDbVisualStyle
  2
Basic
 70
     7
177
     3
291
     1
 70
    58
 90
        1
176
     1
 90
        0
176
     1
 90
        1
176
     1
 90
        0
176
     1
 40
0.6
176
     1
 40
30.0
176
     1
 62
     7
420
 16777215
176
     1
 90
        0
176
     1
 90
        4
176
     1
 62
     7
176
     1
 62
   257
176
     1
 90
        1
176
     1
 90
        1
176
     1
 40
1.0
176
     1
 90
        8
176
     1
 62
     7
176
     1
 40
1.0
176
     1
 90
        1
176
     1
 90
        6
176
     1
 90
        2
176
     1
 62
     7
176
     1
 90
        5
176
     1
 90
        0
176
     1
 90
        0
176
     1
290
     0
176
     1
 90
        1
176
     1
 40
0.0
176
     1
 90
        0
176
     1
290
     0
176
     1
290
     1
176
     1
290
     1
176
     1
290
     0
176
     1
290
     0
176
     1
290
     0
176
     1
290
     0
176
     1
290
     0
176
     1
290
     0
176
     1
 90
       50
176
     1
 40
0.0
176
     1
 40
1.0
176
     1
 90
        0
176
     1
 62
    18
420
        0
176
     1
 90
       50
176
     1
 90
        3
176
     1
 62
     5
420
      255
176
     1
290
     0
176
     1
 90
       50
176
     1
 90
       50
176
     1
 90
       50
176
     1
290
     0
176
     1
 90
       50
176
     1
 62
   256
176
     0
 40
1.0
176
     0
 90
        2
176
     1
  1
strokes_ogs.tif
176
     1
290
     0
176
     1
 40
1.0
176
     1
 40
1.0
176
     1
1001
ACAD
1000
AcDbSavedByObjectVersion
1070
     0
  0
VISUALSTYLE
  5
35
102
{ACAD_REACTORS
330
29
102
}
330
29
100
AcDbVisualStyle
  2
Brighten
 70
    12
177
     3
291
     1
 70
    58
 90
        2
176
     1
 90
        2
176
     1
 90
        0
176
     1
 90
        0
176
     1
 40
0.6
176
     1
 40
30.0
176
     1
 62
     7
420
 16777215
176
     1
 90
        1
176
     1
 90
        4
176
     1
 62
     7
176
     1
 62
   257
176
     1
 90
        1
176
     1
 90
        1
176
     1
 40
1.0
176
     1
 90
        8
176
     1
 62
     7
176
     1
 40
1.0
176
     1
 90
        1
176
     1
 90
        6
176
     1
 90
        2
176
     1
 62
     7
176
     1
 90
        5
176
     1
 90
        0
176
     1
 90
        0
176
     1
290
     0
176
     1
 90
        1
176
     1
 40
50.0
176
     1
 90
        0
176
     1
290
     0
176
     1
290
     1
176
     1
290
     1
176
     1
290
     0
176
     1
290
     0
176
     1
290
     0
176
     1
290
     0
176
     1
290
     0
176
     1
290
     0
176
     1
 90
       50
176
     1
 40
0.0
176
     1
 40
1.0
176
     1
 90
        0
176
     1
 62
    18
420
        0
176
     1
 90
       50
176
     1
 90
        3
176
     1
 62
     5
420
      255
176
     1
290
     0
176
     1
 90
       50
176
     1
 90
       50
176
     1
 90
       50
176
     1
290
     0
176
     1
 90
       50
176
     1
 62
   256
176
     0
 40
1.0
176
     0
 90
        2
176
     1
  1
strokes_ogs.tif
176
     1
290
     0
176
     1
 40
1.0
176
     1
 40
1.0
176
     1
1001
ACAD
1000
AcDbSavedByObjectVersion
1070
     0
  0
VISUALSTYLE
  5
39
102
{ACAD_REACTORS
330
29
102
}
330
29
100
AcDbVisualStyle
  2
ColorChange
 70
    16
177
     3
291
     1
 70
    58
 90
        2
176
     1
 90
        2
176
     1
 90
        3
176
     1
 90
        0
176
     1
 40
0.6
176
     1
 40
30.0
176
     1
 62
     8
420
  8421504
176
     1
 90
        1
176
     1
 90
        4
176
     1
 62
     7
176
     1
 62
   257
176
     1
 90
        1
176
     1
 90
        1
176
     1
 40
1.0
176
     1
 90
        8
176
     1
 62
     8
420
  8421504
176
     1
 40
1.0
176
     1
 90
        1
176
     1
 90
        6
176
     1
 90
        2
176
     1
 62
     7
176
     1
 90
        5
176
     1
 90
        0
176
     1
 90
        0
176
     1
290
     0
176
     1
 90
        1
176
     1
 40
0.0
176
     1
 90
        0
176
     1
290
     0
176
     1
290
     1
176
     1
290
     1
176
     1
290
     0
176
     1
290
     0
176
     1
290
     0
176
     1
290
     0
176
     1
290
     0
176
     1
290
     0
176
     1
 90
       50
176
     1
 40
0.0
176
     1
 40
1.0
176
     1
 90
        0
176
     1
 62
    18
420
        0
176
     1
 90
       50
176
     1
 90
        3
176
     1
 62
     5
420
      255
176
     1
290
     0
176
     1
 90
       50
176
     1
 90
       50
176
     1
 90
       50
176
     1
290
     0
176
     1
 90
       50
176
     1
 62
   256
176
     0
 40
1.0
176
     0
 90
        2
176
     1
  1
strokes_ogs.tif
176
     1
290
     0
176
     1
 40
1.0
176
     1
 40
1.0
176
     1
1001
ACAD
1000
AcDbSavedByObjectVersion
1070
     0
  0
VISUALSTYLE
  5
32
102
{ACAD_REACTORS
330
29
102
}
330
29
100
AcDbVisualStyle
  2
Conceptual
 70
     9
177
     3
291
     0
 70
    58
 90
        3
176
     1
 90
        2
176
     1
 90
        0
176
     1
 90
        0
176
     1
 40
0.6
176
     1
 40
30.0
176
     1
 62
     7
420
 16777215
176
     1
 90
        2
176
     1
 90
        2
176
     1
 62
     7
176
     1
 62
   257
176
     1
 90
        1
176
     1
 90
        1
176
     1
 40
179.0
176
     1
 90
        8
176
     1
 62
     7
176
     1
 40
1.0
176
     1
 90
        1
176
     1
 90
        6
176
     1
 90
        2
176
     1
 62
     7
176
     1
 90
        3
176
     1
 90
        0
176
     1
 90
        0
176
     1
290
     0
176
     1
 90
        1
176
     1
 40
0.0
176
     1
 90
        0
176
     1
290
     0
176
     1
290
     1
176
     1
290
     1
176
     1
290
     0
176
     1
290
     0
176
     1
290
     0
176
     1
290
     0
176
     1
290
     0
176
     1
290
     0
176
     1
 90
       50
176
     1
 40
0.0
176
     1
 40
1.0
176
     1
 90
        0
176
     1
 62
    18
420
        0
176
     1
 90
       50
176
     1
 90
        3
176
     1
 62
     5
420
      255
176
     1
290
     0
176
     1
 90
       50
176
     1
 90
       50
176
     1
 90
       50
176
     1
290
     0
176
     1
 90
       50
176
     1
 62
   256
176
     0
 40
1.0
176
     0
 90
        2
176
     1
  1
strokes_ogs.tif
176
     1
290
     0
176
     1
 40
1.0
176
     1
 40
1.0
176
     1
1001
ACAD
1000
AcDbSavedByObjectVersion
1070
     0
  0
VISUALSTYLE
  5
34
102
{ACAD_REACTORS
330
29
102
}
330
29
100
AcDbVisualStyle
  2
Dim
 70
    11
177
     3
291
     1
 70
    58
 90
        2
176
     1
 90
        2
176
     1
 90
        0
176
     1
 90
        0
176
     1
 40
0.6
176
     1
 40
30.0
176
     1
 62
     7
420
 16777215
176
     1
 90
        1
176
     1
 90
        4
176
     1
 62
     7
176
     1
 62
   257
176
     1
 90
        1
176
     1
 90
        1
176
     1
 40
1.0
176
     1
 90
        8
176
     1
 62
     7
176
     1
 40
1.0
176
     1
 90
        1
176
     1
 90
        6
176
     1
 90
        2
176
     1
 62
     7
176
     1
 90
        5
176
     1
 90
        0
176
     1
 90
        0
176
     1
290
     0
176
     1
 90
        1
176
     1
 40
-50.0
176
     1
 90
        0
176
     1
290
     0
176
     1
290
     1
176
     1
290
     1
176
     1
290
     0
176
     1
290
     0
176
     1
290
     0
176
     1
290
     0
176
     1
290
     0
176
     1
290
     0
176
     1
 90
       50
176
     1
 40
0.0
176
     1
 40
1.0
176
     1
 90
        0
176
     1
 62
    18
420
        0
176
     1
 90
       50
176
     1
 90
        3
176
     1
 62
     5
420
      255
176
     1
290
     0
176
     1
 90
       50
176
     1
 90
       50
176
     1
 90
       50
176
     1
290
     0
176
     1
 90
       50
176
     1
 62
   256
176
     0
 40
1.0
176
     0
 90
        2
176
     1
  1
strokes_ogs.tif
176
     1
290
     0
176
     1
 40
1.0
176
     1
 40
1.0
176
     1
1001
ACAD
1000
AcDbSavedByObjectVersion
1070
     0
  0
VISUALSTYLE
  5
41
102
{ACAD_REACTORS
330
29
102
}
330
29
100
AcDbVisualStyle
  2
EdgeColorOff
 70
    22
177
     3
291
     1
 70
    58
 90
        2
176
     0
 90
        2
176
     0
 90
        0
176
     0
 90
        0
176
     0
 40
0.6
176
     0
 40
30.0
176
     0
 62
     7
420
 16777215
176
     0
 90
        1
176
     0
 90
        4
176
     0
 62
     7
176
     0
 62
   257
176
     0
 90
        1
176
     0
 90
        1
176
     0
 40
1.0
176
     0
 90
        8
176
     2
 62
     7
176
     0
 40
1.0
176
     0
 90
        1
176
     0
 90
        6
176
     0
 90
        2
176
     0
 62
     7
176
     0
 90
        5
176
     0
 90
        0
176
     0
 90
        0
176
     0
290
     0
176
     0
 90
        1
176
     0
 40
0.0
176
     0
 90
        0
176
     0
290
     0
176
     0
290
     1
176
     0
290
     1
176
     0
290
     0
176
     0
290
     0
176
     0
290
     0
176
     0
290
     0
176
     0
290
     0
176
     0
290
     0
176
     0
 90
       50
176
     0
 40
0.0
176
     0
 40
1.0
176
     0
 90
        0
176
     0
 62
    18
420
        0
176
     0
 90
       50
176
     0
 90
        3
176
     0
 62
     5
420
      255
176
     0
290
     0
176
     0
 90
       50
176
     0
 90
       50
176
     0
 90
       50
176
     0
290
     0
176
     0
 90
       50
176
     0
 62
   256
176
     0
 40
1.0
176
     0
 90
        2
176
     0
  1
strokes_ogs.tif
176
     0
290
     0
176
     0
 40
1.0
176
     0
 40
1.0
176
     0
1001
ACAD
1000
AcDbSavedByObjectVersion
1070
     0
  0
VISUALSTYLE
  5
38
102
{ACAD_REACTORS
330
29
102
}
330
29
100
AcDbVisualStyle
  2
Facepattern
 70
    15
177
     3
291
     1
 70
    58
 90
        2
176
     1
 90
        2
176
     1
 90
        0
176
     1
 90
        0
176
     1
 40
0.6
176
     1
 40
30.0
176
     1
 62
     7
420
 16777215
176
     1
 90
        1
176
     1
 90
        4
176
     1
 62
     7
176
     1
 62
   257
176
     1
 90
        1
176
     1
 90
        1
176
     1
 40
1.0
176
     1
 90
        8
176
     1
 62
     7
176
     1
 40
1.0
176
     1
 90
        1
176
     1
 90
        6
176
     1
 90
        2
176
     1
 62
     7
176
     1
 90
        5
176
     1
 90
        0
176
     1
 90
        0
176
     1
290
     0
176
     1
 90
        1
176
     1
 40
0.0
176
     1
 90
        0
176
     1
290
     0
176
     1
290
     1
176
     1
290
     1
176
     1
290
     0
176
     1
290
     0
176
     1
290
     0
176
     1
290
     0
176
     1
290
     0
176
     1
290
     0
176
     1
 90
       50
176
     1
 40
0.0
176
     1
 40
1.0
176
     1
 90
        0
176
     1
 62
    18
420
        0
176
     1
 90
       50
176
     1
 90
        3
176
     1
 62
     5
420
      255
176
     1
290
     0
176
     1
 90
       50
176
     1
 90
       50
176
     1
 90
       50
176
     1
290
     0
176
     1
 90
       50
176
     1
 62
   256
176
     0
 40
1.0
176
     0
 90
        2
176
     1
  1
strokes_ogs.tif
176
     1
290
     0
176
     1
 40
1.0
176
     1
 40
1.0
176
     1
1001
ACAD
1000
AcDbSavedByObjectVersion
1070
     0
  0
VISUALSTYLE
  5
2A
102
{ACAD_REACTORS
330
29
102
}
330
29
100
AcDbVisualStyle
  2
Flat
 70
     0
177
     3
291
     1
 70
    58
 90
        2
176
     1
 90
        1
176
     1
 90
        1
176
     1
 90
        2
176
     1
 40
0.6
176
     1
 40
30.0
176
     1
 62
     7
420
 16777215
176
     1
 90
        0
176
     1
 90
        0
176
     1
 62
     7
176
     1
 62
   257
176
     1
 90
        1
176
     1
 90
        1
176
     1
 40
1.0
176
     1
 90
        8
176
     1
 62
     7
176
     1
 40
1.0
176
     1
 90
        1
176
     1
 90
        6
176
     1
 90
        2
176
     1
 62
     7
176
     1
 90
        5
176
     1
 90
        0
176
     1
 90
        0
176
     1
290
     0
176
     1
 90
       13
176
     1
 40
0.0
176
     1
 90
        0
176
     1
290
     0
176
     1
290
     1
176
     1
290
     1
176
     1
290
     0
176
     1
290
     0
176
     1
290
     0
176
     1
290
     0
176
     1
290
     0
176
     1
290
     0
176
     1
 90
       50
176
     1
 40
0.0
176
     1
 40
1.0
176
     1
 90
        0
176
     1
 62
    18
420
        0
176
     1
 90
       50
176
     1
 90
        3
176
     1
 62
     5
420
      255
176
     1
290
     0
176
     1
 90
       50
176
     1
 90
       50
176
     1
 90
       50
176
     1
290
     0
176
     1
 90
       50
176
     1
 62
   256
176
     0
 40
1.0
176
     0
 90
        2
176
     1
  1
strokes_ogs.tif
176
     1
290
     0
176
     1
 40
1.0
176
     1
 40
1.0
176
     1
1001
ACAD
1000
AcDbSavedByObjectVersion
1070
     0
  0
VISUALSTYLE
  5
2B
102
{ACAD_REACTORS
330
29
102
}
330
29
100
AcDbVisualStyle
  2
FlatWithEdges
 70
     1
177
     3
291
     1
 70
    58
 90
        2
176
     1
 90
        1
176
     1
 90
        1
176
     1
 90
        2
176
     1
 40
0.6
176
     1
 40
30.0
176
     1
 62
     7
420
 16777215
176
     1
 90
        1
176
     1
 90
        0
176
     1
 62
     7
176
     1
 62
   257
176
     1
 90
        1
176
     1
 90
        1
176
     1
 40
1.0
176
     1
 90
        0
176
     1
 62
   257
176
     1
 40
1.0
176
     1
 90
        1
176
     1
 90
        6
176
     1
 90
        2
176
     1
 62
     7
176
     1
 90
        5
176
     1
 90
        0
176
     1
 90
        0
176
     1
290
     0
176
     1
 90
       13
176
     1
 40
0.0
176
     1
 90
        0
176
     1
290
     0
176
     1
290
     1
176
     1
290
     1
176
     1
290
     0
176
     1
290
     0
176
     1
290
     0
176
     1
290
     0
176
     1
290
     0
176
     1
290
     0
176
     1
 90
       50
176
     1
 40
0.0
176
     1
 40
1.0
176
     1
 90
        0
176
     1
 62
    18
420
        0
176
     1
 90
       50
176
     1
 90
        3
176
     1
 62
     5
420
      255
176
     1
290
     0
176
     1
 90
       50
176
     1
 90
       50
176
     1
 90
       50
176
     1
290
     0
176
     1
 90
       50
176
     1
 62
   256
176
     0
 40
1.0
176
     0
 90
        2
176
     1
  1
strokes_ogs.tif
176
     1
290
     0
176
     1
 40
1.0
176
     1
 40
1.0
176
     1
1001
ACAD
1000
AcDbSavedByObjectVersion
1070
     0
  0
VISUALSTYLE
  5
2C
102
{ACAD_REACTORS
330
29
102
}
330
29
100
AcDbVisualStyle
  2
Gouraud
 70
     2
177
     3
291
     1
 70
    58
 90
        2
176
     1
 90
        2
176
     1
 90
        1
176
     1
 90
        2
176
     1
 40
0.6
176
     1
 40
30.0
176
     1
 62
     7
420
 16777215
176
     1
 90
        0
176
     1
 90
        0
176
     1
 62
     7
176
     1
 62
   257
176
     1
 90
        1
176
     1
 90
        1
176
     1
 40
1.0
176
     1
 90
        0
176
     1
 62
     7
176
     1
 40
1.0
176
     1
 90
        1
176
     1
 90
        6
176
     1
 90
        2
176
     1
 62
     7
176
     1
 90
        5
176
     1
 90
        0
176
     1
 90
        0
176
     1
290
     0
176
     1
 90
       13
176
     1
 40
0.0
176
     1
 90
        0
176
     1
290
     0
176
     1
290
     1
176
     1
290
     1
176
     1
290
     0
176
     1
290
     0
176
     1
290
     0
176
     1
290
     0
176
     1
290
     0
176
     1
290
     0
176
     1
 90
       50
176
     1
 40
0.0
176
     1
 40
1.0
176
     1
 90
        0
176
     1
 62
    18
420
        0
176
     1
 90
       50
176
     1
 90
        3
176
     1
 62
     5
420
      255
176
     1
290
     0
176
     1
 90
       50
176
     1
 90
       50
176
     1
 90
       50
176
     1
290
     0
176
     1
 90
       50
176
     1
 62
   256
176
     0
 40
1.0
176
     0
 90
        2
176
     1
  1
strokes_ogs.tif
176
     1
290
     0
176
     1
 40
1.0
176
     1
 40
1.0
176
     1
1001
ACAD
1000
AcDbSavedByObjectVersion
1070
     0
  0
VISUALSTYLE
  5
2D
102
{ACAD_REACTORS
330
29
102
}
330
29
100
AcDbVisualStyle
  2
GouraudWithEdges
 70
     3
177
     3
291
     1
 70
    58
 90
        2
176
     1
 90
        2
176
     1
 90
        1
176
     1
 90
        2
176
     1
 40
0.6
176
     1
 40
30.0
176
     1
 62
     7
420
 16777215
176
     1
 90
        1
176
     1
 90
        0
176
     1
 62
     7
176
     1
 62
   257
176
     1
 90
        1
176
     1
 90
        1
176
     1
 40
1.0
176
     1
 90
        0
176
     1
 62
   257
176
     1
 40
1.0
176
     1
 90
        1
176
     1
 90
        6
176
     1
 90
        2
176
     1
 62
     7
176
     1
 90
        5
176
     1
 90
        0
176
     1
 90
        0
176
     1
290
     0
176
     1
 90
       13
176
     1
 40
0.0
176
     1
 90
        0
176
     1
290
     0
176
     1
290
     1
176
     1
290
     1
176
     1
290
     0
176
     1
290
     0
176
     1
290
     0
176
     1
290
     0
176
     1
290
     0
176
     1
290
     0
176
     1
 90
       50
176
     1
 40
0.0
176
     1
 40
1.0
176
     1
 90
        0
176
     1
 62
    18
420
        0
176
     1
 90
       50
176
     1
 90
        3
176
     1
 62
     5
420
      255
176
     1
290
     0
176
     1
 90
       50
176
     1
 90
       50
176
     1
 90
       50
176
     1
290
     0
176
     1
 90
       50
176
     1
 62
   256
176
     0
 40
1.0
176
     0
 90
        2
176
     1
  1
strokes_ogs.tif
176
     1
290
     0
176
     1
 40
1.0
176
     1
 40
1.0
176
     1
1001
ACAD
1000
AcDbSavedByObjectVersion
1070
     0
  0
VISUALSTYLE
  5
31
102
{ACAD_REACTORS
330
29
102
}
330
29
100
AcDbVisualStyle
  2
Hidden
 70
     6
177
     3
291
     0
 70
    58
 90
        1
176
     1
 90
        2
176
     1
 90
        2
176
     1
 90
        0
176
     1
 40
0.6
176
     1
 40
30.0
176
     1
 62
     7
420
 16777215
176
     1
 90
        2
176
     1
 90
        2
176
     1
 62
     7
176
     1
 62
   257
176
     1
 90
        2
176
     1
 90
        1
176
     1
 40
40.0
176
     1
 90
        0
176
     1
 62
   257
176
     1
 40
1.0
176
     1
 90
        1
176
     1
 90
        6
176
     1
 90
        2
176
     1
 62
     7
176
     1
 90
        3
176
     1
 90
        0
176
     1
 90
        0
176
     1
290
     0
176
     1
 90
        1
176
     1
 40
0.0
176
     1
 90
        0
176
     1
290
     0
176
     1
290
     1
176
     1
290
     1
176
     1
290
     0
176
     1
290
     0
176
     1
290
     0
176
     1
290
     0
176
     1
290
     0
176
     1
290
     0
176
     1
 90
       50
176
     1
 40
0.0
176
     1
 40
1.0
176
     1
 90
        0
176
     1
 62
    18
420
        0
176
     1
 90
       50
176
     1
 90
        3
176
     1
 62
     5
420
      255
176
     1
290
     0
176
     1
 90
       50
176
     1
 90
       50
176
     1
 90
       50
176
     1
290
     0
176
     1
 90
       50
176
     1
 62
   256
176
     0
 40
1.0
176
     0
 90
        2
176
     1
  1
strokes_ogs.tif
176
     1
290
     0
176
     1
 40
1.0
176
     1
 40
1.0
176
     1
1001
ACAD
1000
AcDbSavedByObjectVersion
1070
     0
  0
VISUALSTYLE
  5
3F
102
{ACAD_REACTORS
330
29
102
}
330
29
100
AcDbVisualStyle
  2
JitterOff
 70
    20
177
     3
291
     1
 70
    58
 90
        2
176
     0
 90
        2
176
     0
 90
        0
176
     0
 90
        0
176
     0
 40
0.6
176
     0
 40
30.0
176
     0
 62
     7
420
 16777215
176
     0
 90
        1
176
     0
 90
        4
176
     0
 62
     7
176
     0
 62
   257
176
     0
 90
        1
176
     0
 90
        1
176
     0
 40
1.0
176
     0
 90
       10
176
     2
 62
     7
176
     0
 40
1.0
176
     0
 90
        1
176
     0
 90
        6
176
     0
 90
        2
176
     0
 62
     7
176
     0
 90
        5
176
     0
 90
        0
176
     0
 90
        0
176
     0
290
     0
176
     0
 90
        1
176
     0
 40
0.0
176
     0
 90
        0
176
     0
290
     0
176
     0
290
     1
176
     0
290
     1
176
     0
290
     0
176
     0
290
     0
176
     0
290
     0
176
     0
290
     0
176
     0
290
     0
176
     0
290
     0
176
     0
 90
       50
176
     0
 40
0.0
176
     0
 40
1.0
176
     0
 90
        0
176
     0
 62
    18
420
        0
176
     0
 90
       50
176
     0
 90
        3
176
     0
 62
     5
420
      255
176
     0
290
     0
176
     0
 90
       50
176
     0
 90
       50
176
     0
 90
       50
176
     0
290
     0
176
     0
 90
       50
176
     0
 62
   256
176
     0
 40
1.0
176
     0
 90
        2
176
     0
  1
strokes_ogs.tif
176
     0
290
     0
176
     0
 40
1.0
176
     0
 40
1.0
176
     0
1001
ACAD
1000
AcDbSavedByObjectVersion
1070
     0
  0
VISUALSTYLE
  5
37
102
{ACAD_REACTORS
330
29
102
}
330
29
100
AcDbVisualStyle
  2
Linepattern
 70
    14
177
     3
291
     1
 70
    58
 90
        2
176
     1
 90
        2
176
     1
 90
        0
176
     1
 90
        0
176
     1
 40
0.6
176
     1
 40
30.0
176
     1
 62
     7
420
 16777215
176
     1
 90
        1
176
     1
 90
        4
176
     1
 62
     7
176
     1
 62
   257
176
     1
 90
        7
176
     1
 90
        7
176
     1
 40
1.0
176
     1
 90
        8
176
     1
 62
     7
176
     1
 40
1.0
176
     1
 90
        1
176
     1
 90
        6
176
     1
 90
        2
176
     1
 62
     7
176
     1
 90
        5
176
     1
 90
        0
176
     1
 90
        0
176
     1
290
     0
176
     1
 90
        1
176
     1
 40
0.0
176
     1
 90
        0
176
     1
290
     0
176
     1
290
     1
176
     1
290
     1
176
     1
290
     0
176
     1
290
     0
176
     1
290
     0
176
     1
290
     0
176
     1
290
     0
176
     1
290
     0
176
     1
 90
       50
176
     1
 40
0.0
176
     1
 40
1.0
176
     1
 90
        0
176
     1
 62
    18
420
        0
176
     1
 90
       50
176
     1
 90
        3
176
     1
 62
     5
420
      255
176
     1
290
     0
176
     1
 90
       50
176
     1
 90
       50
176
     1
 90
       50
176
     1
290
     0
176
     1
 90
       50
176
     1
 62
   256
176
     0
 40
1.0
176
     0
 90
        2
176
     1
  1
strokes_ogs.tif
176
     1
290
     0
176
     1
 40
1.0
176
     1
 40
1.0
176
     1
1001
ACAD
1000
AcDbSavedByObjectVersion
1070
     0
  0
VISUALSTYLE
  5
40
102
{ACAD_REACTORS
330
29
102
}
330
29
100
AcDbVisualStyle
  2
OverhangOff
 70
    21
177
     3
291
     1
 70
    58
 90
        2
176
     0
 90
        2
176
     0
 90
        0
176
     0
 90
        0
176
     0
 40
0.6
176
     0
 40
30.0
176
     0
 62
     7
420
 16777215
176
     0
 90
        1
176
     0
 90
        4
176
     0
 62
     7
176
     0
 62
   257
176
     0
 90
        1
176
     0
 90
        1
176
     0
 40
1.0
176
     0
 90
        9
176
     2
 62
     7
176
     0
 40
1.0
176
     0
 90
        1
176
     0
 90
        6
176
     0
 90
        2
176
     0
 62
     7
176
     0
 90
        5
176
     0
 90
        0
176
     0
 90
        0
176
     0
290
     0
176
     0
 90
        1
176
     0
 40
0.0
176
     0
 90
        0
176
     0
290
     0
176
     0
290
     1
176
     0
290
     1
176
     0
290
     0
176
     0
290
     0
176
     0
290
     0
176
     0
290
     0
176
     0
290
     0
176
     0
290
     0
176
     0
 90
       50
176
     0
 40
0.0
176
     0
 40
1.0
176
     0
 90
        0
176
     0
 62
    18
420
        0
176
     0
 90
       50
176
     0
 90
        3
176
     0
 62
     5
420
      255
176
     0
290
     0
176
     0
 90
       50
176
     0
 90
       50
176
     0
 90
       50
176
     0
290
     0
176
     0
 90
       50
176
     0
 62
   256
176
     0
 40
1.0
176
     0
 90
        2
176
     0
  1
strokes_ogs.tif
176
     0
290
     0
176
     0
 40
1.0
176
     0
 40
1.0
176
     0
1001
ACAD
1000
AcDbSavedByObjectVersion
1070
     0
  0
VISUALSTYLE
  5
33
102
{ACAD_REACTORS
330
29
102
}
330
29
100
AcDbVisualStyle
  2
Realistic
 70
     8
177
     3
291
     0
 70
    58
 90
        2
176
     1
 90
        3
176
     1
 90
        0
176
     1
 90
        2
176
     1
 40
0.6
176
     1
 40
30.0
176
     1
 62
     7
420
 16777215
176
     1
 90
        0
176
     1
 90
        0
176
     1
 62
     7
176
     1
 62
   257
176
     1
 90
        1
176
     1
 90
        1
176
     1
 40
1.0
176
     1
 90
        8
176
     1
 62
   257
176
     1
 40
1.0
176
     1
 90
        1
176
     1
 90
        6
176
     1
 90
        2
176
     1
 62
     7
176
     1
 90
        3
176
     1
 90
        0
176
     1
 90
        0
176
     1
290
     0
176
     1
 90
       13
176
     1
 40
0.0
176
     1
 90
        0
176
     1
290
     0
176
     1
290
     1
176
     1
290
     1
176
     1
290
     0
176
     1
290
     0
176
     1
290
     0
176
     1
290
     0
176
     1
290
     0
176
     1
290
     0
176
     1
 90
       50
176
     1
 40
0.0
176
     1
 40
1.0
176
     1
 90
        0
176
     1
 62
    18
420
        0
176
     1
 90
       50
176
     1
 90
        3
176
     1
 62
     5
420
      255
176
     1
290
     0
176
     1
 90
       50
176
     1
 90
       50
176
     1
 90
       50
176
     1
290
     0
176
     1
 90
       50
176
     1
 62
   256
176
     0
 40
1.0
176
     0
 90
        2
176
     1
  1
strokes_ogs.tif
176
     1
290
     0
176
     1
 40
1.0
176
     1
 40
1.0
176
     1
1001
ACAD
1000
AcDbSavedByObjectVersion
1070
     0
  0
VISUALSTYLE
  5
3E
102
{ACAD_REACTORS
330
29
102
}
330
29
100
AcDbVisualStyle
  2
Shaded
 70
    27
177
     3
291
     0
 70
    58
 90
        2
176
     1
 90
        2
176
     1
 90
        1
176
     1
 90
        2
176
     1
 40
0.6
176
     1
 40
30.0
176
     1
 62
     7
420
 16777215
176
     1
 90
        0
176
     1
 90
        4
176
     1
 62
     7
176
     1
 62
   257
176
     1
 90
        1
176
     1
 90
        1
176
     1
 40
1.0
176
     1
 90
        8
176
     1
 62
   257
176
     1
 40
1.0
176
     1
 90
        1
176
     1
 90
        6
176
     1
 90
        2
176
     1
 62
     8
420
  7895160
176
     1
 90
        3
176
     1
 90
        0
176
     1
 90
        0
176
     1
290
     0
176
     1
 90
        5
176
     1
 40
0.0
176
     1
 90
        0
176
     1
290
     0
176
     1
290
     1
176
     1
290
     1
176
     1
290
     0
176
     1
290
     0
176
     1
290
     0
176
     1
290
     0
176
     1
290
     0
176
     1
290
     0
176
     1
 90
       50
176
     1
 40
0.0
176
     1
 40
1.0
176
     1
 90
        0
176
     1
 62
    18
420
        0
176
     1
 90
       50
176
     1
 90
        3
176
     1
 62
     5
420
      255
176
     1
290
     0
176
     1
 90
       50
176
     1
 90
       50
176
     1
 90
       50
176
     1
290
     0
176
     1
 90
       50
176
     1
 62
   256
176
     0
 40
1.0
176
     0
 90
        2
176
     1
  1
strokes_ogs.tif
176
     1
290
     0
176
     1
 40
1.0
176
     1
 40
1.0
176
     1
1001
ACAD
1000
AcDbSavedByObjectVersion
1070
     0
  0
VISUALSTYLE
  5
3D
102
{ACAD_REACTORS
330
29
102
}
330
29
100
AcDbVisualStyle
  2
Shaded with edges
 70
    26
177
     3
291
     0
 70
    58
 90
        2
176
     1
 90
        2
176
     1
 90
        1
176
     1
 90
        2
176
     1
 40
0.6
176
     1
 40
30.0
176
     1
 62
     7
420
 16777215
176
     1
 90
        1
176
     1
 90
        2
176
     1
 62
     7
176
     1
 62
   257
176
     1
 90
        2
176
     1
 90
        1
176
     1
 40
1.0
176
     1
 90
        8
176
     1
 62
   257
176
     1
 40
1.0
176
     1
 90
        1
176
     1
 90
        6
176
     1
 90
        2
176
     1
 62
     7
176
     1
 90
        3
176
     1
 90
        0
176
     1
 90
        0
176
     1
290
     0
176
     1
 90
        5
176
     1
 40
0.0
176
     1
 90
        0
176
     1
290
     0
176
     1
290
     1
176
     1
290
     1
176
     1
290
     0
176
     1
290
     0
176
     1
290
     0
176
     1
290
     0
176
     1
290
     0
176
     1
290
     0
176
     1
 90
       50
176
     1
 40
0.0
176
     1
 40
1.0
176
     1
 90
        0
176
     1
 62
    18
420
        0
176
     1
 90
       50
176
     1
 90
        3
176
     1
 62
     5
420
      255
176
     1
290
     0
176
     1
 90
       50
176
     1
 90
       50
176
     1
 90
       50
176
     1
290
     0
176
     1
 90
       50
176
     1
 62
   256
176
     0
 40
1.0
176
     0
 90
        2
176
     1
  1
strokes_ogs.tif
176
     1
290
     0
176
     1
 40
1.0
176
     1
 40
1.0
176
     1
1001
ACAD
1000
AcDbSavedByObjectVersion
1070
     0
  0
VISUALSTYLE
  5
3A
102
{ACAD_REACTORS
330
29
102
}
330
29
100
AcDbVisualStyle
  2
Shades of Gray
 70
    23
177
     3
291
     0
 70
    58
 90
        2
176
     1
 90
        2
176
     1
 90
        3
176
     1
 90
        0
176
     1
 40
0.6
176
     1
 40
30.0
176
     1
 62
     7
420
 16777215
176
     1
 90
        2
176
     1
 90
        2
176
     1
 62
     7
176
     1
 62
     7
176
     1
 90
        1
176
     1
 90
        1
176
     1
 40
40.0
176
     1
 90
        8
176
     1
 62
     7
176
     1
 40
1.0
176
     1
 90
        1
176
     1
 90
        6
176
     1
 90
        2
176
     1
 62
     7
176
     1
 90
        3
176
     1
 90
        0
176
     1
 90
        0
176
     1
290
     0
176
     1
 90
        1
176
     1
 40
0.0
176
     1
 90
        0
176
     1
290
     0
176
     1
290
     1
176
     1
290
     1
176
     1
290
     0
176
     1
290
     0
176
     1
290
     0
176
     1
290
     0
176
     1
290
     0
176
     1
290
     0
176
     1
 90
       50
176
     1
 40
0.0
176
     1
 40
1.0
176
     1
 90
        0
176
     1
 62
    18
420
        0
176
     1
 90
       50
176
     1
 90
        3
176
     1
 62
     5
420
      255
176
     1
290
     0
176
     1
 90
       50
176
     1
 90
       50
176
     1
 90
       50
176
     1
290
     0
176
     1
 90
       50
176
     1
 62
   256
176
     0
 40
1.0
176
     0
 90
        2
176
     1
  1
strokes_ogs.tif
176
     1
290
     0
176
     1
 40
1.0
176
     1
 40
1.0
176
     1
1001
ACAD
1000
AcDbSavedByObjectVersion
1070
     0
  0
VISUALSTYLE
  5
3B
102
{ACAD_REACTORS
330
29
102
}
330
29
100
AcDbVisualStyle
  2
Sketchy
 70
    24
177
     3
291
     0
 70
    58
 90
        1
176
     1
 90
        2
176
     1
 90
        2
176
     1
 90
        0
176
     1
 40
0.6
176
     1
 40
30.0
176
     1
 62
     7
420
 16777215
176
     1
 90
        2
176
     1
 90
        2
176
     1
 62
     7
176
     1
 62
     7
176
     1
 90
        1
176
     1
 90
        1
176
     1
 40
40.0
176
     1
 90
       11
176
     1
 62
     7
176
     1
 40
1.0
176
     1
 90
        1
176
     1
 90
        6
176
     1
 90
        2
176
     1
 62
     7
176
     1
 90
        6
176
     1
 90
        0
176
     1
 90
        0
176
     1
290
     0
176
     1
 90
        1
176
     1
 40
0.0
176
     1
 90
        0
176
     1
290
     0
176
     1
290
     1
176
     1
290
     1
176
     1
290
     0
176
     1
290
     0
176
     1
290
     0
176
     1
290
     0
176
     1
290
     0
176
     1
290
     0
176
     1
 90
       50
176
     1
 40
0.0
176
     1
 40
1.0
176
     1
 90
        0
176
     1
 62
    18
420
        0
176
     1
 90
       50
176
     1
 90
        3
176
     1
 62
     5
420
      255
176
     1
290
     0
176
     1
 90
       50
176
     1
 90
       50
176
     1
 90
       50
176
     1
290
     0
176
     1
 90
       50
176
     1
 62
   256
176
     0
 40
1.0
176
     0
 90
        2
176
     1
  1
strokes_ogs.tif
176
     1
290
     0
176
     1
 40
1.0
176
     1
 40
1.0
176
     1
1001
ACAD
1000
AcDbSavedByObjectVersion
1070
     0
  0
VISUALSTYLE
  5
36
102
{ACAD_REACTORS
330
29
102
}
330
29
100
AcDbVisualStyle
  2
Thicken
 70
    13
177
     3
291
     1
 70
    58
 90
        2
176
     1
 90
        2
176
     1
 90
        0
176
     1
 90
        0
176
     1
 40
0.6
176
     1
 40
30.0
176
     1
 62
     7
420
 16777215
176
     1
 90
        1
176
     1
 90
        4
176
     1
 62
     7
176
     1
 62
   257
176
     1
 90
        1
176
     1
 90
        1
176
     1
 40
1.0
176
     1
 90
       12
176
     1
 62
     7
176
     1
 40
1.0
176
     1
 90
        1
176
     1
 90
        6
176
     1
 90
        2
176
     1
 62
     7
176
     1
 90
        5
176
     1
 90
        0
176
     1
 90
        0
176
     1
290
     0
176
     1
 90
        1
176
     1
 40
0.0
176
     1
 90
        0
176
     1
290
     0
176
     1
290
     1
176
     1
290
     1
176
     1
290
     0
176
     1
290
     0
176
     1
290
     0
176
     1
290
     0
176
     1
290
     0
176
     1
290
     0
176
     1
 90
       50
176
     1
 40
0.0
176
     1
 40
1.0
176
     1
 90
        0
176
     1
 62
    18
420
        0
176
     1
 90
       50
176
     1
 90
        3
176
     1
 62
     5
420
      255
176
     1
290
     0
176
     1
 90
       50
176
     1
 90
       50
176
     1
 90
       50
176
     1
290
     0
176
     1
 90
       50
176
     1
 62
   256
176
     0
 40
1.0
176
     0
 90
        2
176
     1
  1
strokes_ogs.tif
176
     1
290
     0
176
     1
 40
1.0
176
     1
 40
1.0
176
     1
1001
ACAD
1000
AcDbSavedByObjectVersion
1070
     0
  0
VISUALSTYLE
  5
30
102
{ACAD_REACTORS
330
29
102
}
330
29
100
AcDbVisualStyle
  2
Wireframe
 70
     5
177
     3
291
     0
 70
    58
 90
        0
176
     1
 90
        2
176
     1
 90
        0
176
     1
 90
        0
176
     1
 40
0.6
176
     1
 40
30.0
176
     1
 62
     7
420
 16777215
176
     1
 90
        1
176
     1
 90
        4
176
     1
 62
     7
176
     1
 62
   257
176
     1
 90
        1
176
     1
 90
        1
176
     1
 40
1.0
176
     1
 90
        0
176
     1
 62
   257
176
     1
 40
1.0
176
     1
 90
        1
176
     1
 90
        6
176
     1
 90
        2
176
     1
 62
     7
176
     1
 90
        3
176
     1
 90
        0
176
     1
 90
        0
176
     1
290
     0
176
     1
 90
        1
176
     1
 40
0.0
176
     1
 90
        0
176
     1
290
     0
176
     1
290
     1
176
     1
290
     1
176
     1
290
     0
176
     1
290
     0
176
     1
290
     0
176
     1
290
     0
176
     1
290
     0
176
     1
290
     0
176
     1
 90
       50
176
     1
 40
0.0
176
     1
 40
1.0
176
     1
 90
        0
176
     1
 62
    18
420
        0
176
     1
 90
       50
176
     1
 90
        3
176
     1
 62
     5
420
      255
176
     1
290
     0
176
     1
 90
       50
176
     1
 90
       50
176
     1
 90
       50
176
     1
290
     0
176
     1
 90
       50
176
     1
 62
   256
176
     0
 40
1.0
176
     0
 90
        2
176
     1
  1
strokes_ogs.tif
176
     1
290
     0
176
     1
 40
1.0
176
     1
 40
1.0
176
     1
1001
ACAD
1000
AcDbSavedByObjectVersion
1070
     0
  0
VISUALSTYLE
  5
3C
102
{ACAD_REACTORS
330
29
102
}
330
29
100
AcDbVisualStyle
  2
X-Ray
 70
    25
177
     3
291
     0
 70
    58
 90
        2
176
     1
 90
        2
176
     1
 90
        1
176
     1
 90
        1
176
     1
 40
0.5
176
     1
 40
30.0
176
     1
 62
     7
420
 16777215
176
     1
 90
        1
176
     1
 90
        0
176
     1
 62
     7
176
     1
 62
   257
176
     1
 90
        1
176
     1
 90
        1
176
     1
 40
1.0
176
     1
 90
        8
176
     1
 62
     7
176
     1
 40
1.0
176
     1
 90
        1
176
     1
 90
        6
176
     1
 90
        2
176
     1
 62
     7
176
     1
 90
        3
176
     1
 90
        0
176
     1
 90
        0
176
     1
290
     0
176
     1
 90
       13
176
     1
 40
0.0
176
     1
 90
        0
176
     1
290
     0
176
     1
290
     1
176
     1
290
     1
176
     1
290
     0
176
     1
290
     0
176
     1
290
     0
176
     1
290
     0
176
     1
290
     0
176
     1
290
     0
176
     1
 90
       50
176
     1
 40
0.0
176
     1
 40
1.0
176
     1
 90
        0
176
     1
 62
    18
420
        0
176
     1
 90
       50
176
     1
 90
        3
176
     1
 62
     5
420
      255
176
     1
290
     0
176
     1
 90
       50
176
     1
 90
       50
176
     1
 90
       50
176
     1
290
     0
176
     1
 90
       50
176
     1
 62
   256
176
     0
 40
1.0
176
     0
 90
        2
176
     1
  1
strokes_ogs.tif
176
     1
290
     0
176
     1
 40
1.0
176
     1
 40
1.0
176
     1
1001
ACAD
1000
AcDbSavedByObjectVersion
1070
     0
  0
DICTIONARYVAR
  5
C6B
102
{ACAD_REACTORS
330
C66
102
}
330
C66
100
DictionaryVariables
280
     0
  1
0
  0
DICTIONARYVAR
  5
C6C
102
{ACAD_REACTORS
330
C66
102
}
330
C66
100
DictionaryVariables
280
     0
  1
1:1
  0
DICTIONARYVAR
  5
C68
102
{ACAD_REACTORS
330
C66
102
}
330
C66
100
DictionaryVariables
280
     0
  1
STANDARD
  0
DICTIONARYVAR
  5
C67
102
{ACAD_REACTORS
330
C66
102
}
330
C66
100
DictionaryVariables
280
     0
  1
STANDARD
  0
DICTIONARYVAR
  5
C69
102
{ACAD_REACTORS
330
C66
102
}
330
C66
100
DictionaryVariables
280
     0
  1
Imperial24
  0
DICTIONARYVAR
  5
C6A
102
{ACAD_REACTORS
330
C66
102
}
330
C66
100
DictionaryVariables
280
     0
  1
Imperial24
  0
DICTIONARY
  5
C72
330
6B
100
AcDbDictionary
280
     1
281
     1
  3
ACAD_XREC_ROUNDTRIP
360
C73
  0
DICTIONARY
  5
1A
330
19
100
AcDbDictionary
280
     1
281
     1
  3
BUMPTILE
360
1C
  3
DIFFUSETILE
360
1B
  3
OPACITYTILE
360
1F
  3
REFLECTIONTILE
360
1E
  3
REFRACTIONTILE
360
20
  3
SPECULARTILE
360
1D
  0
DICTIONARY
  5
12
330
11
100
AcDbDictionary
280
     1
281
     1
  3
BUMPTILE
360
14
  3
DIFFUSETILE
360
13
  3
OPACITYTILE
360
17
  3
REFLECTIONTILE
360
16
  3
REFRACTIONTILE
360
18
  3
SPECULARTILE
360
15
  0
DICTIONARY
  5
22
330
21
100
AcDbDictionary
280
     1
281
     1
  3
BUMPTILE
360
24
  3
DIFFUSETILE
360
23
  3
OPACITYTILE
360
27
  3
REFLECTIONTILE
360
26
  3
REFRACTIONTILE
360
28
  3
SPECULARTILE
360
25
  0
DICTIONARY
  5
C70
330
69
100
AcDbDictionary
280
     1
281
     1
  3
ACAD_XREC_ROUNDTRIP
360
C71
  0
DICTIONARY
  5
C6D
330
65
100
AcDbDictionary
280
     1
281
     1
  3
ACAD_ROUNDTRIP_2008_TABLESTYLE_CELLSTYLEMAP
360
C6E
  0
XRECORD
  5
C73
102
{ACAD_REACTORS
330
C72
102
}
330
C72
100
AcDbXrecord
280
     1
102
DISPLAYNAME
  1
Imperial24
102
FLAGS
 90
        0
  0
XRECORD
  5
1C
102
{ACAD_REACTORS
330
1A
102
}
330
1A
100
AcDbXrecord
280
     1
270
     1
271
     1
  0
XRECORD
  5
1B
102
{ACAD_REACTORS
330
1A
102
}
330
1A
100
AcDbXrecord
280
     1
270
     1
271
     1
  0
XRECORD
  5
1F
102
{ACAD_REACTORS
330
1A
102
}
330
1A
100
AcDbXrecord
280
     1
270
     1
271
     1
  0
XRECORD
  5
1E
102
{ACAD_REACTORS
330
1A
102
}
330
1A
100
AcDbXrecord
280
     1
270
     1
271
     1
  0
XRECORD
  5
20
102
{ACAD_REACTORS
330
1A
102
}
330
1A
100
AcDbXrecord
280
     1
270
     1
271
     1
  0
XRECORD
  5
1D
102
{ACAD_REACTORS
330
1A
102
}
330
1A
100
AcDbXrecord
280
     1
270
     1
271
     1
  0
XRECORD
  5
14
102
{ACAD_REACTORS
330
12
102
}
330
12
100
AcDbXrecord
280
     1
270
     1
271
     1
  0
XRECORD
  5
13
102
{ACAD_REACTORS
330
12
102
}
330
12
100
AcDbXrecord
280
     1
270
     1
271
     1
  0
XRECORD
  5
17
102
{ACAD_REACTORS
330
12
102
}
330
12
100
AcDbXrecord
280
     1
270
     1
271
     1
  0
XRECORD
  5
16
102
{ACAD_REACTORS
330
12
102
}
330
12
100
AcDbXrecord
280
     1
270
     1
271
     1
  0
XRECORD
  5
18
102
{ACAD_REACTORS
330
12
102
}
330
12
100
AcDbXrecord
280
     1
270
     1
271
     1
  0
XRECORD
  5
15
102
{ACAD_REACTORS
330
12
102
}
330
12
100
AcDbXrecord
280
     1
270
     1
271
     1
  0
XRECORD
  5
24
102
{ACAD_REACTORS
330
22
102
}
330
22
100
AcDbXrecord
280
     1
270
     1
271
     1
  0
XRECORD
  5
23
102
{ACAD_REACTORS
330
22
102
}
330
22
100
AcDbXrecord
280
     1
270
     1
271
     1
  0
XRECORD
  5
27
102
{ACAD_REACTORS
330
22
102
}
330
22
100
AcDbXrecord
280
     1
270
     1
271
     1
  0
XRECORD
  5
26
102
{ACAD_REACTORS
330
22
102
}
330
22
100
AcDbXrecord
280
     1
270
     1
271
     1
  0
XRECORD
  5
28
102
{ACAD_REACTORS
330
22
102
}
330
22
100
AcDbXrecord
280
     1
270
     1
271
     1
  0
XRECORD
  5
25
102
{ACAD_REACTORS
330
22
102
}
330
22
100
AcDbXrecord
280
     1
270
     1
271
     1
  0
XRECORD
  5
C71
102
{ACAD_REACTORS
330
C70
102
}
330
C70
100
AcDbXrecord
280
     1
102
DISPLAYNAME
  1
Imperial24
102
FLAGS
 90
        0
  0
CELLSTYLEMAP
  5
C6E
102
{ACAD_REACTORS
330
C6D
102
}
330
C6D
100
AcDbCellStyleMap
 90
        3
300
CELLSTYLE
  1
TABLEFORMAT_BEGIN
 90
        5
170
     1
 91
        0
 92
    32768
 62
   257
 93
        1
300
CONTENTFORMAT
  1
CONTENTFORMAT_BEGIN
 90
        0
 91
        0
 92
      512
 93
        0
300

 40
0.0
140
1.0
 94
        5
 62
     0
340
55
144
0.25
309
CONTENTFORMAT_END
171
     1
301
MARGIN
  1
CELLMARGIN_BEGIN
 40
1.5
 40
1.5
 40
1.5
 40
1.5
 40
0.18
 40
0.18
309
CELLMARGIN_END
 94
        0
309
TABLEFORMAT_END
  1
CELLSTYLE_BEGIN
 90
        1
 91
        1
300
_TITLE
309
CELLSTYLE_END
300
CELLSTYLE
  1
TABLEFORMAT_BEGIN
 90
        5
170
     1
 91
        0
 92
        0
 62
   257
 93
        1
300
CONTENTFORMAT
  1
CONTENTFORMAT_BEGIN
 90
        0
 91
        0
 92
      512
 93
        0
300

 40
0.0
140
1.0
 94
        5
 62
     0
340
55
144
0.18
309
CONTENTFORMAT_END
171
     1
301
MARGIN
  1
CELLMARGIN_BEGIN
 40
1.5
 40
1.5
 40
1.5
 40
1.5
 40
0.18
 40
0.18
309
CELLMARGIN_END
 94
        0
309
TABLEFORMAT_END
  1
CELLSTYLE_BEGIN
 90
        2
 91
        1
300
_HEADER
309
CELLSTYLE_END
300
CELLSTYLE
  1
TABLEFORMAT_BEGIN
 90
        5
170
     1
 91
        0
 92
        0
 62
   257
 93
        1
300
CONTENTFORMAT
  1
CONTENTFORMAT_BEGIN
 90
        0
 91
        0
 92
      512
 93
        0
300

 40
0.0
140
1.0
 94
        2
 62
     0
340
55
144
0.18
309
CONTENTFORMAT_END
171
     1
301
MARGIN
  1
CELLMARGIN_BEGIN
 40
1.5
 40
1.5
 40
1.5
 40
1.5
 40
0.18
 40
0.18
309
CELLMARGIN_END
 94
        0
309
TABLEFORMAT_END
  1
CELLSTYLE_BEGIN
 90
        3
 91
        2
300
_DATA
309
CELLSTYLE_END
  0
ENDSEC
  0
EOF
